hauljoin,vessel,cruise,haul,stratum,area_id,year,latitude,longitude,start_time,species_code,common_name,specimenid,length_mm,weight_g,age,sex,stationid,cpue_kg_km2,number_fish,cpue_no_km2,effot_km2
-7162,162,201002,9,81,81,2010,63.32892,-172.6906,8/6/2010 13:33,21720,Pacific cod,1,410,846,3,2,NA,NA,NA,NA,NA
-7162,162,201002,9,81,81,2010,63.32892,-172.6906,8/6/2010 13:33,21720,Pacific cod,2,690,4108,7,1,NA,NA,NA,NA,NA
-7162,162,201002,9,81,81,2010,63.32892,-172.6906,8/6/2010 13:33,21720,Pacific cod,3,720,5092,7,1,NA,NA,NA,NA,NA
-7162,162,201002,9,81,81,2010,63.32892,-172.6906,8/6/2010 13:33,21720,Pacific cod,4,670,3620,8,1,NA,NA,NA,NA,NA
-7163,162,201002,10,81,81,2010,63.004315,-172.607495,8/6/2010 16:11,21720,Pacific cod,5,710,3642,8,1,NA,NA,NA,NA,NA
-7169,162,201002,16,81,81,2010,61.337255,-172.904275,8/7/2010 18:17,21720,Pacific cod,6,250,136,1,2,NA,NA,NA,NA,NA
-7182,89,201002,11,70,70,2010,62.004265,-169.548565,8/1/2010 12:12,21720,Pacific cod,1,290,210,1,2,NA,NA,NA,NA,NA
-7185,89,201002,14,70,70,2010,60.999185,-169.423905,8/2/2010 7:22,21720,Pacific cod,2,690,3104,5,1,NA,NA,NA,NA,NA
-7185,89,201002,14,70,70,2010,60.999185,-169.423905,8/2/2010 7:22,21720,Pacific cod,3,630,2568,4,1,NA,NA,NA,NA,NA
-7185,89,201002,14,70,70,2010,60.999185,-169.423905,8/2/2010 7:22,21720,Pacific cod,4,810,5962,8,2,NA,NA,NA,NA,NA
-7196,89,201002,25,70,70,2010,62.00406,-170.972065,8/4/2010 10:13,21720,Pacific cod,6,370,518,2,2,NA,NA,NA,NA,NA
-7201,89,201002,30,70,70,2010,62.66685,-171.8147,8/5/2010 10:02,21720,Pacific cod,7,220,94,1,2,NA,NA,NA,NA,NA
-7201,89,201002,30,70,70,2010,62.66685,-171.8147,8/5/2010 10:02,21720,Pacific cod,8,280,188,1,2,NA,NA,NA,NA,NA
-7203,89,201002,32,70,70,2010,63.313375,-171.977665,8/5/2010 14:47,21720,Pacific cod,9,890,8900,8,2,NA,NA,NA,NA,NA
-7203,89,201002,32,70,70,2010,63.313375,-171.977665,8/5/2010 14:47,21720,Pacific cod,10,240,122,1,2,NA,NA,NA,NA,NA
-7208,89,201002,37,70,70,2010,62.66625,-171.08509,8/6/2010 15:46,21720,Pacific cod,11,210,78,1,2,NA,NA,NA,NA,NA
-7211,89,201002,40,70,70,2010,61.99963,-170.2566,8/7/2010 10:03,21720,Pacific cod,12,300,242,1,1,NA,NA,NA,NA,NA
-7074,94,201002,2,70,70,2010,60.667965,-167.33487,7/24/2010 7:09,21720,Pacific cod,2,150,24,1,1,NA,NA,NA,NA,NA
-7074,94,201002,2,70,70,2010,60.667965,-167.33487,7/24/2010 7:09,21720,Pacific cod,3,250,140,2,2,NA,NA,NA,NA,NA
-7075,94,201002,3,70,70,2010,61.00118,-167.345435,7/24/2010 10:00,21720,Pacific cod,4,170,40,1,2,NA,NA,NA,NA,NA
-7075,94,201002,3,70,70,2010,61.00118,-167.345435,7/24/2010 10:00,21720,Pacific cod,5,140,26,1,2,NA,NA,NA,NA,NA
-7076,94,201002,4,70,70,2010,61.006325,-168.035395,7/24/2010 12:56,21720,Pacific cod,6,630,2944,5,2,NA,NA,NA,NA,NA
-7076,94,201002,4,70,70,2010,61.006325,-168.035395,7/24/2010 12:56,21720,Pacific cod,7,610,2468,5,2,NA,NA,NA,NA,NA
-7076,94,201002,4,70,70,2010,61.006325,-168.035395,7/24/2010 12:56,21720,Pacific cod,8,800,6270,6,2,NA,NA,NA,NA,NA
-7076,94,201002,4,70,70,2010,61.006325,-168.035395,7/24/2010 12:56,21720,Pacific cod,9,930,8905,13,2,NA,NA,NA,NA,NA
-7076,94,201002,4,70,70,2010,61.006325,-168.035395,7/24/2010 12:56,21720,Pacific cod,10,300,262,2,2,NA,NA,NA,NA,NA
-7076,94,201002,4,70,70,2010,61.006325,-168.035395,7/24/2010 12:56,21720,Pacific cod,11,130,16,1,3,NA,NA,NA,NA,NA
-7076,94,201002,4,70,70,2010,61.006325,-168.035395,7/24/2010 12:56,21720,Pacific cod,12,640,2710,7,1,NA,NA,NA,NA,NA
-7076,94,201002,4,70,70,2010,61.006325,-168.035395,7/24/2010 12:56,21720,Pacific cod,13,660,3466,7,1,NA,NA,NA,NA,NA
-7076,94,201002,4,70,70,2010,61.006325,-168.035395,7/24/2010 12:56,21720,Pacific cod,14,240,122,2,1,NA,NA,NA,NA,NA
-7076,94,201002,4,70,70,2010,61.006325,-168.035395,7/24/2010 12:56,21720,Pacific cod,15,790,5950,9,1,NA,NA,NA,NA,NA
-7076,94,201002,4,70,70,2010,61.006325,-168.035395,7/24/2010 12:56,21720,Pacific cod,16,180,40,1,1,NA,NA,NA,NA,NA
-7077,94,201002,5,70,70,2010,61.33755,-168.066675,7/24/2010 18:03,21720,Pacific cod,17,280,194,2,2,NA,NA,NA,NA,NA
-7077,94,201002,5,70,70,2010,61.33755,-168.066675,7/24/2010 18:03,21720,Pacific cod,18,260,178,2,2,NA,NA,NA,NA,NA
-7077,94,201002,5,70,70,2010,61.33755,-168.066675,7/24/2010 18:03,21720,Pacific cod,19,250,142,2,2,NA,NA,NA,NA,NA
-7077,94,201002,5,70,70,2010,61.33755,-168.066675,7/24/2010 18:03,21720,Pacific cod,20,350,392,2,1,NA,NA,NA,NA,NA
-7077,94,201002,5,70,70,2010,61.33755,-168.066675,7/24/2010 18:03,21720,Pacific cod,21,330,344,2,1,NA,NA,NA,NA,NA
-7077,94,201002,5,70,70,2010,61.33755,-168.066675,7/24/2010 18:03,21720,Pacific cod,22,320,318,2,1,NA,NA,NA,NA,NA
-7077,94,201002,5,70,70,2010,61.33755,-168.066675,7/24/2010 18:03,21720,Pacific cod,23,310,274,2,1,NA,NA,NA,NA,NA
-7077,94,201002,5,70,70,2010,61.33755,-168.066675,7/24/2010 18:03,21720,Pacific cod,24,290,242,2,1,NA,NA,NA,NA,NA
-7077,94,201002,5,70,70,2010,61.33755,-168.066675,7/24/2010 18:03,21720,Pacific cod,25,270,184,2,1,NA,NA,NA,NA,NA
-7077,94,201002,5,70,70,2010,61.33755,-168.066675,7/24/2010 18:03,21720,Pacific cod,26,280,200,2,1,NA,NA,NA,NA,NA
-7078,94,201002,6,70,70,2010,61.33192,-167.369835,7/25/2010 7:08,21720,Pacific cod,27,100,8,1,3,NA,NA,NA,NA,NA
-7078,94,201002,6,70,70,2010,61.33192,-167.369835,7/25/2010 7:08,21720,Pacific cod,28,140,22,1,2,NA,NA,NA,NA,NA
-7078,94,201002,6,70,70,2010,61.33192,-167.369835,7/25/2010 7:08,21720,Pacific cod,29,170,36,1,2,NA,NA,NA,NA,NA
-7078,94,201002,6,70,70,2010,61.33192,-167.369835,7/25/2010 7:08,21720,Pacific cod,30,830,7485,7,2,NA,NA,NA,NA,NA
-7079,94,201002,7,70,70,2010,61.664905,-167.393175,7/25/2010 9:44,21720,Pacific cod,31,750,4652,7,2,NA,NA,NA,NA,NA
-7079,94,201002,7,70,70,2010,61.664905,-167.393175,7/25/2010 9:44,21720,Pacific cod,32,220,90,2,2,NA,NA,NA,NA,NA
-7079,94,201002,7,70,70,2010,61.664905,-167.393175,7/25/2010 9:44,21720,Pacific cod,33,900,9485,9,2,NA,NA,NA,NA,NA
-7079,94,201002,7,70,70,2010,61.664905,-167.393175,7/25/2010 9:44,21720,Pacific cod,34,640,2638,6,2,NA,NA,NA,NA,NA
-7079,94,201002,7,70,70,2010,61.664905,-167.393175,7/25/2010 9:44,21720,Pacific cod,35,150,24,1,2,NA,NA,NA,NA,NA
-7079,94,201002,7,70,70,2010,61.664905,-167.393175,7/25/2010 9:44,21720,Pacific cod,36,160,34,1,2,NA,NA,NA,NA,NA
-7079,94,201002,7,70,70,2010,61.664905,-167.393175,7/25/2010 9:44,21720,Pacific cod,37,170,40,1,2,NA,NA,NA,NA,NA
-7079,94,201002,7,70,70,2010,61.664905,-167.393175,7/25/2010 9:44,21720,Pacific cod,38,140,20,1,2,NA,NA,NA,NA,NA
-7079,94,201002,7,70,70,2010,61.664905,-167.393175,7/25/2010 9:44,21720,Pacific cod,39,110,10,1,2,NA,NA,NA,NA,NA
-7079,94,201002,7,70,70,2010,61.664905,-167.393175,7/25/2010 9:44,21720,Pacific cod,40,710,3708,7,1,NA,NA,NA,NA,NA
-7079,94,201002,7,70,70,2010,61.664905,-167.393175,7/25/2010 9:44,21720,Pacific cod,41,360,468,3,1,NA,NA,NA,NA,NA
-7079,94,201002,7,70,70,2010,61.664905,-167.393175,7/25/2010 9:44,21720,Pacific cod,42,830,7040,9,1,NA,NA,NA,NA,NA
-7079,94,201002,7,70,70,2010,61.664905,-167.393175,7/25/2010 9:44,21720,Pacific cod,43,740,4358,8,1,NA,NA,NA,NA,NA
-7079,94,201002,7,70,70,2010,61.664905,-167.393175,7/25/2010 9:44,21720,Pacific cod,44,210,80,2,1,NA,NA,NA,NA,NA
-7079,94,201002,7,70,70,2010,61.664905,-167.393175,7/25/2010 9:44,21720,Pacific cod,45,150,26,1,1,NA,NA,NA,NA,NA
-7079,94,201002,7,70,70,2010,61.664905,-167.393175,7/25/2010 9:44,21720,Pacific cod,46,110,10,1,1,NA,NA,NA,NA,NA
-7079,94,201002,7,70,70,2010,61.664905,-167.393175,7/25/2010 9:44,21720,Pacific cod,47,120,16,1,1,NA,NA,NA,NA,NA
-7080,94,201002,8,70,70,2010,61.66229,-168.095275,7/25/2010 12:42,21720,Pacific cod,48,370,516,3,2,NA,NA,NA,NA,NA
-7080,94,201002,8,70,70,2010,61.66229,-168.095275,7/25/2010 12:42,21720,Pacific cod,49,320,322,2,2,NA,NA,NA,NA,NA
-7081,94,201002,9,70,70,2010,61.998035,-168.12637,7/25/2010 16:44,21720,Pacific cod,50,300,236,2,2,NA,NA,NA,NA,NA
-7082,94,201002,10,70,70,2010,61.99605,-167.414955,7/26/2010 7:05,21720,Pacific cod,51,400,608,3,2,NA,NA,NA,NA,NA
-7082,94,201002,10,70,70,2010,61.99605,-167.414955,7/26/2010 7:05,21720,Pacific cod,52,300,282,2,1,NA,NA,NA,NA,NA
-7083,94,201002,11,70,70,2010,62.335445,-167.43715,7/26/2010 9:48,21720,Pacific cod,53,110,10,1,3,NA,NA,NA,NA,NA
-7084,94,201002,12,70,70,2010,62.331835,-168.15304,7/26/2010 12:37,21720,Pacific cod,54,340,330,2,1,NA,NA,NA,NA,NA
-7084,94,201002,12,70,70,2010,62.331835,-168.15304,7/26/2010 12:37,21720,Pacific cod,55,730,4434,10,1,NA,NA,NA,NA,NA
-7085,94,201002,13,70,70,2010,62.662135,-168.185635,7/26/2010 16:01,21720,Pacific cod,56,620,2578,6,1,NA,NA,NA,NA,NA
-7085,94,201002,13,70,70,2010,62.662135,-168.185635,7/26/2010 16:01,21720,Pacific cod,57,740,3836,7,1,NA,NA,NA,NA,NA
-7093,94,201002,21,71,71,2010,63.66929,-169.015235,7/28/2010 13:59,21720,Pacific cod,58,770,5900,8,2,NA,NA,NA,NA,NA
-7093,94,201002,21,71,71,2010,63.66929,-169.015235,7/28/2010 13:59,21720,Pacific cod,59,210,74,2,2,NA,NA,NA,NA,NA
-7093,94,201002,21,71,71,2010,63.66929,-169.015235,7/28/2010 13:59,21720,Pacific cod,60,760,6170,8,1,NA,NA,NA,NA,NA
-7095,94,201002,23,71,71,2010,63.991025,-169.79025,7/28/2010 19:15,21720,Pacific cod,61,210,100,2,2,NA,NA,NA,NA,NA
-7096,94,201002,24,71,71,2010,63.995935,-170.558785,7/29/2010 7:21,21720,Pacific cod,62,440,930,3,1,NA,NA,NA,NA,NA
-7097,94,201002,25,71,71,2010,64.00354,-171.32216,7/29/2010 10:15,21720,Pacific cod,63,100,8,1,3,NA,NA,NA,NA,NA
-7098,94,201002,26,71,71,2010,63.998615,-172.05644,7/29/2010 13:10,21720,Pacific cod,64,720,4056,7,1,NA,NA,NA,NA,NA
-7098,94,201002,26,71,71,2010,63.998615,-172.05644,7/29/2010 13:10,21720,Pacific cod,65,740,4906,9,1,NA,NA,NA,NA,NA
-7098,94,201002,26,71,71,2010,63.998615,-172.05644,7/29/2010 13:10,21720,Pacific cod,66,260,176,2,1,NA,NA,NA,NA,NA
-7098,94,201002,26,71,71,2010,63.998615,-172.05644,7/29/2010 13:10,21720,Pacific cod,67,750,5432,6,1,NA,NA,NA,NA,NA
-7098,94,201002,26,71,71,2010,63.998615,-172.05644,7/29/2010 13:10,21720,Pacific cod,68,810,6680,8,1,NA,NA,NA,NA,NA
-7098,94,201002,26,71,71,2010,63.998615,-172.05644,7/29/2010 13:10,21720,Pacific cod,69,730,4354,6,1,NA,NA,NA,NA,NA
-7098,94,201002,26,71,71,2010,63.998615,-172.05644,7/29/2010 13:10,21720,Pacific cod,70,780,5594,9,1,NA,NA,NA,NA,NA
-7098,94,201002,26,71,71,2010,63.998615,-172.05644,7/29/2010 13:10,21720,Pacific cod,71,820,6205,11,1,NA,NA,NA,NA,NA
-7098,94,201002,26,71,71,2010,63.998615,-172.05644,7/29/2010 13:10,21720,Pacific cod,72,220,102,2,1,NA,NA,NA,NA,NA
-7098,94,201002,26,71,71,2010,63.998615,-172.05644,7/29/2010 13:10,21720,Pacific cod,73,240,120,2,1,NA,NA,NA,NA,NA
-7098,94,201002,26,71,71,2010,63.998615,-172.05644,7/29/2010 13:10,21720,Pacific cod,77,250,148,2,2,NA,NA,NA,NA,NA
-7098,94,201002,26,71,71,2010,63.998615,-172.05644,7/29/2010 13:10,21720,Pacific cod,74,740,4586,8,2,NA,NA,NA,NA,NA
-7098,94,201002,26,71,71,2010,63.998615,-172.05644,7/29/2010 13:10,21720,Pacific cod,75,670,3554,6,2,NA,NA,NA,NA,NA
-7098,94,201002,26,71,71,2010,63.998615,-172.05644,7/29/2010 13:10,21720,Pacific cod,76,630,3028,5,2,NA,NA,NA,NA,NA
-7098,94,201002,26,71,71,2010,63.998615,-172.05644,7/29/2010 13:10,21720,Pacific cod,78,780,6320,9,2,NA,NA,NA,NA,NA
-7098,94,201002,26,71,71,2010,63.998615,-172.05644,7/29/2010 13:10,21720,Pacific cod,79,790,6650,8,2,NA,NA,NA,NA,NA
-7102,94,201002,30,71,71,2010,64.32886,-170.617225,7/30/2010 10:12,21720,Pacific cod,82,230,118,2,2,NA,NA,NA,NA,NA
-7105,94,201002,33,71,71,2010,64.00738,-169.05312,7/30/2010 18:39,21720,Pacific cod,83,750,5092,8,1,NA,NA,NA,NA,NA
-7105,94,201002,33,71,71,2010,64.00738,-169.05312,7/30/2010 18:39,21720,Pacific cod,84,860,7820,8,2,NA,NA,NA,NA,NA
-7106,94,201002,34,71,71,2010,63.990365,-168.301615,7/31/2010 7:11,21720,Pacific cod,88,130,20,1,2,NA,NA,NA,NA,NA
-7106,94,201002,34,71,71,2010,63.990365,-168.301615,7/31/2010 7:11,21720,Pacific cod,85,800,6765,7,2,NA,NA,NA,NA,NA
-7106,94,201002,34,71,71,2010,63.990365,-168.301615,7/31/2010 7:11,21720,Pacific cod,86,210,98,2,2,NA,NA,NA,NA,NA
-7106,94,201002,34,71,71,2010,63.990365,-168.301615,7/31/2010 7:11,21720,Pacific cod,87,790,4900,8,2,NA,NA,NA,NA,NA
-7106,94,201002,34,71,71,2010,63.990365,-168.301615,7/31/2010 7:11,21720,Pacific cod,89,800,6080,9,1,NA,NA,NA,NA,NA
-7106,94,201002,34,71,71,2010,63.990365,-168.301615,7/31/2010 7:11,21720,Pacific cod,90,130,16,1,1,NA,NA,NA,NA,NA
-7106,94,201002,34,71,71,2010,63.990365,-168.301615,7/31/2010 7:11,21720,Pacific cod,91,100,8,1,1,NA,NA,NA,NA,NA
-7106,94,201002,34,71,71,2010,63.990365,-168.301615,7/31/2010 7:11,21720,Pacific cod,92,120,14,1,1,NA,NA,NA,NA,NA
-7107,94,201002,35,71,71,2010,64.33116,-168.334645,7/31/2010 12:01,21720,Pacific cod,93,850,7845,9,2,NA,NA,NA,NA,NA
-7107,94,201002,35,71,71,2010,64.33116,-168.334645,7/31/2010 12:01,21720,Pacific cod,94,850,8100,NA,1,NA,NA,NA,NA,NA
-7108,94,201002,36,71,71,2010,64.657525,-168.35176,7/31/2010 16:11,21720,Pacific cod,95,730,3608,9,2,NA,NA,NA,NA,NA
-7108,94,201002,36,71,71,2010,64.657525,-168.35176,7/31/2010 16:11,21720,Pacific cod,96,920,10305,10,2,NA,NA,NA,NA,NA
-7108,94,201002,36,71,71,2010,64.657525,-168.35176,7/31/2010 16:11,21720,Pacific cod,97,840,7415,8,2,NA,NA,NA,NA,NA
-7109,94,201002,37,71,71,2010,64.625785,-170.604135,8/1/2010 7:12,21720,Pacific cod,98,110,8,1,3,NA,NA,NA,NA,NA
-7109,94,201002,37,71,71,2010,64.625785,-170.604135,8/1/2010 7:12,21720,Pacific cod,99,770,5394,8,1,NA,NA,NA,NA,NA
-7109,94,201002,37,71,71,2010,64.625785,-170.604135,8/1/2010 7:12,21720,Pacific cod,100,720,4920,11,1,NA,NA,NA,NA,NA
-7109,94,201002,37,71,71,2010,64.625785,-170.604135,8/1/2010 7:12,21720,Pacific cod,101,830,7850,8,2,NA,NA,NA,NA,NA
-7109,94,201002,37,71,71,2010,64.625785,-170.604135,8/1/2010 7:12,21720,Pacific cod,102,730,4864,6,2,NA,NA,NA,NA,NA
-7109,94,201002,37,71,71,2010,64.625785,-170.604135,8/1/2010 7:12,21720,Pacific cod,103,840,7990,8,2,NA,NA,NA,NA,NA
-7109,94,201002,37,71,71,2010,64.625785,-170.604135,8/1/2010 7:12,21720,Pacific cod,104,660,3742,6,2,NA,NA,NA,NA,NA
-7109,94,201002,37,71,71,2010,64.625785,-170.604135,8/1/2010 7:12,21720,Pacific cod,105,510,1514,4,2,NA,NA,NA,NA,NA
-7109,94,201002,37,71,71,2010,64.625785,-170.604135,8/1/2010 7:12,21720,Pacific cod,106,690,4520,7,2,NA,NA,NA,NA,NA
-7110,94,201002,38,71,71,2010,64.667675,-169.89014,8/1/2010 9:53,21720,Pacific cod,107,800,6780,8,2,NA,NA,NA,NA,NA
-7110,94,201002,38,71,71,2010,64.667675,-169.89014,8/1/2010 9:53,21720,Pacific cod,108,870,8135,9,2,NA,NA,NA,NA,NA
-7110,94,201002,38,71,71,2010,64.667675,-169.89014,8/1/2010 9:53,21720,Pacific cod,109,780,5478,8,2,NA,NA,NA,NA,NA
-7110,94,201002,38,71,71,2010,64.667675,-169.89014,8/1/2010 9:53,21720,Pacific cod,110,790,6280,8,2,NA,NA,NA,NA,NA
-7110,94,201002,38,71,71,2010,64.667675,-169.89014,8/1/2010 9:53,21720,Pacific cod,111,810,6870,10,2,NA,NA,NA,NA,NA
-7110,94,201002,38,71,71,2010,64.667675,-169.89014,8/1/2010 9:53,21720,Pacific cod,112,860,7810,9,2,NA,NA,NA,NA,NA
-7110,94,201002,38,71,71,2010,64.667675,-169.89014,8/1/2010 9:53,21720,Pacific cod,113,630,2552,8,2,NA,NA,NA,NA,NA
-7110,94,201002,38,71,71,2010,64.667675,-169.89014,8/1/2010 9:53,21720,Pacific cod,114,710,4832,6,2,NA,NA,NA,NA,NA
-7110,94,201002,38,71,71,2010,64.667675,-169.89014,8/1/2010 9:53,21720,Pacific cod,115,770,6240,7,2,NA,NA,NA,NA,NA
-7110,94,201002,38,71,71,2010,64.667675,-169.89014,8/1/2010 9:53,21720,Pacific cod,116,750,5548,8,2,NA,NA,NA,NA,NA
-7110,94,201002,38,71,71,2010,64.667675,-169.89014,8/1/2010 9:53,21720,Pacific cod,117,790,6035,8,1,NA,NA,NA,NA,NA
-7110,94,201002,38,71,71,2010,64.667675,-169.89014,8/1/2010 9:53,21720,Pacific cod,118,840,7715,9,1,NA,NA,NA,NA,NA
-7110,94,201002,38,71,71,2010,64.667675,-169.89014,8/1/2010 9:53,21720,Pacific cod,119,700,4380,7,1,NA,NA,NA,NA,NA
-7111,94,201002,39,71,71,2010,64.651345,-169.16293,8/1/2010 12:46,21720,Pacific cod,120,830,7330,9,1,NA,NA,NA,NA,NA
-7111,94,201002,39,71,71,2010,64.651345,-169.16293,8/1/2010 12:46,21720,Pacific cod,121,710,4538,8,1,NA,NA,NA,NA,NA
-7111,94,201002,39,71,71,2010,64.651345,-169.16293,8/1/2010 12:46,21720,Pacific cod,122,780,6405,8,1,NA,NA,NA,NA,NA
-7111,94,201002,39,71,71,2010,64.651345,-169.16293,8/1/2010 12:46,21720,Pacific cod,123,740,5368,9,1,NA,NA,NA,NA,NA
-7111,94,201002,39,71,71,2010,64.651345,-169.16293,8/1/2010 12:46,21720,Pacific cod,124,840,7925,9,1,NA,NA,NA,NA,NA
-7111,94,201002,39,71,71,2010,64.651345,-169.16293,8/1/2010 12:46,21720,Pacific cod,125,820,7715,7,2,NA,NA,NA,NA,NA
-7111,94,201002,39,71,71,2010,64.651345,-169.16293,8/1/2010 12:46,21720,Pacific cod,126,870,8165,8,2,NA,NA,NA,NA,NA
-7111,94,201002,39,71,71,2010,64.651345,-169.16293,8/1/2010 12:46,21720,Pacific cod,127,780,5275,8,2,NA,NA,NA,NA,NA
-7112,94,201002,40,71,71,2010,65.01555,-169.125475,8/1/2010 15:40,21720,Pacific cod,128,880,9340,9,2,NA,NA,NA,NA,NA
-7112,94,201002,40,71,71,2010,65.01555,-169.125475,8/1/2010 15:40,21720,Pacific cod,129,790,5726,8,2,NA,NA,NA,NA,NA
-7112,94,201002,40,71,71,2010,65.01555,-169.125475,8/1/2010 15:40,21720,Pacific cod,130,810,7555,8,2,NA,NA,NA,NA,NA
-7112,94,201002,40,71,71,2010,65.01555,-169.125475,8/1/2010 15:40,21720,Pacific cod,131,770,6750,8,2,NA,NA,NA,NA,NA
-7112,94,201002,40,71,71,2010,65.01555,-169.125475,8/1/2010 15:40,21720,Pacific cod,132,760,5054,8,2,NA,NA,NA,NA,NA
-7112,94,201002,40,71,71,2010,65.01555,-169.125475,8/1/2010 15:40,21720,Pacific cod,136,690,3864,6,2,NA,NA,NA,NA,NA
-7112,94,201002,40,71,71,2010,65.01555,-169.125475,8/1/2010 15:40,21720,Pacific cod,133,780,6790,8,2,NA,NA,NA,NA,NA
-7112,94,201002,40,71,71,2010,65.01555,-169.125475,8/1/2010 15:40,21720,Pacific cod,134,820,6880,8,2,NA,NA,NA,NA,NA
-7112,94,201002,40,71,71,2010,65.01555,-169.125475,8/1/2010 15:40,21720,Pacific cod,135,860,7360,8,2,NA,NA,NA,NA,NA
-7112,94,201002,40,71,71,2010,65.01555,-169.125475,8/1/2010 15:40,21720,Pacific cod,137,830,7440,9,2,NA,NA,NA,NA,NA
-7112,94,201002,40,71,71,2010,65.01555,-169.125475,8/1/2010 15:40,21720,Pacific cod,138,920,9575,10,1,NA,NA,NA,NA,NA
-7112,94,201002,40,71,71,2010,65.01555,-169.125475,8/1/2010 15:40,21720,Pacific cod,139,770,5444,6,1,NA,NA,NA,NA,NA
-7112,94,201002,40,71,71,2010,65.01555,-169.125475,8/1/2010 15:40,21720,Pacific cod,140,830,7230,8,1,NA,NA,NA,NA,NA
-7113,94,201002,41,71,71,2010,65.006985,-169.91485,8/1/2010 18:26,21720,Pacific cod,141,850,8065,7,2,NA,NA,NA,NA,NA
-7113,94,201002,41,71,71,2010,65.006985,-169.91485,8/1/2010 18:26,21720,Pacific cod,142,790,5974,10,1,NA,NA,NA,NA,NA
-7115,94,201002,43,71,71,2010,65.33371,-168.424645,8/2/2010 10:10,21720,Pacific cod,143,260,196,2,2,NA,NA,NA,NA,NA
-7115,94,201002,43,71,71,2010,65.33371,-168.424645,8/2/2010 10:10,21720,Pacific cod,144,820,7785,8,1,NA,NA,NA,NA,NA
-7115,94,201002,43,71,71,2010,65.33371,-168.424645,8/2/2010 10:10,21720,Pacific cod,145,810,5926,7,1,NA,NA,NA,NA,NA
-7115,94,201002,43,71,71,2010,65.33371,-168.424645,8/2/2010 10:10,21720,Pacific cod,146,850,7470,8,1,NA,NA,NA,NA,NA
-7118,94,201002,46,71,71,2010,64.998185,-168.34586,8/3/2010 7:08,21720,Pacific cod,147,760,5276,8,1,NA,NA,NA,NA,NA
-7118,94,201002,46,71,71,2010,64.998185,-168.34586,8/3/2010 7:08,21720,Pacific cod,148,720,4408,8,1,NA,NA,NA,NA,NA
-7118,94,201002,46,71,71,2010,64.998185,-168.34586,8/3/2010 7:08,21720,Pacific cod,149,770,5784,8,1,NA,NA,NA,NA,NA
-7118,94,201002,46,71,71,2010,64.998185,-168.34586,8/3/2010 7:08,21720,Pacific cod,150,820,6260,8,2,NA,NA,NA,NA,NA
-7118,94,201002,46,71,71,2010,64.998185,-168.34586,8/3/2010 7:08,21720,Pacific cod,151,750,4876,6,2,NA,NA,NA,NA,NA
-7118,94,201002,46,71,71,2010,64.998185,-168.34586,8/3/2010 7:08,21720,Pacific cod,152,680,3706,6,2,NA,NA,NA,NA,NA
-7118,94,201002,46,71,71,2010,64.998185,-168.34586,8/3/2010 7:08,21720,Pacific cod,153,890,8835,8,2,NA,NA,NA,NA,NA
-7118,94,201002,46,71,71,2010,64.998185,-168.34586,8/3/2010 7:08,21720,Pacific cod,154,910,11170,8,2,NA,NA,NA,NA,NA
-7122,94,201002,50,71,71,2010,64.33415,-167.57534,8/4/2010 7:18,21720,Pacific cod,155,860,6490,12,1,NA,NA,NA,NA,NA
-7127,94,201002,55,70,70,2010,62.998055,-166.755215,8/5/2010 7:08,21720,Pacific cod,156,660,3566,5,2,NA,NA,NA,NA,NA
-7127,94,201002,55,70,70,2010,62.998055,-166.755215,8/5/2010 7:08,21720,Pacific cod,157,830,6790,7,2,NA,NA,NA,NA,NA
-7127,94,201002,55,70,70,2010,62.998055,-166.755215,8/5/2010 7:08,21720,Pacific cod,158,300,298,2,2,NA,NA,NA,NA,NA
-7127,94,201002,55,70,70,2010,62.998055,-166.755215,8/5/2010 7:08,21720,Pacific cod,159,800,5120,6,2,NA,NA,NA,NA,NA
-7128,94,201002,56,70,70,2010,62.987495,-166.026055,8/5/2010 10:06,21720,Pacific cod,160,280,214,2,1,NA,NA,NA,NA,NA
-7130,94,201002,58,71,71,2010,63.34069,-165.29594,8/5/2010 15:44,21720,Pacific cod,161,770,4360,7,2,NA,NA,NA,NA,NA
-7152,94,201002,81,70,70,2010,62.334605,-166.71941,8/10/2010 11:28,21720,Pacific cod,162,140,24,1,1,NA,NA,NA,NA,NA
-17071,94,201702,6,81,81,2017,61.99573,-172.364775,8/2/2017 10:04,21720,Pacific cod,1,550,1586,6,1,NA,NA,NA,NA,NA
-17071,94,201702,6,81,81,2017,61.99573,-172.364775,8/2/2017 10:04,21720,Pacific cod,2,270,160,1,1,NA,NA,NA,NA,NA
-17071,94,201702,6,81,81,2017,61.99573,-172.364775,8/2/2017 10:04,21720,Pacific cod,3,310,250,2,2,NA,NA,NA,NA,NA
-17071,94,201702,6,81,81,2017,61.99573,-172.364775,8/2/2017 10:04,21720,Pacific cod,4,340,338,3,2,NA,NA,NA,NA,NA
-17072,94,201702,7,70,70,2017,61.99557,-171.651825,8/2/2017 12:49,21720,Pacific cod,5,550,1608,5,2,NA,NA,NA,NA,NA
-17072,94,201702,7,70,70,2017,61.99557,-171.651825,8/2/2017 12:49,21720,Pacific cod,6,740,4670,5,1,NA,NA,NA,NA,NA
-17072,94,201702,7,70,70,2017,61.99557,-171.651825,8/2/2017 12:49,21720,Pacific cod,7,740,4638,6,1,NA,NA,NA,NA,NA
-17072,94,201702,7,70,70,2017,61.99557,-171.651825,8/2/2017 12:49,21720,Pacific cod,8,530,1874,4,1,NA,NA,NA,NA,NA
-17073,94,201702,8,81,81,2017,61.674145,-171.58834,8/2/2017 15:32,21720,Pacific cod,9,270,150,2,2,NA,NA,NA,NA,NA
-17073,94,201702,8,81,81,2017,61.674145,-171.58834,8/2/2017 15:32,21720,Pacific cod,10,670,2854,5,2,NA,NA,NA,NA,NA
-17074,94,201702,9,81,81,2017,61.3312,-171.5116,8/2/2017 18:13,21720,Pacific cod,11,600,1892,4,1,NA,NA,NA,NA,NA
-17074,94,201702,9,81,81,2017,61.3312,-171.5116,8/2/2017 18:13,21720,Pacific cod,12,160,32,1,1,NA,NA,NA,NA,NA
-17074,94,201702,9,81,81,2017,61.3312,-171.5116,8/2/2017 18:13,21720,Pacific cod,13,660,2648,5,2,NA,NA,NA,NA,NA
-17074,94,201702,9,81,81,2017,61.3312,-171.5116,8/2/2017 18:13,21720,Pacific cod,14,290,212,2,2,NA,NA,NA,NA,NA
-17075,94,201702,10,81,81,2017,61.67597,-170.909965,8/3/2017 7:30,21720,Pacific cod,15,640,2420,5,1,NA,NA,NA,NA,NA
-17075,94,201702,10,81,81,2017,61.67597,-170.909965,8/3/2017 7:30,21720,Pacific cod,16,300,246,1,1,NA,NA,NA,NA,NA
-17075,94,201702,10,81,81,2017,61.67597,-170.909965,8/3/2017 7:30,21720,Pacific cod,17,580,1882,4,1,NA,NA,NA,NA,NA
-17075,94,201702,10,81,81,2017,61.67597,-170.909965,8/3/2017 7:30,21720,Pacific cod,18,420,846,4,2,NA,NA,NA,NA,NA
-17076,94,201702,11,81,81,2017,61.335425,-170.84629,8/3/2017 10:05,21720,Pacific cod,22,570,1812,4,2,NA,NA,NA,NA,NA
-17076,94,201702,11,81,81,2017,61.335425,-170.84629,8/3/2017 10:05,21720,Pacific cod,19,520,1518,4,1,NA,NA,NA,NA,NA
-17076,94,201702,11,81,81,2017,61.335425,-170.84629,8/3/2017 10:05,21720,Pacific cod,20,540,1596,5,1,NA,NA,NA,NA,NA
-17076,94,201702,11,81,81,2017,61.335425,-170.84629,8/3/2017 10:05,21720,Pacific cod,21,280,194,1,2,NA,NA,NA,NA,NA
-17077,94,201702,12,81,81,2017,61.00328,-170.818175,8/3/2017 12:44,21720,Pacific cod,23,320,282,2,1,NA,NA,NA,NA,NA
-17077,94,201702,12,81,81,2017,61.00328,-170.818175,8/3/2017 12:44,21720,Pacific cod,24,510,1338,4,2,NA,NA,NA,NA,NA
-17078,94,201702,13,81,81,2017,60.67064,-170.756325,8/3/2017 15:20,21720,Pacific cod,25,270,200,1,1,NA,NA,NA,NA,NA
-17078,94,201702,13,81,81,2017,60.67064,-170.756325,8/3/2017 15:20,21720,Pacific cod,26,260,140,1,1,NA,NA,NA,NA,NA
-17078,94,201702,13,81,81,2017,60.67064,-170.756325,8/3/2017 15:20,21720,Pacific cod,27,470,996,3,2,NA,NA,NA,NA,NA
-17078,94,201702,13,81,81,2017,60.67064,-170.756325,8/3/2017 15:20,21720,Pacific cod,28,410,614,4,2,NA,NA,NA,NA,NA
-17079,94,201702,14,70,70,2017,60.67054,-169.37521,8/4/2017 7:27,21720,Pacific cod,29,620,2536,4,1,NA,NA,NA,NA,NA
-17079,94,201702,14,70,70,2017,60.67054,-169.37521,8/4/2017 7:27,21720,Pacific cod,30,540,1606,4,1,NA,NA,NA,NA,NA
-17079,94,201702,14,70,70,2017,60.67054,-169.37521,8/4/2017 7:27,21720,Pacific cod,31,230,106,1,2,NA,NA,NA,NA,NA
-17079,94,201702,14,70,70,2017,60.67054,-169.37521,8/4/2017 7:27,21720,Pacific cod,32,600,2156,4,2,NA,NA,NA,NA,NA
-17081,94,201702,16,70,70,2017,61.326445,-169.45852,8/4/2017 12:30,21720,Pacific cod,37,800,6145,6,1,NA,NA,NA,NA,NA
-17081,94,201702,16,70,70,2017,61.326445,-169.45852,8/4/2017 12:30,21720,Pacific cod,38,420,692,3,1,NA,NA,NA,NA,NA
-17081,94,201702,16,70,70,2017,61.326445,-169.45852,8/4/2017 12:30,21720,Pacific cod,39,360,510,2,1,NA,NA,NA,NA,NA
-17081,94,201702,16,70,70,2017,61.326445,-169.45852,8/4/2017 12:30,21720,Pacific cod,40,340,406,2,1,NA,NA,NA,NA,NA
-17360,94,201702,21,70,70,2017,61.999265,-166.69886,8/17/2017 14:24,21720,Pacific cod,41,570,1942,4,2,NA,NA,NA,NA,NA
-17370,94,201702,23,70,70,2017,62.64254,-166.748705,8/18/2017 8:26,21720,Pacific cod,44,510,1474,5,1,NA,NA,NA,NA,NA
-17370,94,201702,23,70,70,2017,62.64254,-166.748705,8/18/2017 8:26,21720,Pacific cod,45,580,2290,5,2,NA,NA,NA,NA,NA
-17370,94,201702,23,70,70,2017,62.64254,-166.748705,8/18/2017 8:26,21720,Pacific cod,42,740,4660,6,1,NA,NA,NA,NA,NA
-17370,94,201702,23,70,70,2017,62.64254,-166.748705,8/18/2017 8:26,21720,Pacific cod,43,550,1776,4,2,NA,NA,NA,NA,NA
-17371,94,201702,24,70,70,2017,62.991645,-166.75021,8/18/2017 11:33,21720,Pacific cod,46,620,2458,4,2,NA,NA,NA,NA,NA
-17371,94,201702,24,70,70,2017,62.991645,-166.75021,8/18/2017 11:33,21720,Pacific cod,47,550,1800,5,2,NA,NA,NA,NA,NA
-17371,94,201702,24,70,70,2017,62.991645,-166.75021,8/18/2017 11:33,21720,Pacific cod,48,500,1322,4,1,NA,NA,NA,NA,NA
-17371,94,201702,24,70,70,2017,62.991645,-166.75021,8/18/2017 11:33,21720,Pacific cod,49,580,2270,6,1,NA,NA,NA,NA,NA
-17373,94,201702,26,71,71,2017,63.336895,-166.02704,8/18/2017 17:26,21720,Pacific cod,50,680,3652,6,1,NA,NA,NA,NA,NA
-17373,94,201702,26,71,71,2017,63.336895,-166.02704,8/18/2017 17:26,21720,Pacific cod,51,610,2146,5,1,NA,NA,NA,NA,NA
-17373,94,201702,26,71,71,2017,63.336895,-166.02704,8/18/2017 17:26,21720,Pacific cod,52,590,2394,5,2,NA,NA,NA,NA,NA
-17373,94,201702,26,71,71,2017,63.336895,-166.02704,8/18/2017 17:26,21720,Pacific cod,53,720,4956,6,2,NA,NA,NA,NA,NA
-17404,94,201702,50,71,71,2017,63.67658,-166.0585,8/24/2017 17:12,21720,Pacific cod,71,720,4396,5,2,NA,NA,NA,NA,NA
-17404,94,201702,50,71,71,2017,63.67658,-166.0585,8/24/2017 17:12,21720,Pacific cod,72,620,2766,4,2,NA,NA,NA,NA,NA
-17404,94,201702,50,71,71,2017,63.67658,-166.0585,8/24/2017 17:12,21720,Pacific cod,73,630,3122,4,1,NA,NA,NA,NA,NA
-17404,94,201702,50,71,71,2017,63.67658,-166.0585,8/24/2017 17:12,21720,Pacific cod,74,630,2164,5,1,NA,NA,NA,NA,NA
-17405,94,201702,51,71,71,2017,63.99897,-166.8175,8/25/2017 8:56,21720,Pacific cod,75,480,1200,4,2,NA,NA,NA,NA,NA
-17405,94,201702,51,71,71,2017,63.99897,-166.8175,8/25/2017 8:56,21720,Pacific cod,76,620,2532,5,2,NA,NA,NA,NA,NA
-17405,94,201702,51,71,71,2017,63.99897,-166.8175,8/25/2017 8:56,21720,Pacific cod,77,560,1890,4,1,NA,NA,NA,NA,NA
-17405,94,201702,51,71,71,2017,63.99897,-166.8175,8/25/2017 8:56,21720,Pacific cod,78,590,2402,5,1,NA,NA,NA,NA,NA
-17405,94,201702,51,71,71,2017,63.99897,-166.8175,8/25/2017 8:56,21720,Pacific cod,79,270,200,1,1,NA,NA,NA,NA,NA
-17406,94,201702,52,71,71,2017,63.663385,-166.80781,8/25/2017 11:32,21720,Pacific cod,80,640,2690,7,2,NA,NA,NA,NA,NA
-17406,94,201702,52,71,71,2017,63.663385,-166.80781,8/25/2017 11:32,21720,Pacific cod,81,530,1584,5,2,NA,NA,NA,NA,NA
-17406,94,201702,52,71,71,2017,63.663385,-166.80781,8/25/2017 11:32,21720,Pacific cod,82,630,2804,5,1,NA,NA,NA,NA,NA
-17406,94,201702,52,71,71,2017,63.663385,-166.80781,8/25/2017 11:32,21720,Pacific cod,83,480,1386,4,1,NA,NA,NA,NA,NA
-17407,94,201702,53,71,71,2017,63.30944,-166.789535,8/25/2017 14:46,21720,Pacific cod,84,640,2608,5,1,NA,NA,NA,NA,NA
-17407,94,201702,53,71,71,2017,63.30944,-166.789535,8/25/2017 14:46,21720,Pacific cod,85,610,2690,5,1,NA,NA,NA,NA,NA
-17407,94,201702,53,71,71,2017,63.30944,-166.789535,8/25/2017 14:46,21720,Pacific cod,86,570,1934,4,2,NA,NA,NA,NA,NA
-17407,94,201702,53,71,71,2017,63.30944,-166.789535,8/25/2017 14:46,21720,Pacific cod,87,590,2350,5,2,NA,NA,NA,NA,NA
-17418,94,201702,55,70,70,2017,61.344735,-167.372165,8/26/2017 10:28,21720,Pacific cod,88,690,2786,7,2,NA,NA,NA,NA,NA
-17420,94,201702,57,70,70,2017,60.67349,-167.31228,8/26/2017 15:53,21720,Pacific cod,89,640,2730,5,1,NA,NA,NA,NA,NA
-17449,94,201702,44,71,71,2017,64.65558,-166.807915,8/23/2017 7:23,21720,Pacific cod,54,640,2700,7,2,NA,NA,NA,NA,NA
-17449,94,201702,44,71,71,2017,64.65558,-166.807915,8/23/2017 7:23,21720,Pacific cod,55,680,3414,5,1,NA,NA,NA,NA,NA
-17449,94,201702,44,71,71,2017,64.65558,-166.807915,8/23/2017 7:23,21720,Pacific cod,56,330,370,2,1,NA,NA,NA,NA,NA
-17449,94,201702,44,71,71,2017,64.65558,-166.807915,8/23/2017 7:23,21720,Pacific cod,57,780,5514,7,2,NA,NA,NA,NA,NA
-17451,94,201702,46,71,71,2017,64.331065,-166.059735,8/23/2017 13:14,21720,Pacific cod,63,780,5518,6,1,NA,NA,NA,NA,NA
-17451,94,201702,46,71,71,2017,64.331065,-166.059735,8/23/2017 13:14,21720,Pacific cod,64,630,2586,4,2,NA,NA,NA,NA,NA
-17451,94,201702,46,71,71,2017,64.331065,-166.059735,8/23/2017 13:14,21720,Pacific cod,65,760,5406,5,2,NA,NA,NA,NA,NA
-17451,94,201702,46,71,71,2017,64.331065,-166.059735,8/23/2017 13:14,21720,Pacific cod,66,780,5134,6,2,NA,NA,NA,NA,NA
-17450,94,201702,45,71,71,2017,64.340145,-166.83257,8/23/2017 10:27,21720,Pacific cod,58,620,3174,5,2,NA,NA,NA,NA,NA
-17450,94,201702,45,71,71,2017,64.340145,-166.83257,8/23/2017 10:27,21720,Pacific cod,59,570,2264,5,2,NA,NA,NA,NA,NA
-17450,94,201702,45,71,71,2017,64.340145,-166.83257,8/23/2017 10:27,21720,Pacific cod,60,290,278,1,1,NA,NA,NA,NA,NA
-17450,94,201702,45,71,71,2017,64.340145,-166.83257,8/23/2017 10:27,21720,Pacific cod,61,660,3034,5,1,NA,NA,NA,NA,NA
-17450,94,201702,45,71,71,2017,64.340145,-166.83257,8/23/2017 10:27,21720,Pacific cod,62,580,2298,4,1,NA,NA,NA,NA,NA
-17062,162,201702,1,81,81,2017,62.33537,-175.29846,8/1/2017 7:42,21720,Pacific cod,1,520,1675,3,2,NA,NA,NA,NA,NA
-17062,162,201702,1,81,81,2017,62.33537,-175.29846,8/1/2017 7:42,21720,Pacific cod,2,530,1490,3,2,NA,NA,NA,NA,NA
-17062,162,201702,1,81,81,2017,62.33537,-175.29846,8/1/2017 7:42,21720,Pacific cod,3,270,175,2,2,NA,NA,NA,NA,NA
-17062,162,201702,1,81,81,2017,62.33537,-175.29846,8/1/2017 7:42,21720,Pacific cod,4,590,2185,4,2,NA,NA,NA,NA,NA
-17082,162,201702,5,81,81,2017,62.33073,-172.445615,8/2/2017 7:38,21720,Pacific cod,5,240,115,1,1,NA,NA,NA,NA,NA
-17082,162,201702,5,81,81,2017,62.33073,-172.445615,8/2/2017 7:38,21720,Pacific cod,6,470,935,3,1,NA,NA,NA,NA,NA
-17082,162,201702,5,81,81,2017,62.33073,-172.445615,8/2/2017 7:38,21720,Pacific cod,7,270,155,2,2,NA,NA,NA,NA,NA
-17083,162,201702,6,81,81,2017,62.337205,-171.727095,8/2/2017 11:03,21720,Pacific cod,8,500,1315,4,1,NA,NA,NA,NA,NA
-17083,162,201702,6,81,81,2017,62.337205,-171.727095,8/2/2017 11:03,21720,Pacific cod,9,730,4005,6,1,NA,NA,NA,NA,NA
-17083,162,201702,6,81,81,2017,62.337205,-171.727095,8/2/2017 11:03,21720,Pacific cod,10,460,1230,3,2,NA,NA,NA,NA,NA
-17083,162,201702,6,81,81,2017,62.337205,-171.727095,8/2/2017 11:03,21720,Pacific cod,11,800,4670,6,2,NA,NA,NA,NA,NA
-17084,162,201702,7,70,70,2017,62.337725,-171.055025,8/2/2017 14:13,21720,Pacific cod,12,540,1475,3,1,NA,NA,NA,NA,NA
-17084,162,201702,7,70,70,2017,62.337725,-171.055025,8/2/2017 14:13,21720,Pacific cod,13,570,2255,4,1,NA,NA,NA,NA,NA
-17084,162,201702,7,70,70,2017,62.337725,-171.055025,8/2/2017 14:13,21720,Pacific cod,14,730,4155,6,1,NA,NA,NA,NA,NA
-17084,162,201702,7,70,70,2017,62.337725,-171.055025,8/2/2017 14:13,21720,Pacific cod,15,680,3435,5,2,NA,NA,NA,NA,NA
-17085,162,201702,8,70,70,2017,61.996055,-170.96093,8/2/2017 17:15,21720,Pacific cod,16,670,2605,6,2,NA,NA,NA,NA,NA
-17085,162,201702,8,70,70,2017,61.996055,-170.96093,8/2/2017 17:15,21720,Pacific cod,17,560,1735,4,2,NA,NA,NA,NA,NA
-17085,162,201702,8,70,70,2017,61.996055,-170.96093,8/2/2017 17:15,21720,Pacific cod,18,500,1100,3,2,NA,NA,NA,NA,NA
-17085,162,201702,8,70,70,2017,61.996055,-170.96093,8/2/2017 17:15,21720,Pacific cod,19,590,1755,5,2,NA,NA,NA,NA,NA
-17086,162,201702,9,70,70,2017,61.673,-170.220995,8/3/2017 7:42,21720,Pacific cod,20,640,2515,4,2,NA,NA,NA,NA,NA
-17086,162,201702,9,70,70,2017,61.673,-170.220995,8/3/2017 7:42,21720,Pacific cod,21,550,1470,4,2,NA,NA,NA,NA,NA
-17086,162,201702,9,70,70,2017,61.673,-170.220995,8/3/2017 7:42,21720,Pacific cod,22,540,1690,3,1,NA,NA,NA,NA,NA
-17086,162,201702,9,70,70,2017,61.673,-170.220995,8/3/2017 7:42,21720,Pacific cod,23,530,1535,4,1,NA,NA,NA,NA,NA
-17087,162,201702,10,70,70,2017,61.33137,-170.177395,8/3/2017 10:26,21720,Pacific cod,24,520,1310,4,1,NA,NA,NA,NA,NA
-17087,162,201702,10,70,70,2017,61.33137,-170.177395,8/3/2017 10:26,21720,Pacific cod,25,640,2480,6,1,NA,NA,NA,NA,NA
-17087,162,201702,10,70,70,2017,61.33137,-170.177395,8/3/2017 10:26,21720,Pacific cod,26,270,200,2,2,NA,NA,NA,NA,NA
-17087,162,201702,10,70,70,2017,61.33137,-170.177395,8/3/2017 10:26,21720,Pacific cod,27,500,1125,3,2,NA,NA,NA,NA,NA
-17088,162,201702,11,70,70,2017,60.99503,-170.13331,8/3/2017 13:23,21720,Pacific cod,28,690,3230,5,1,NA,NA,NA,NA,NA
-17088,162,201702,11,70,70,2017,60.99503,-170.13331,8/3/2017 13:23,21720,Pacific cod,29,600,2380,4,2,NA,NA,NA,NA,NA
-17088,162,201702,11,70,70,2017,60.99503,-170.13331,8/3/2017 13:23,21720,Pacific cod,30,290,235,2,2,NA,NA,NA,NA,NA
-17088,162,201702,11,70,70,2017,60.99503,-170.13331,8/3/2017 13:23,21720,Pacific cod,31,280,160,2,1,NA,NA,NA,NA,NA
-17089,162,201702,12,70,70,2017,60.675075,-170.05565,8/3/2017 15:59,21720,Pacific cod,32,690,3530,5,1,NA,NA,NA,NA,NA
-17089,162,201702,12,70,70,2017,60.675075,-170.05565,8/3/2017 15:59,21720,Pacific cod,33,450,885,3,1,NA,NA,NA,NA,NA
-17089,162,201702,12,70,70,2017,60.675075,-170.05565,8/3/2017 15:59,21720,Pacific cod,34,750,5175,6,2,NA,NA,NA,NA,NA
-17089,162,201702,12,70,70,2017,60.675075,-170.05565,8/3/2017 15:59,21720,Pacific cod,35,780,5275,6,2,NA,NA,NA,NA,NA
-17090,162,201702,13,70,70,2017,60.66639,-168.7065,8/4/2017 7:39,21720,Pacific cod,36,190,75,1,1,NA,NA,NA,NA,NA
-17090,162,201702,13,70,70,2017,60.66639,-168.7065,8/4/2017 7:39,21720,Pacific cod,37,270,195,2,1,NA,NA,NA,NA,NA
-17090,162,201702,13,70,70,2017,60.66639,-168.7065,8/4/2017 7:39,21720,Pacific cod,38,610,2400,5,2,NA,NA,NA,NA,NA
-17090,162,201702,13,70,70,2017,60.66639,-168.7065,8/4/2017 7:39,21720,Pacific cod,39,240,145,1,2,NA,NA,NA,NA,NA
-17091,162,201702,14,70,70,2017,60.99402,-168.71334,8/4/2017 10:20,21720,Pacific cod,40,180,45,1,1,NA,NA,NA,NA,NA
-17091,162,201702,14,70,70,2017,60.99402,-168.71334,8/4/2017 10:20,21720,Pacific cod,41,270,165,1,1,NA,NA,NA,NA,NA
-17091,162,201702,14,70,70,2017,60.99402,-168.71334,8/4/2017 10:20,21720,Pacific cod,42,210,80,1,2,NA,NA,NA,NA,NA
-17091,162,201702,14,70,70,2017,60.99402,-168.71334,8/4/2017 10:20,21720,Pacific cod,43,240,130,1,2,NA,NA,NA,NA,NA
-17233,162,201702,16,70,70,2017,62.933075,-168.989575,8/11/2017 7:59,21720,Pacific cod,44,540,1685,3,1,NA,NA,NA,NA,NA
-17233,162,201702,16,70,70,2017,62.933075,-168.989575,8/11/2017 7:59,21720,Pacific cod,45,690,2795,5,1,NA,NA,NA,NA,NA
-17233,162,201702,16,70,70,2017,62.933075,-168.989575,8/11/2017 7:59,21720,Pacific cod,46,690,4255,5,2,NA,NA,NA,NA,NA
-17233,162,201702,16,70,70,2017,62.933075,-168.989575,8/11/2017 7:59,21720,Pacific cod,47,570,2045,4,2,NA,NA,NA,NA,NA
-17234,162,201702,17,70,70,2017,62.66072,-168.9003,8/11/2017 11:57,21720,Pacific cod,48,660,3260,6,1,NA,NA,NA,NA,NA
-17234,162,201702,17,70,70,2017,62.66072,-168.9003,8/11/2017 11:57,21720,Pacific cod,49,510,1205,3,1,NA,NA,NA,NA,NA
-17234,162,201702,17,70,70,2017,62.66072,-168.9003,8/11/2017 11:57,21720,Pacific cod,50,610,2305,5,2,NA,NA,NA,NA,NA
-17234,162,201702,17,70,70,2017,62.66072,-168.9003,8/11/2017 11:57,21720,Pacific cod,51,440,795,4,2,NA,NA,NA,NA,NA
-17322,162,201702,19,70,70,2017,63.260995,-171.11632,8/14/2017 8:09,21720,Pacific cod,56,470,1040,3,1,NA,NA,NA,NA,NA
-17322,162,201702,19,70,70,2017,63.260995,-171.11632,8/14/2017 8:09,21720,Pacific cod,57,640,2810,6,1,NA,NA,NA,NA,NA
-17322,162,201702,19,70,70,2017,63.260995,-171.11632,8/14/2017 8:09,21720,Pacific cod,58,540,1585,4,1,NA,NA,NA,NA,NA
-17322,162,201702,19,70,70,2017,63.260995,-171.11632,8/14/2017 8:09,21720,Pacific cod,59,820,5210,7,2,NA,NA,NA,NA,NA
-17323,162,201702,20,70,70,2017,62.99627,-171.11875,8/14/2017 11:30,21720,Pacific cod,60,690,3365,5,1,NA,NA,NA,NA,NA
-17323,162,201702,20,70,70,2017,62.99627,-171.11875,8/14/2017 11:30,21720,Pacific cod,61,540,1705,4,1,NA,NA,NA,NA,NA
-17323,162,201702,20,70,70,2017,62.99627,-171.11875,8/14/2017 11:30,21720,Pacific cod,62,650,2790,5,1,NA,NA,NA,NA,NA
-17323,162,201702,20,70,70,2017,62.99627,-171.11875,8/14/2017 11:30,21720,Pacific cod,63,690,3305,5,1,NA,NA,NA,NA,NA
-17324,162,201702,21,70,70,2017,62.947025,-170.469845,8/14/2017 15:19,21720,Pacific cod,64,690,3660,5,2,NA,NA,NA,NA,NA
-17324,162,201702,21,70,70,2017,62.947025,-170.469845,8/14/2017 15:19,21720,Pacific cod,65,470,1165,3,2,NA,NA,NA,NA,NA
-17324,162,201702,21,70,70,2017,62.947025,-170.469845,8/14/2017 15:19,21720,Pacific cod,66,510,1490,4,1,NA,NA,NA,NA,NA
-17324,162,201702,21,70,70,2017,62.947025,-170.469845,8/14/2017 15:19,21720,Pacific cod,67,550,1875,4,1,NA,NA,NA,NA,NA
-17325,162,201702,22,70,70,2017,62.66808,-169.599595,8/14/2017 19:07,21720,Pacific cod,68,570,2050,4,1,NA,NA,NA,NA,NA
-17325,162,201702,22,70,70,2017,62.66808,-169.599595,8/14/2017 19:07,21720,Pacific cod,69,730,3760,5,1,NA,NA,NA,NA,NA
-17325,162,201702,22,70,70,2017,62.66808,-169.599595,8/14/2017 19:07,21720,Pacific cod,70,680,3370,4,1,NA,NA,NA,NA,NA
-17325,162,201702,22,70,70,2017,62.66808,-169.599595,8/14/2017 19:07,21720,Pacific cod,71,580,1945,4,1,NA,NA,NA,NA,NA
-17346,162,201702,23,70,70,2017,61.99596,-168.84087,8/15/2017 7:59,21720,Pacific cod,72,450,900,3,1,NA,NA,NA,NA,NA
-17346,162,201702,23,70,70,2017,61.99596,-168.84087,8/15/2017 7:59,21720,Pacific cod,73,590,2120,4,1,NA,NA,NA,NA,NA
-17346,162,201702,23,70,70,2017,61.99596,-168.84087,8/15/2017 7:59,21720,Pacific cod,74,590,2215,5,2,NA,NA,NA,NA,NA
-17346,162,201702,23,70,70,2017,61.99596,-168.84087,8/15/2017 7:59,21720,Pacific cod,75,620,2430,6,1,NA,NA,NA,NA,NA
-17347,162,201702,24,70,70,2017,61.6664,-168.80322,8/15/2017 11:09,21720,Pacific cod,76,940,9955,8,2,NA,NA,NA,NA,NA
-17347,162,201702,24,70,70,2017,61.6664,-168.80322,8/15/2017 11:09,21720,Pacific cod,77,470,1055,4,1,NA,NA,NA,NA,NA
-17347,162,201702,24,70,70,2017,61.6664,-168.80322,8/15/2017 11:09,21720,Pacific cod,78,370,515,2,1,NA,NA,NA,NA,NA
-17347,162,201702,24,70,70,2017,61.6664,-168.80322,8/15/2017 11:09,21720,Pacific cod,79,710,4005,7,1,NA,NA,NA,NA,NA
-17348,162,201702,25,70,70,2017,61.665805,-169.50274,8/15/2017 14:14,21720,Pacific cod,80,610,2440,4,2,NA,NA,NA,NA,NA
-17348,162,201702,25,70,70,2017,61.665805,-169.50274,8/15/2017 14:14,21720,Pacific cod,81,500,1285,3,2,NA,NA,NA,NA,NA
-17348,162,201702,25,70,70,2017,61.665805,-169.50274,8/15/2017 14:14,21720,Pacific cod,82,570,1875,4,1,NA,NA,NA,NA,NA
-17348,162,201702,25,70,70,2017,61.665805,-169.50274,8/15/2017 14:14,21720,Pacific cod,83,760,4385,7,1,NA,NA,NA,NA,NA
-17349,162,201702,26,70,70,2017,62.00914,-169.54835,8/15/2017 16:58,21720,Pacific cod,84,330,320,2,1,NA,NA,NA,NA,NA
-17349,162,201702,26,70,70,2017,62.00914,-169.54835,8/15/2017 16:58,21720,Pacific cod,85,740,3920,5,2,NA,NA,NA,NA,NA
-17349,162,201702,26,70,70,2017,62.00914,-169.54835,8/15/2017 16:58,21720,Pacific cod,86,820,5205,6,2,NA,NA,NA,NA,NA
-17349,162,201702,26,70,70,2017,62.00914,-169.54835,8/15/2017 16:58,21720,Pacific cod,87,590,2255,4,2,NA,NA,NA,NA,NA
-17350,162,201702,27,70,70,2017,62.332845,-169.59543,8/15/2017 19:48,21720,Pacific cod,88,570,1975,4,2,NA,NA,NA,NA,NA
-17350,162,201702,27,70,70,2017,62.332845,-169.59543,8/15/2017 19:48,21720,Pacific cod,89,470,1040,3,2,NA,NA,NA,NA,NA
-17350,162,201702,27,70,70,2017,62.332845,-169.59543,8/15/2017 19:48,21720,Pacific cod,90,560,1915,4,1,NA,NA,NA,NA,NA
-17350,162,201702,27,70,70,2017,62.332845,-169.59543,8/15/2017 19:48,21720,Pacific cod,91,510,1370,3,1,NA,NA,NA,NA,NA
-17352,162,201702,28,70,70,2017,62.002905,-170.256875,8/16/2017 8:03,21720,Pacific cod,92,770,4850,5,2,NA,NA,NA,NA,NA
-17352,162,201702,28,70,70,2017,62.002905,-170.256875,8/16/2017 8:03,21720,Pacific cod,93,570,1940,3,1,NA,NA,NA,NA,NA
-17353,162,201702,29,70,70,2017,62.341735,-170.28428,8/16/2017 11:04,21720,Pacific cod,94,560,1535,7,2,NA,NA,NA,NA,NA
-17353,162,201702,29,70,70,2017,62.341735,-170.28428,8/16/2017 11:04,21720,Pacific cod,95,560,1590,5,2,NA,NA,NA,NA,NA
-17353,162,201702,29,70,70,2017,62.341735,-170.28428,8/16/2017 11:04,21720,Pacific cod,96,730,4040,6,1,NA,NA,NA,NA,NA
-17353,162,201702,29,70,70,2017,62.341735,-170.28428,8/16/2017 11:04,21720,Pacific cod,97,550,1730,4,1,NA,NA,NA,NA,NA
-17355,162,201702,31,70,70,2017,62.668365,-171.085385,8/16/2017 16:50,21720,Pacific cod,102,800,6020,7,1,NA,NA,NA,NA,NA
-17355,162,201702,31,70,70,2017,62.668365,-171.085385,8/16/2017 16:50,21720,Pacific cod,103,530,1480,4,1,NA,NA,NA,NA,NA
-17355,162,201702,31,70,70,2017,62.668365,-171.085385,8/16/2017 16:50,21720,Pacific cod,104,320,305,2,2,NA,NA,NA,NA,NA
-17355,162,201702,31,70,70,2017,62.668365,-171.085385,8/16/2017 16:50,21720,Pacific cod,105,130,15,1,2,NA,NA,NA,NA,NA
-17362,162,201702,32,70,70,2017,63.3188,-171.917565,8/17/2017 8:12,21720,Pacific cod,106,680,3010,5,2,NA,NA,NA,NA,NA
-17362,162,201702,32,70,70,2017,63.3188,-171.917565,8/17/2017 8:12,21720,Pacific cod,107,690,3775,6,2,NA,NA,NA,NA,NA
-17362,162,201702,32,70,70,2017,63.3188,-171.917565,8/17/2017 8:12,21720,Pacific cod,108,300,300,2,1,NA,NA,NA,NA,NA
-17362,162,201702,32,70,70,2017,63.3188,-171.917565,8/17/2017 8:12,21720,Pacific cod,109,680,3645,6,1,NA,NA,NA,NA,NA
-17363,162,201702,33,70,70,2017,63.000515,-171.79863,8/17/2017 10:37,21720,Pacific cod,110,540,1800,5,1,NA,NA,NA,NA,NA
-17363,162,201702,33,70,70,2017,63.000515,-171.79863,8/17/2017 10:37,21720,Pacific cod,111,610,2305,5,2,NA,NA,NA,NA,NA
-17363,162,201702,33,70,70,2017,63.000515,-171.79863,8/17/2017 10:37,21720,Pacific cod,112,590,2410,5,2,NA,NA,NA,NA,NA
-17363,162,201702,33,70,70,2017,63.000515,-171.79863,8/17/2017 10:37,21720,Pacific cod,113,820,6835,7,2,NA,NA,NA,NA,NA
-17364,162,201702,34,70,70,2017,62.668955,-171.81505,8/17/2017 14:44,21720,Pacific cod,114,630,2560,5,1,NA,NA,NA,NA,NA
-17365,162,201702,35,81,81,2017,62.66936,-172.455735,8/17/2017 19:21,21720,Pacific cod,115,430,705,4,1,NA,NA,NA,NA,NA
-17365,162,201702,35,81,81,2017,62.66936,-172.455735,8/17/2017 19:21,21720,Pacific cod,116,700,3525,5,2,NA,NA,NA,NA,NA
-17366,162,201702,36,81,81,2017,62.671085,-174.63527,8/18/2017 8:29,21720,Pacific cod,117,670,3560,6,1,NA,NA,NA,NA,NA
-17366,162,201702,36,81,81,2017,62.671085,-174.63527,8/18/2017 8:29,21720,Pacific cod,118,330,305,2,2,NA,NA,NA,NA,NA
-17366,162,201702,36,81,81,2017,62.671085,-174.63527,8/18/2017 8:29,21720,Pacific cod,119,570,2000,4,2,NA,NA,NA,NA,NA
-17367,162,201702,37,81,81,2017,62.66693,-173.914095,8/18/2017 11:20,21720,Pacific cod,120,330,320,2,2,NA,NA,NA,NA,NA
-17369,162,201702,39,81,81,2017,62.99291,-174.00057,8/18/2017 17:38,21720,Pacific cod,121,420,730,3,2,NA,NA,NA,NA,NA
-17378,162,201702,40,81,81,2017,63.336025,-173.41213,8/19/2017 8:29,21720,Pacific cod,122,560,1970,5,2,NA,NA,NA,NA,NA
-17378,162,201702,40,81,81,2017,63.336025,-173.41213,8/19/2017 8:29,21720,Pacific cod,123,280,195,2,2,NA,NA,NA,NA,NA
-17378,162,201702,40,81,81,2017,63.336025,-173.41213,8/19/2017 8:29,21720,Pacific cod,124,690,3205,5,1,NA,NA,NA,NA,NA
-17378,162,201702,40,81,81,2017,63.336025,-173.41213,8/19/2017 8:29,21720,Pacific cod,125,300,255,2,1,NA,NA,NA,NA,NA
-17381,162,201702,43,81,81,2017,63.00844,-172.60711,8/19/2017 14:25,21720,Pacific cod,126,280,165,2,2,NA,NA,NA,NA,NA
-17382,162,201702,44,81,81,2017,63.325285,-172.691365,8/19/2017 16:58,21720,Pacific cod,127,690,4090,7,2,NA,NA,NA,NA,NA
-17382,162,201702,44,81,81,2017,63.325285,-172.691365,8/19/2017 16:58,21720,Pacific cod,128,520,1580,4,2,NA,NA,NA,NA,NA
-17382,162,201702,44,81,81,2017,63.325285,-172.691365,8/19/2017 16:58,21720,Pacific cod,129,320,315,2,2,NA,NA,NA,NA,NA
-17382,162,201702,44,81,81,2017,63.325285,-172.691365,8/19/2017 16:58,21720,Pacific cod,130,570,2130,5,1,NA,NA,NA,NA,NA
-17383,162,201702,45,81,81,2017,63.66968,-172.73402,8/19/2017 19:41,21720,Pacific cod,131,510,1525,4,1,NA,NA,NA,NA,NA
-17383,162,201702,45,81,81,2017,63.66968,-172.73402,8/19/2017 19:41,21720,Pacific cod,132,450,980,4,1,NA,NA,NA,NA,NA
-17383,162,201702,45,81,81,2017,63.66968,-172.73402,8/19/2017 19:41,21720,Pacific cod,133,700,3010,6,1,NA,NA,NA,NA,NA
-17383,162,201702,45,81,81,2017,63.66968,-172.73402,8/19/2017 19:41,21720,Pacific cod,134,580,2150,4,1,NA,NA,NA,NA,NA
-17384,162,201702,46,70,70,2017,63.69665,-172.10453,8/20/2017 8:23,21720,Pacific cod,135,460,960,3,2,NA,NA,NA,NA,NA
-17384,162,201702,46,70,70,2017,63.69665,-172.10453,8/20/2017 8:23,21720,Pacific cod,136,600,2635,5,2,NA,NA,NA,NA,NA
-17384,162,201702,46,70,70,2017,63.69665,-172.10453,8/20/2017 8:23,21720,Pacific cod,137,660,3555,NA,2,NA,NA,NA,NA,NA
-17384,162,201702,46,70,70,2017,63.69665,-172.10453,8/20/2017 8:23,21720,Pacific cod,138,480,1290,3,1,NA,NA,NA,NA,NA
-17385,162,201702,47,71,71,2017,63.999185,-172.02633,8/20/2017 11:41,21720,Pacific cod,139,550,2040,4,2,NA,NA,NA,NA,NA
-17385,162,201702,47,71,71,2017,63.999185,-172.02633,8/20/2017 11:41,21720,Pacific cod,140,560,1595,4,1,NA,NA,NA,NA,NA
-17385,162,201702,47,71,71,2017,63.999185,-172.02633,8/20/2017 11:41,21720,Pacific cod,141,720,3530,5,1,NA,NA,NA,NA,NA
-17385,162,201702,47,71,71,2017,63.999185,-172.02633,8/20/2017 11:41,21720,Pacific cod,142,590,2185,4,1,NA,NA,NA,NA,NA
-17386,162,201702,48,71,71,2017,64.04452,-171.358395,8/20/2017 18:10,21720,Pacific cod,145,610,3280,5,2,NA,NA,NA,NA,NA
-17386,162,201702,48,71,71,2017,64.04452,-171.358395,8/20/2017 18:10,21720,Pacific cod,143,630,2930,4,2,NA,NA,NA,NA,NA
-17386,162,201702,48,71,71,2017,64.04452,-171.358395,8/20/2017 18:10,21720,Pacific cod,144,630,2705,5,2,NA,NA,NA,NA,NA
-17386,162,201702,48,71,71,2017,64.04452,-171.358395,8/20/2017 18:10,21720,Pacific cod,146,790,4615,6,1,NA,NA,NA,NA,NA
-17396,162,201702,53,71,71,2017,64.61832,-170.687745,8/22/2017 8:35,21720,Pacific cod,163,580,2125,4,2,NA,NA,NA,NA,NA
-17396,162,201702,53,71,71,2017,64.61832,-170.687745,8/22/2017 8:35,21720,Pacific cod,164,630,3360,5,2,NA,NA,NA,NA,NA
-17396,162,201702,53,71,71,2017,64.61832,-170.687745,8/22/2017 8:35,21720,Pacific cod,165,260,165,2,2,NA,NA,NA,NA,NA
-17396,162,201702,53,71,71,2017,64.61832,-170.687745,8/22/2017 8:35,21720,Pacific cod,166,340,405,2,2,NA,NA,NA,NA,NA
-17397,162,201702,54,71,71,2017,64.65624,-169.90891,8/22/2017 11:29,21720,Pacific cod,167,610,2995,4,2,NA,NA,NA,NA,NA
-17397,162,201702,54,71,71,2017,64.65624,-169.90891,8/22/2017 11:29,21720,Pacific cod,168,630,3135,4,2,NA,NA,NA,NA,NA
-17397,162,201702,54,71,71,2017,64.65624,-169.90891,8/22/2017 11:29,21720,Pacific cod,169,590,2450,4,1,NA,NA,NA,NA,NA
-17397,162,201702,54,71,71,2017,64.65624,-169.90891,8/22/2017 11:29,21720,Pacific cod,170,630,3165,4,1,NA,NA,NA,NA,NA
-17398,162,201702,55,71,71,2017,65.00784,-169.911015,8/22/2017 14:54,21720,Pacific cod,171,540,1920,5,1,NA,NA,NA,NA,NA
-17398,162,201702,55,71,71,2017,65.00784,-169.911015,8/22/2017 14:54,21720,Pacific cod,172,640,3350,4,1,NA,NA,NA,NA,NA
-17398,162,201702,55,71,71,2017,65.00784,-169.911015,8/22/2017 14:54,21720,Pacific cod,173,720,4365,6,2,NA,NA,NA,NA,NA
-17398,162,201702,55,71,71,2017,65.00784,-169.911015,8/22/2017 14:54,21720,Pacific cod,174,380,650,2,2,NA,NA,NA,NA,NA
-17400,162,201702,57,71,71,2017,65.21764,-168.89474,8/22/2017 20:48,21720,Pacific cod,179,400,815,3,2,NA,NA,NA,NA,NA
-17400,162,201702,57,71,71,2017,65.21764,-168.89474,8/22/2017 20:48,21720,Pacific cod,180,750,4975,6,1,NA,NA,NA,NA,NA
-17400,162,201702,57,71,71,2017,65.21764,-168.89474,8/22/2017 20:48,21720,Pacific cod,181,640,3105,4,1,NA,NA,NA,NA,NA
-17400,162,201702,57,71,71,2017,65.21764,-168.89474,8/22/2017 20:48,21720,Pacific cod,182,330,390,2,1,NA,NA,NA,NA,NA
-17409,162,201702,59,71,71,2017,64.70436,-167.60711,8/25/2017 8:17,21720,Pacific cod,186,680,2845,6,1,NA,NA,NA,NA,NA
-17409,162,201702,59,71,71,2017,64.70436,-167.60711,8/25/2017 8:17,21720,Pacific cod,187,710,4640,5,2,NA,NA,NA,NA,NA
-17409,162,201702,59,71,71,2017,64.70436,-167.60711,8/25/2017 8:17,21720,Pacific cod,188,690,4005,6,2,NA,NA,NA,NA,NA
-17409,162,201702,59,71,71,2017,64.70436,-167.60711,8/25/2017 8:17,21720,Pacific cod,189,640,3260,5,2,NA,NA,NA,NA,NA
-17410,162,201702,60,71,71,2017,64.97021,-167.600485,8/25/2017 12:19,21720,Pacific cod,190,730,3850,9,1,NA,NA,NA,NA,NA
-17411,162,201702,61,71,71,2017,65.256975,-167.869315,8/25/2017 16:40,21720,Pacific cod,191,560,2435,5,1,NA,NA,NA,NA,NA
-17411,162,201702,61,71,71,2017,65.256975,-167.869315,8/25/2017 16:40,21720,Pacific cod,192,670,3310,5,1,NA,NA,NA,NA,NA
-17411,162,201702,61,71,71,2017,65.256975,-167.869315,8/25/2017 16:40,21720,Pacific cod,193,640,3530,6,2,NA,NA,NA,NA,NA
-17411,162,201702,61,71,71,2017,65.256975,-167.869315,8/25/2017 16:40,21720,Pacific cod,194,640,3275,5,2,NA,NA,NA,NA,NA
-17412,162,201702,62,71,71,2017,65.32591,-168.369805,8/25/2017 19:59,21720,Pacific cod,195,630,3060,4,2,NA,NA,NA,NA,NA
-17412,162,201702,62,71,71,2017,65.32591,-168.369805,8/25/2017 19:59,21720,Pacific cod,196,910,8530,NA,2,NA,NA,NA,NA,NA
-17412,162,201702,62,71,71,2017,65.32591,-168.369805,8/25/2017 19:59,21720,Pacific cod,197,570,2500,5,1,NA,NA,NA,NA,NA
-17412,162,201702,62,71,71,2017,65.32591,-168.369805,8/25/2017 19:59,21720,Pacific cod,198,720,4795,6,1,NA,NA,NA,NA,NA
-17413,162,201702,63,71,71,2017,65.00093,-168.344985,8/26/2017 8:30,21720,Pacific cod,202,630,2970,5,2,NA,NA,NA,NA,NA
-17413,162,201702,63,71,71,2017,65.00093,-168.344985,8/26/2017 8:30,21720,Pacific cod,199,800,6040,6,2,NA,NA,NA,NA,NA
-17413,162,201702,63,71,71,2017,65.00093,-168.344985,8/26/2017 8:30,21720,Pacific cod,200,470,1870,NA,2,NA,NA,NA,NA,NA
-17413,162,201702,63,71,71,2017,65.00093,-168.344985,8/26/2017 8:30,21720,Pacific cod,201,670,3510,5,2,NA,NA,NA,NA,NA
-17414,162,201702,64,71,71,2017,64.651255,-169.162115,8/26/2017 12:29,21720,Pacific cod,205,750,4525,6,1,NA,NA,NA,NA,NA
-17414,162,201702,64,71,71,2017,64.651255,-169.162115,8/26/2017 12:29,21720,Pacific cod,206,610,2970,5,1,NA,NA,NA,NA,NA
-17414,162,201702,64,71,71,2017,64.651255,-169.162115,8/26/2017 12:29,21720,Pacific cod,203,760,5445,7,2,NA,NA,NA,NA,NA
-17414,162,201702,64,71,71,2017,64.651255,-169.162115,8/26/2017 12:29,21720,Pacific cod,204,650,3210,5,2,NA,NA,NA,NA,NA
-17415,162,201702,65,71,71,2017,64.65996,-168.35471,8/26/2017 15:43,21720,Pacific cod,207,360,465,2,1,NA,NA,NA,NA,NA
-17415,162,201702,65,71,71,2017,64.65996,-168.35471,8/26/2017 15:43,21720,Pacific cod,208,610,2360,4,1,NA,NA,NA,NA,NA
-17415,162,201702,65,71,71,2017,64.65996,-168.35471,8/26/2017 15:43,21720,Pacific cod,209,330,425,2,1,NA,NA,NA,NA,NA
-17415,162,201702,65,71,71,2017,64.65996,-168.35471,8/26/2017 15:43,21720,Pacific cod,210,720,3890,6,1,NA,NA,NA,NA,NA
-17416,162,201702,66,71,71,2017,64.32915,-168.33552,8/26/2017 18:28,21720,Pacific cod,211,790,5690,7,2,NA,NA,NA,NA,NA
-17416,162,201702,66,71,71,2017,64.32915,-168.33552,8/26/2017 18:28,21720,Pacific cod,212,570,2285,5,2,NA,NA,NA,NA,NA
-17416,162,201702,66,71,71,2017,64.32915,-168.33552,8/26/2017 18:28,21720,Pacific cod,213,580,2370,5,2,NA,NA,NA,NA,NA
-17416,162,201702,66,71,71,2017,64.32915,-168.33552,8/26/2017 18:28,21720,Pacific cod,214,690,4100,7,1,NA,NA,NA,NA,NA
-17421,162,201702,67,71,71,2017,64.29345,-169.138915,8/27/2017 8:27,21720,Pacific cod,215,850,7915,7,2,NA,NA,NA,NA,NA
-17421,162,201702,67,71,71,2017,64.29345,-169.138915,8/27/2017 8:27,21720,Pacific cod,216,350,465,2,2,NA,NA,NA,NA,NA
-17421,162,201702,67,71,71,2017,64.29345,-169.138915,8/27/2017 8:27,21720,Pacific cod,217,330,405,2,2,NA,NA,NA,NA,NA
-17421,162,201702,67,71,71,2017,64.29345,-169.138915,8/27/2017 8:27,21720,Pacific cod,218,650,2975,5,1,NA,NA,NA,NA,NA
-17422,162,201702,68,71,71,2017,64.0077,-169.05261,8/27/2017 11:11,21720,Pacific cod,219,870,7980,6,2,NA,NA,NA,NA,NA
-17422,162,201702,68,71,71,2017,64.0077,-169.05261,8/27/2017 11:11,21720,Pacific cod,220,540,1795,4,2,NA,NA,NA,NA,NA
-17422,162,201702,68,71,71,2017,64.0077,-169.05261,8/27/2017 11:11,21720,Pacific cod,221,630,2655,4,1,NA,NA,NA,NA,NA
-17422,162,201702,68,71,71,2017,64.0077,-169.05261,8/27/2017 11:11,21720,Pacific cod,222,350,465,2,1,NA,NA,NA,NA,NA
-17423,162,201702,69,71,71,2017,63.99308,-169.79379,8/27/2017 14:12,21720,Pacific cod,223,170,25,1,2,NA,NA,NA,NA,NA
-17423,162,201702,69,71,71,2017,63.99308,-169.79379,8/27/2017 14:12,21720,Pacific cod,224,320,370,2,1,NA,NA,NA,NA,NA
-17423,162,201702,69,71,71,2017,63.99308,-169.79379,8/27/2017 14:12,21720,Pacific cod,225,400,750,2,1,NA,NA,NA,NA,NA
-17423,162,201702,69,71,71,2017,63.99308,-169.79379,8/27/2017 14:12,21720,Pacific cod,226,600,2230,5,1,NA,NA,NA,NA,NA
-17424,162,201702,70,71,71,2017,63.66607,-169.75383,8/27/2017 16:56,21720,Pacific cod,227,600,2800,4,2,NA,NA,NA,NA,NA
-17424,162,201702,70,71,71,2017,63.66607,-169.75383,8/27/2017 16:56,21720,Pacific cod,228,510,1640,4,2,NA,NA,NA,NA,NA
-17424,162,201702,70,71,71,2017,63.66607,-169.75383,8/27/2017 16:56,21720,Pacific cod,229,350,480,2,1,NA,NA,NA,NA,NA
-17424,162,201702,70,71,71,2017,63.66607,-169.75383,8/27/2017 16:56,21720,Pacific cod,230,270,210,2,1,NA,NA,NA,NA,NA
-17425,162,201702,71,71,71,2017,63.670105,-169.01404,8/27/2017 19:51,21720,Pacific cod,231,710,4405,5,2,NA,NA,NA,NA,NA
-17425,162,201702,71,71,71,2017,63.670105,-169.01404,8/27/2017 19:51,21720,Pacific cod,232,540,1728,4,2,NA,NA,NA,NA,NA
-17425,162,201702,71,71,71,2017,63.670105,-169.01404,8/27/2017 19:51,21720,Pacific cod,233,620,2745,5,2,NA,NA,NA,NA,NA
-17425,162,201702,71,71,71,2017,63.670105,-169.01404,8/27/2017 19:51,21720,Pacific cod,234,540,1800,4,1,NA,NA,NA,NA,NA
-17427,162,201702,72,71,71,2017,64.006705,-168.29421,8/28/2017 8:28,21720,Pacific cod,235,580,2235,4,1,NA,NA,NA,NA,NA
-17427,162,201702,72,71,71,2017,64.006705,-168.29421,8/28/2017 8:28,21720,Pacific cod,236,590,2365,NA,2,NA,NA,NA,NA,NA
-17427,162,201702,72,71,71,2017,64.006705,-168.29421,8/28/2017 8:28,21720,Pacific cod,237,570,2005,4,2,NA,NA,NA,NA,NA
-17427,162,201702,72,71,71,2017,64.006705,-168.29421,8/28/2017 8:28,21720,Pacific cod,238,420,815,3,2,NA,NA,NA,NA,NA
-17428,162,201702,73,71,71,2017,64.02824,-167.56579,8/28/2017 11:28,21720,Pacific cod,239,720,3725,6,2,NA,NA,NA,NA,NA
-17428,162,201702,73,71,71,2017,64.02824,-167.56579,8/28/2017 11:28,21720,Pacific cod,240,350,455,2,2,NA,NA,NA,NA,NA
-17428,162,201702,73,71,71,2017,64.02824,-167.56579,8/28/2017 11:28,21720,Pacific cod,241,530,1500,4,1,NA,NA,NA,NA,NA
-17428,162,201702,73,71,71,2017,64.02824,-167.56579,8/28/2017 11:28,21720,Pacific cod,242,690,3545,6,1,NA,NA,NA,NA,NA
-17429,162,201702,74,71,71,2017,63.66578,-167.52785,8/28/2017 14:20,21720,Pacific cod,243,580,2100,4,2,NA,NA,NA,NA,NA
-17429,162,201702,74,71,71,2017,63.66578,-167.52785,8/28/2017 14:20,21720,Pacific cod,244,540,1475,4,1,NA,NA,NA,NA,NA
-17429,162,201702,74,71,71,2017,63.66578,-167.52785,8/28/2017 14:20,21720,Pacific cod,245,690,3020,6,1,NA,NA,NA,NA,NA
-17429,162,201702,74,71,71,2017,63.66578,-167.52785,8/28/2017 14:20,21720,Pacific cod,246,530,1600,5,1,NA,NA,NA,NA,NA
-17430,162,201702,75,71,71,2017,63.66954,-168.278,8/28/2017 17:23,21720,Pacific cod,247,570,1980,4,1,NA,NA,NA,NA,NA
-17430,162,201702,75,71,71,2017,63.66954,-168.278,8/28/2017 17:23,21720,Pacific cod,248,560,1830,5,1,NA,NA,NA,NA,NA
-17430,162,201702,75,71,71,2017,63.66954,-168.278,8/28/2017 17:23,21720,Pacific cod,249,580,2405,4,2,NA,NA,NA,NA,NA
-17430,162,201702,75,71,71,2017,63.66954,-168.278,8/28/2017 17:23,21720,Pacific cod,250,620,2405,5,2,NA,NA,NA,NA,NA
-17431,162,201702,76,70,70,2017,63.00573,-168.223015,8/29/2017 8:41,21720,Pacific cod,251,600,2245,5,2,NA,NA,NA,NA,NA
-17431,162,201702,76,70,70,2017,63.00573,-168.223015,8/29/2017 8:41,21720,Pacific cod,252,330,340,2,2,NA,NA,NA,NA,NA
-17431,162,201702,76,70,70,2017,63.00573,-168.223015,8/29/2017 8:41,21720,Pacific cod,253,520,1370,3,1,NA,NA,NA,NA,NA
-17431,162,201702,76,70,70,2017,63.00573,-168.223015,8/29/2017 8:41,21720,Pacific cod,254,320,330,2,1,NA,NA,NA,NA,NA
-17432,162,201702,77,71,71,2017,63.324905,-168.243555,8/29/2017 12:13,21720,Pacific cod,255,620,2950,5,2,NA,NA,NA,NA,NA
-17432,162,201702,77,71,71,2017,63.324905,-168.243555,8/29/2017 12:13,21720,Pacific cod,256,550,1765,4,1,NA,NA,NA,NA,NA
-17432,162,201702,77,71,71,2017,63.324905,-168.243555,8/29/2017 12:13,21720,Pacific cod,257,530,1695,4,1,NA,NA,NA,NA,NA
-17432,162,201702,77,71,71,2017,63.324905,-168.243555,8/29/2017 12:13,21720,Pacific cod,258,490,1320,3,1,NA,NA,NA,NA,NA
-17433,162,201702,78,71,71,2017,63.330605,-167.508015,8/29/2017 15:39,21720,Pacific cod,259,550,1885,4,2,NA,NA,NA,NA,NA
-17433,162,201702,78,71,71,2017,63.330605,-167.508015,8/29/2017 15:39,21720,Pacific cod,260,510,1295,4,2,NA,NA,NA,NA,NA
-17433,162,201702,78,71,71,2017,63.330605,-167.508015,8/29/2017 15:39,21720,Pacific cod,261,380,485,2,1,NA,NA,NA,NA,NA
-17433,162,201702,78,71,71,2017,63.330605,-167.508015,8/29/2017 15:39,21720,Pacific cod,262,630,2925,5,1,NA,NA,NA,NA,NA
-17434,162,201702,79,70,70,2017,62.999245,-167.48401,8/29/2017 18:21,21720,Pacific cod,263,290,210,2,1,NA,NA,NA,NA,NA
-17434,162,201702,79,70,70,2017,62.999245,-167.48401,8/29/2017 18:21,21720,Pacific cod,264,240,120,1,1,NA,NA,NA,NA,NA
-17434,162,201702,79,70,70,2017,62.999245,-167.48401,8/29/2017 18:21,21720,Pacific cod,265,560,1910,4,2,NA,NA,NA,NA,NA
-17434,162,201702,79,70,70,2017,62.999245,-167.48401,8/29/2017 18:21,21720,Pacific cod,266,470,1145,3,2,NA,NA,NA,NA,NA
-17435,162,201702,80,70,70,2017,62.658195,-168.186235,8/31/2017 8:37,21720,Pacific cod,267,490,1205,4,2,NA,NA,NA,NA,NA
-17435,162,201702,80,70,70,2017,62.658195,-168.186235,8/31/2017 8:37,21720,Pacific cod,268,530,1455,4,2,NA,NA,NA,NA,NA
-17435,162,201702,80,70,70,2017,62.658195,-168.186235,8/31/2017 8:37,21720,Pacific cod,269,570,2100,4,2,NA,NA,NA,NA,NA
-17435,162,201702,80,70,70,2017,62.658195,-168.186235,8/31/2017 8:37,21720,Pacific cod,270,600,1815,5,1,NA,NA,NA,NA,NA
-17436,162,201702,81,70,70,2017,62.333685,-168.15468,8/31/2017 11:47,21720,Pacific cod,271,400,470,3,2,NA,NA,NA,NA,NA
-17436,162,201702,81,70,70,2017,62.333685,-168.15468,8/31/2017 11:47,21720,Pacific cod,272,230,110,1,2,NA,NA,NA,NA,NA
-17436,162,201702,81,70,70,2017,62.333685,-168.15468,8/31/2017 11:47,21720,Pacific cod,273,650,2840,5,1,NA,NA,NA,NA,NA
-17436,162,201702,81,70,70,2017,62.333685,-168.15468,8/31/2017 11:47,21720,Pacific cod,274,540,1620,4,1,NA,NA,NA,NA,NA
-17437,162,201702,82,70,70,2017,62.66205,-167.4697,8/31/2017 16:14,21720,Pacific cod,275,730,4680,6,1,NA,NA,NA,NA,NA
-17437,162,201702,82,70,70,2017,62.66205,-167.4697,8/31/2017 16:14,21720,Pacific cod,276,480,1140,3,1,NA,NA,NA,NA,NA
-17437,162,201702,82,70,70,2017,62.66205,-167.4697,8/31/2017 16:14,21720,Pacific cod,277,630,2670,4,2,NA,NA,NA,NA,NA
-17437,162,201702,82,70,70,2017,62.66205,-167.4697,8/31/2017 16:14,21720,Pacific cod,278,260,160,1,2,NA,NA,NA,NA,NA
-17438,162,201702,83,70,70,2017,62.338825,-167.437215,8/31/2017 18:52,21720,Pacific cod,279,650,2960,5,1,NA,NA,NA,NA,NA
-17438,162,201702,83,70,70,2017,62.338825,-167.437215,8/31/2017 18:52,21720,Pacific cod,280,550,1880,5,1,NA,NA,NA,NA,NA
-17438,162,201702,83,70,70,2017,62.338825,-167.437215,8/31/2017 18:52,21720,Pacific cod,281,560,1860,4,1,NA,NA,NA,NA,NA
-17438,162,201702,83,70,70,2017,62.338825,-167.437215,8/31/2017 18:52,21720,Pacific cod,282,580,2335,4,2,NA,NA,NA,NA,NA
-17439,162,201702,88,70,70,2017,61.005615,-168.035185,9/2/2017 9:10,21720,Pacific cod,302,630,2150,7,2,NA,NA,NA,NA,NA
-17439,162,201702,88,70,70,2017,61.005615,-168.035185,9/2/2017 9:10,21720,Pacific cod,299,710,4480,7,1,NA,NA,NA,NA,NA
-17439,162,201702,88,70,70,2017,61.005615,-168.035185,9/2/2017 9:10,21720,Pacific cod,300,640,2760,6,2,NA,NA,NA,NA,NA
-17439,162,201702,88,70,70,2017,61.005615,-168.035185,9/2/2017 9:10,21720,Pacific cod,301,720,4000,6,2,NA,NA,NA,NA,NA
-17441,162,201702,84,70,70,2017,62.000165,-167.442495,9/1/2017 8:40,21720,Pacific cod,283,590,2330,4,2,NA,NA,NA,NA,NA
-17441,162,201702,84,70,70,2017,62.000165,-167.442495,9/1/2017 8:40,21720,Pacific cod,284,550,1780,6,2,NA,NA,NA,NA,NA
-17441,162,201702,84,70,70,2017,62.000165,-167.442495,9/1/2017 8:40,21720,Pacific cod,285,570,1750,6,2,NA,NA,NA,NA,NA
-17441,162,201702,84,70,70,2017,62.000165,-167.442495,9/1/2017 8:40,21720,Pacific cod,286,760,4755,6,2,NA,NA,NA,NA,NA
-17442,162,201702,85,70,70,2017,62.001255,-168.125995,9/1/2017 11:28,21720,Pacific cod,287,450,1095,3,1,NA,NA,NA,NA,NA
-17442,162,201702,85,70,70,2017,62.001255,-168.125995,9/1/2017 11:28,21720,Pacific cod,288,530,1705,3,2,NA,NA,NA,NA,NA
-17442,162,201702,85,70,70,2017,62.001255,-168.125995,9/1/2017 11:28,21720,Pacific cod,289,620,2490,6,2,NA,NA,NA,NA,NA
-17442,162,201702,85,70,70,2017,62.001255,-168.125995,9/1/2017 11:28,21720,Pacific cod,290,600,2270,5,2,NA,NA,NA,NA,NA
-17443,162,201702,86,70,70,2017,61.667955,-168.0963,9/1/2017 14:13,21720,Pacific cod,291,270,190,2,1,NA,NA,NA,NA,NA
-17443,162,201702,86,70,70,2017,61.667955,-168.0963,9/1/2017 14:13,21720,Pacific cod,292,620,2550,4,1,NA,NA,NA,NA,NA
-17443,162,201702,86,70,70,2017,61.667955,-168.0963,9/1/2017 14:13,21720,Pacific cod,293,760,4900,5,2,NA,NA,NA,NA,NA
-17443,162,201702,86,70,70,2017,61.667955,-168.0963,9/1/2017 14:13,21720,Pacific cod,294,710,3525,5,2,NA,NA,NA,NA,NA
-17444,162,201702,87,70,70,2017,61.339715,-168.066195,9/1/2017 16:59,21720,Pacific cod,295,370,510,2,2,NA,NA,NA,NA,NA
-17444,162,201702,87,70,70,2017,61.339715,-168.066195,9/1/2017 16:59,21720,Pacific cod,296,320,330,2,2,NA,NA,NA,NA,NA
-17444,162,201702,87,70,70,2017,61.339715,-168.066195,9/1/2017 16:59,21720,Pacific cod,297,290,225,2,2,NA,NA,NA,NA,NA
-17444,162,201702,87,70,70,2017,61.339715,-168.066195,9/1/2017 16:59,21720,Pacific cod,298,750,5130,7,1,NA,NA,NA,NA,NA
-17453,162,201702,49,71,71,2017,64.30688,-171.27471,8/21/2017 8:27,21720,Pacific cod,147,660,3250,NA,2,NA,NA,NA,NA,NA
-17453,162,201702,49,71,71,2017,64.30688,-171.27471,8/21/2017 8:27,21720,Pacific cod,148,660,4045,6,1,NA,NA,NA,NA,NA
-17453,162,201702,49,71,71,2017,64.30688,-171.27471,8/21/2017 8:27,21720,Pacific cod,149,670,3220,6,1,NA,NA,NA,NA,NA
-17453,162,201702,49,71,71,2017,64.30688,-171.27471,8/21/2017 8:27,21720,Pacific cod,150,500,1440,4,1,NA,NA,NA,NA,NA
-17454,162,201702,50,71,71,2017,64.27813,-170.69045,8/21/2017 11:26,21720,Pacific cod,151,320,375,2,2,NA,NA,NA,NA,NA
-17454,162,201702,50,71,71,2017,64.27813,-170.69045,8/21/2017 11:26,21720,Pacific cod,152,680,3855,5,1,NA,NA,NA,NA,NA
-17454,162,201702,50,71,71,2017,64.27813,-170.69045,8/21/2017 11:26,21720,Pacific cod,153,310,320,2,1,NA,NA,NA,NA,NA
-17454,162,201702,50,71,71,2017,64.27813,-170.69045,8/21/2017 11:26,21720,Pacific cod,154,580,2270,5,1,NA,NA,NA,NA,NA
-17455,162,201702,51,71,71,2017,63.994085,-170.55932,8/21/2017 14:44,21720,Pacific cod,155,600,2550,4,2,NA,NA,NA,NA,NA
-17455,162,201702,51,71,71,2017,63.994085,-170.55932,8/21/2017 14:44,21720,Pacific cod,156,660,3500,8,2,NA,NA,NA,NA,NA
-17455,162,201702,51,71,71,2017,63.994085,-170.55932,8/21/2017 14:44,21720,Pacific cod,157,540,1795,5,2,NA,NA,NA,NA,NA
-17455,162,201702,51,71,71,2017,63.994085,-170.55932,8/21/2017 14:44,21720,Pacific cod,158,530,1985,4,1,NA,NA,NA,NA,NA
-17456,162,201702,52,71,71,2017,64.31149,-169.82966,8/21/2017 20:03,21720,Pacific cod,159,290,255,2,2,NA,NA,NA,NA,NA
-17456,162,201702,52,71,71,2017,64.31149,-169.82966,8/21/2017 20:03,21720,Pacific cod,160,560,1880,4,2,NA,NA,NA,NA,NA
-17456,162,201702,52,71,71,2017,64.31149,-169.82966,8/21/2017 20:03,21720,Pacific cod,161,800,7015,6,2,NA,NA,NA,NA,NA
-17456,162,201702,52,71,71,2017,64.31149,-169.82966,8/21/2017 20:03,21720,Pacific cod,162,720,3115,7,1,NA,NA,NA,NA,NA
-19496,94,201902,1,81,81,2019,62.00723,-173.080015,7/29/2019 7:20,21720,Pacific cod,1,650,2975,5,2,NA,NA,NA,NA,NA
-19496,94,201902,1,81,81,2019,62.00723,-173.080015,7/29/2019 7:20,21720,Pacific cod,2,710,4345,6,2,NA,NA,NA,NA,NA
-19496,94,201902,1,81,81,2019,62.00723,-173.080015,7/29/2019 7:20,21720,Pacific cod,3,470,1035,3,1,NA,NA,NA,NA,NA
-19496,94,201902,1,81,81,2019,62.00723,-173.080015,7/29/2019 7:20,21720,Pacific cod,4,490,1245,3,1,NA,NA,NA,NA,NA
-19497,94,201902,2,81,81,2019,61.6776,-173.093545,7/29/2019 10:04,21720,Pacific cod,5,400,600,3,1,NA,NA,NA,NA,NA
-19497,94,201902,2,81,81,2019,61.6776,-173.093545,7/29/2019 10:04,21720,Pacific cod,6,830,6445,8,1,NA,NA,NA,NA,NA
-19497,94,201902,2,81,81,2019,61.6776,-173.093545,7/29/2019 10:04,21720,Pacific cod,7,580,2405,4,2,NA,NA,NA,NA,NA
-19497,94,201902,2,81,81,2019,61.6776,-173.093545,7/29/2019 10:04,21720,Pacific cod,8,790,5020,6,2,NA,NA,NA,NA,NA
-19498,94,201902,3,81,81,2019,61.333085,-172.93076,7/29/2019 12:51,21720,Pacific cod,9,680,3145,5,2,NA,NA,NA,NA,NA
-19498,94,201902,3,81,81,2019,61.333085,-172.93076,7/29/2019 12:51,21720,Pacific cod,10,550,1955,4,2,NA,NA,NA,NA,NA
-19498,94,201902,3,81,81,2019,61.333085,-172.93076,7/29/2019 12:51,21720,Pacific cod,11,410,605,3,2,NA,NA,NA,NA,NA
-19498,94,201902,3,81,81,2019,61.333085,-172.93076,7/29/2019 12:51,21720,Pacific cod,12,670,2995,5,1,NA,NA,NA,NA,NA
-19499,94,201902,4,81,81,2019,61.34241,-172.285085,7/29/2019 15:38,21720,Pacific cod,13,530,1540,3,1,NA,NA,NA,NA,NA
-19499,94,201902,4,81,81,2019,61.34241,-172.285085,7/29/2019 15:38,21720,Pacific cod,14,760,6145,6,1,NA,NA,NA,NA,NA
-19499,94,201902,4,81,81,2019,61.34241,-172.285085,7/29/2019 15:38,21720,Pacific cod,15,360,435,2,1,NA,NA,NA,NA,NA
-19499,94,201902,4,81,81,2019,61.34241,-172.285085,7/29/2019 15:38,21720,Pacific cod,16,720,3750,6,2,NA,NA,NA,NA,NA
-19500,94,201902,5,81,81,2019,61.662905,-172.33209,7/29/2019 18:10,21720,Pacific cod,17,540,1655,4,2,NA,NA,NA,NA,NA
-19500,94,201902,5,81,81,2019,61.662905,-172.33209,7/29/2019 18:10,21720,Pacific cod,18,720,4555,8,2,NA,NA,NA,NA,NA
-19500,94,201902,5,81,81,2019,61.662905,-172.33209,7/29/2019 18:10,21720,Pacific cod,19,390,520,2,2,NA,NA,NA,NA,NA
-19500,94,201902,5,81,81,2019,61.662905,-172.33209,7/29/2019 18:10,21720,Pacific cod,20,660,3465,6,1,NA,NA,NA,NA,NA
-19501,94,201902,6,81,81,2019,61.679305,-171.556475,7/30/2019 7:21,21720,Pacific cod,21,470,1085,3,2,NA,NA,NA,NA,NA
-19501,94,201902,6,81,81,2019,61.679305,-171.556475,7/30/2019 7:21,21720,Pacific cod,22,880,7995,8,1,NA,NA,NA,NA,NA
-19501,94,201902,6,81,81,2019,61.679305,-171.556475,7/30/2019 7:21,21720,Pacific cod,23,590,2005,3,1,NA,NA,NA,NA,NA
-19501,94,201902,6,81,81,2019,61.679305,-171.556475,7/30/2019 7:21,21720,Pacific cod,24,690,3855,5,1,NA,NA,NA,NA,NA
-19502,94,201902,7,81,81,2019,61.342485,-171.48311,7/30/2019 10:02,21720,Pacific cod,25,560,1900,4,2,NA,NA,NA,NA,NA
-19502,94,201902,7,81,81,2019,61.342485,-171.48311,7/30/2019 10:02,21720,Pacific cod,26,470,970,3,1,NA,NA,NA,NA,NA
-19502,94,201902,7,81,81,2019,61.342485,-171.48311,7/30/2019 10:02,21720,Pacific cod,27,640,3310,5,1,NA,NA,NA,NA,NA
-19502,94,201902,7,81,81,2019,61.342485,-171.48311,7/30/2019 10:02,21720,Pacific cod,28,760,4920,12,1,NA,NA,NA,NA,NA
-19503,94,201902,8,81,81,2019,61.33953,-170.850915,7/30/2019 12:39,21720,Pacific cod,29,770,5295,7,1,NA,NA,NA,NA,NA
-19503,94,201902,8,81,81,2019,61.33953,-170.850915,7/30/2019 12:39,21720,Pacific cod,30,560,1825,5,1,NA,NA,NA,NA,NA
-19503,94,201902,8,81,81,2019,61.33953,-170.850915,7/30/2019 12:39,21720,Pacific cod,31,680,3295,5,1,NA,NA,NA,NA,NA
-19503,94,201902,8,81,81,2019,61.33953,-170.850915,7/30/2019 12:39,21720,Pacific cod,32,710,4175,6,2,NA,NA,NA,NA,NA
-19504,94,201902,9,81,81,2019,61.67408,-170.91697,7/30/2019 15:23,21720,Pacific cod,33,650,3915,5,2,NA,NA,NA,NA,NA
-19504,94,201902,9,81,81,2019,61.67408,-170.91697,7/30/2019 15:23,21720,Pacific cod,34,690,4575,6,2,NA,NA,NA,NA,NA
-19504,94,201902,9,81,81,2019,61.67408,-170.91697,7/30/2019 15:23,21720,Pacific cod,35,660,3060,6,1,NA,NA,NA,NA,NA
-19504,94,201902,9,81,81,2019,61.67408,-170.91697,7/30/2019 15:23,21720,Pacific cod,36,570,1745,5,1,NA,NA,NA,NA,NA
-19504,94,201902,9,81,81,2019,61.67408,-170.91697,7/30/2019 15:23,21720,Pacific cod,37,230,110,1,2,NA,NA,NA,NA,NA
-19750,94,201902,31,71,71,2019,63.334115,-166.038665,8/8/2019 9:40,21720,Pacific cod,38,810,5770,7,2,NA,NA,NA,NA,NA
-19752,94,201902,33,71,71,2019,63.336715,-166.76685,8/8/2019 13:12,21720,Pacific cod,42,460,1085,3,2,NA,NA,NA,NA,NA
-19752,94,201902,33,71,71,2019,63.336715,-166.76685,8/8/2019 13:12,21720,Pacific cod,39,640,2840,6,1,NA,NA,NA,NA,NA
-19752,94,201902,33,71,71,2019,63.336715,-166.76685,8/8/2019 13:12,21720,Pacific cod,40,710,3215,7,1,NA,NA,NA,NA,NA
-19752,94,201902,33,71,71,2019,63.336715,-166.76685,8/8/2019 13:12,21720,Pacific cod,41,770,6335,6,2,NA,NA,NA,NA,NA
-19759,94,201902,35,70,70,2019,63.00628,-166.75543,8/9/2019 7:32,21720,Pacific cod,43,830,5560,10,2,NA,NA,NA,NA,NA
-19759,94,201902,35,70,70,2019,63.00628,-166.75543,8/9/2019 7:32,21720,Pacific cod,44,750,4680,7,2,NA,NA,NA,NA,NA
-19759,94,201902,35,70,70,2019,63.00628,-166.75543,8/9/2019 7:32,21720,Pacific cod,45,670,3230,5,1,NA,NA,NA,NA,NA
-19759,94,201902,35,70,70,2019,63.00628,-166.75543,8/9/2019 7:32,21720,Pacific cod,46,540,1785,4,1,NA,NA,NA,NA,NA
-19761,94,201902,37,70,70,2019,62.661525,-166.746715,8/9/2019 10:47,21720,Pacific cod,47,650,3110,6,1,NA,NA,NA,NA,NA
-19774,94,201902,43,70,70,2019,62.669555,-167.449085,8/10/2019 12:51,21720,Pacific cod,55,680,3545,7,2,NA,NA,NA,NA,NA
-19774,94,201902,43,70,70,2019,62.669555,-167.449085,8/10/2019 12:51,21720,Pacific cod,56,260,180,1,2,NA,NA,NA,NA,NA
-19774,94,201902,43,70,70,2019,62.669555,-167.449085,8/10/2019 12:51,21720,Pacific cod,57,640,3420,5,1,NA,NA,NA,NA,NA
-19774,94,201902,43,70,70,2019,62.669555,-167.449085,8/10/2019 12:51,21720,Pacific cod,58,270,200,1,1,NA,NA,NA,NA,NA
-19772,94,201902,41,70,70,2019,61.99045,-167.4153,8/10/2019 7:38,21720,Pacific cod,48,720,3640,6,2,NA,NA,NA,NA,NA
-19772,94,201902,41,70,70,2019,61.99045,-167.4153,8/10/2019 7:38,21720,Pacific cod,49,160,35,1,2,NA,NA,NA,NA,NA
-19772,94,201902,41,70,70,2019,61.99045,-167.4153,8/10/2019 7:38,21720,Pacific cod,50,660,3065,4,1,NA,NA,NA,NA,NA
-19773,94,201902,42,70,70,2019,62.33572,-167.438125,8/10/2019 10:19,21720,Pacific cod,51,720,4130,6,1,NA,NA,NA,NA,NA
-19773,94,201902,42,70,70,2019,62.33572,-167.438125,8/10/2019 10:19,21720,Pacific cod,52,260,165,1,1,NA,NA,NA,NA,NA
-19773,94,201902,42,70,70,2019,62.33572,-167.438125,8/10/2019 10:19,21720,Pacific cod,53,260,170,1,2,NA,NA,NA,NA,NA
-19773,94,201902,42,70,70,2019,62.33572,-167.438125,8/10/2019 10:19,21720,Pacific cod,54,230,105,1,2,NA,NA,NA,NA,NA
-19775,94,201902,44,70,70,2019,62.998815,-167.488725,8/10/2019 15:21,21720,Pacific cod,59,600,2530,5,2,NA,NA,NA,NA,NA
-19775,94,201902,44,70,70,2019,62.998815,-167.488725,8/10/2019 15:21,21720,Pacific cod,60,720,4390,6,2,NA,NA,NA,NA,NA
-19775,94,201902,44,70,70,2019,62.998815,-167.488725,8/10/2019 15:21,21720,Pacific cod,61,570,2060,5,1,NA,NA,NA,NA,NA
-19775,94,201902,44,70,70,2019,62.998815,-167.488725,8/10/2019 15:21,21720,Pacific cod,62,240,120,1,1,NA,NA,NA,NA,NA
-19776,94,201902,45,71,71,2019,63.341035,-167.513515,8/10/2019 17:49,21720,Pacific cod,63,250,155,1,1,NA,NA,NA,NA,NA
-19776,94,201902,45,71,71,2019,63.341035,-167.513515,8/10/2019 17:49,21720,Pacific cod,64,220,120,1,1,NA,NA,NA,NA,NA
-19776,94,201902,45,71,71,2019,63.341035,-167.513515,8/10/2019 17:49,21720,Pacific cod,65,600,2460,5,2,NA,NA,NA,NA,NA
-19776,94,201902,45,71,71,2019,63.341035,-167.513515,8/10/2019 17:49,21720,Pacific cod,66,560,2370,3,2,NA,NA,NA,NA,NA
-19781,94,201902,47,71,71,2019,63.99847,-166.81108,8/11/2019 8:22,21720,Pacific cod,67,630,3020,5,1,NA,NA,NA,NA,NA
-19781,94,201902,47,71,71,2019,63.99847,-166.81108,8/11/2019 8:22,21720,Pacific cod,68,360,540,2,1,NA,NA,NA,NA,NA
-19781,94,201902,47,71,71,2019,63.99847,-166.81108,8/11/2019 8:22,21720,Pacific cod,69,270,190,2,2,NA,NA,NA,NA,NA
-19781,94,201902,47,71,71,2019,63.99847,-166.81108,8/11/2019 8:22,21720,Pacific cod,70,220,105,1,2,NA,NA,NA,NA,NA
-19782,94,201902,48,71,71,2019,63.66541,-166.78842,8/11/2019 10:55,21720,Pacific cod,71,250,165,1,1,NA,NA,NA,NA,NA
-19782,94,201902,48,71,71,2019,63.66541,-166.78842,8/11/2019 10:55,21720,Pacific cod,72,650,3620,6,1,NA,NA,NA,NA,NA
-19782,94,201902,48,71,71,2019,63.66541,-166.78842,8/11/2019 10:55,21720,Pacific cod,73,670,3485,5,2,NA,NA,NA,NA,NA
-19782,94,201902,48,71,71,2019,63.66541,-166.78842,8/11/2019 10:55,21720,Pacific cod,74,450,1000,3,2,NA,NA,NA,NA,NA
-19783,94,201902,49,71,71,2019,63.673455,-166.063625,8/11/2019 13:41,21720,Pacific cod,75,790,4875,6,2,NA,NA,NA,NA,NA
-19783,94,201902,49,71,71,2019,63.673455,-166.063625,8/11/2019 13:41,21720,Pacific cod,76,230,110,1,2,NA,NA,NA,NA,NA
-19783,94,201902,49,71,71,2019,63.673455,-166.063625,8/11/2019 13:41,21720,Pacific cod,77,190,60,1,2,NA,NA,NA,NA,NA
-19783,94,201902,49,71,71,2019,63.673455,-166.063625,8/11/2019 13:41,21720,Pacific cod,78,150,30,1,2,NA,NA,NA,NA,NA
-19784,94,201902,50,71,71,2019,64.0034,-166.056865,8/11/2019 16:07,21720,Pacific cod,79,200,70,1,1,NA,NA,NA,NA,NA
-19784,94,201902,50,71,71,2019,64.0034,-166.056865,8/11/2019 16:07,21720,Pacific cod,80,140,25,1,1,NA,NA,NA,NA,NA
-19784,94,201902,50,71,71,2019,64.0034,-166.056865,8/11/2019 16:07,21720,Pacific cod,81,220,100,1,2,NA,NA,NA,NA,NA
-19784,94,201902,50,71,71,2019,64.0034,-166.056865,8/11/2019 16:07,21720,Pacific cod,82,150,35,1,2,NA,NA,NA,NA,NA
-19792,94,201902,51,71,71,2019,63.674145,-167.51265,8/13/2019 7:36,21720,Pacific cod,83,290,240,2,1,NA,NA,NA,NA,NA
-19792,94,201902,51,71,71,2019,63.674145,-167.51265,8/13/2019 7:36,21720,Pacific cod,84,720,4500,6,2,NA,NA,NA,NA,NA
-19792,94,201902,51,71,71,2019,63.674145,-167.51265,8/13/2019 7:36,21720,Pacific cod,85,590,2155,3,2,NA,NA,NA,NA,NA
-19792,94,201902,51,71,71,2019,63.674145,-167.51265,8/13/2019 7:36,21720,Pacific cod,86,290,235,2,2,NA,NA,NA,NA,NA
-19794,94,201902,53,71,71,2019,63.67149,-168.26885,8/13/2019 11:06,21720,Pacific cod,87,700,3700,6,1,NA,NA,NA,NA,NA
-19794,94,201902,53,71,71,2019,63.67149,-168.26885,8/13/2019 11:06,21720,Pacific cod,88,300,310,2,1,NA,NA,NA,NA,NA
-19794,94,201902,53,71,71,2019,63.67149,-168.26885,8/13/2019 11:06,21720,Pacific cod,89,610,2835,4,2,NA,NA,NA,NA,NA
-19794,94,201902,53,71,71,2019,63.67149,-168.26885,8/13/2019 11:06,21720,Pacific cod,90,700,4325,4,2,NA,NA,NA,NA,NA
-19795,94,201902,54,71,71,2019,63.341185,-168.2779,8/13/2019 14:14,21720,Pacific cod,91,440,955,3,1,NA,NA,NA,NA,NA
-19795,94,201902,54,71,71,2019,63.341185,-168.2779,8/13/2019 14:14,21720,Pacific cod,92,920,3010,NA,1,NA,NA,NA,NA,NA
-19795,94,201902,54,71,71,2019,63.341185,-168.2779,8/13/2019 14:14,21720,Pacific cod,93,770,4870,9,2,NA,NA,NA,NA,NA
-19795,94,201902,54,71,71,2019,63.341185,-168.2779,8/13/2019 14:14,21720,Pacific cod,94,430,895,3,2,NA,NA,NA,NA,NA
-19796,94,201902,55,70,70,2019,63.00614,-168.21037,8/13/2019 17:51,21720,Pacific cod,95,660,3190,6,1,NA,NA,NA,NA,NA
-19796,94,201902,55,70,70,2019,63.00614,-168.21037,8/13/2019 17:51,21720,Pacific cod,96,260,175,2,1,NA,NA,NA,NA,NA
-19796,94,201902,55,70,70,2019,63.00614,-168.21037,8/13/2019 17:51,21720,Pacific cod,97,720,4510,5,1,NA,NA,NA,NA,NA
-19796,94,201902,55,70,70,2019,63.00614,-168.21037,8/13/2019 17:51,21720,Pacific cod,98,400,630,3,2,NA,NA,NA,NA,NA
-19797,94,201902,59,70,70,2019,62.66791,-168.186865,8/15/2019 7:53,21720,Pacific cod,107,300,280,2,1,NA,NA,NA,NA,NA
-19797,94,201902,59,70,70,2019,62.66791,-168.186865,8/15/2019 7:53,21720,Pacific cod,108,610,2405,6,2,NA,NA,NA,NA,NA
-19797,94,201902,59,70,70,2019,62.66791,-168.186865,8/15/2019 7:53,21720,Pacific cod,109,250,160,2,2,NA,NA,NA,NA,NA
-19797,94,201902,59,70,70,2019,62.66791,-168.186865,8/15/2019 7:53,21720,Pacific cod,110,730,4565,6,2,NA,NA,NA,NA,NA
-19798,94,201902,60,70,70,2019,62.34296,-168.139095,8/15/2019 10:30,21720,Pacific cod,111,270,205,2,2,NA,NA,NA,NA,NA
-19798,94,201902,60,70,70,2019,62.34296,-168.139095,8/15/2019 10:30,21720,Pacific cod,112,250,170,2,2,NA,NA,NA,NA,NA
-19798,94,201902,60,70,70,2019,62.34296,-168.139095,8/15/2019 10:30,21720,Pacific cod,113,710,4720,5,2,NA,NA,NA,NA,NA
-19798,94,201902,60,70,70,2019,62.34296,-168.139095,8/15/2019 10:30,21720,Pacific cod,114,190,95,1,2,NA,NA,NA,NA,NA
-19799,94,201902,61,70,70,2019,62.33586,-168.865795,8/15/2019 13:30,21720,Pacific cod,118,610,2600,6,2,NA,NA,NA,NA,NA
-19799,94,201902,61,70,70,2019,62.33586,-168.865795,8/15/2019 13:30,21720,Pacific cod,115,490,1230,3,1,NA,NA,NA,NA,NA
-19799,94,201902,61,70,70,2019,62.33586,-168.865795,8/15/2019 13:30,21720,Pacific cod,116,610,2615,4,1,NA,NA,NA,NA,NA
-19799,94,201902,61,70,70,2019,62.33586,-168.865795,8/15/2019 13:30,21720,Pacific cod,117,480,1275,5,2,NA,NA,NA,NA,NA
-19800,94,201902,62,70,70,2019,61.997905,-168.837175,8/15/2019 16:23,21720,Pacific cod,119,250,150,2,1,NA,NA,NA,NA,NA
-19800,94,201902,62,70,70,2019,61.997905,-168.837175,8/15/2019 16:23,21720,Pacific cod,120,210,85,1,1,NA,NA,NA,NA,NA
-19800,94,201902,62,70,70,2019,61.997905,-168.837175,8/15/2019 16:23,21720,Pacific cod,121,650,3215,6,2,NA,NA,NA,NA,NA
-19800,94,201902,62,70,70,2019,61.997905,-168.837175,8/15/2019 16:23,21720,Pacific cod,122,210,85,1,2,NA,NA,NA,NA,NA
-19813,94,201902,66,70,70,2019,61.32822,-168.769,8/16/2019 16:07,21720,Pacific cod,135,200,85,1,1,NA,NA,NA,NA,NA
-19813,94,201902,66,70,70,2019,61.32822,-168.769,8/16/2019 16:07,21720,Pacific cod,136,180,70,1,1,NA,NA,NA,NA,NA
-19813,94,201902,66,70,70,2019,61.32822,-168.769,8/16/2019 16:07,21720,Pacific cod,137,190,75,1,2,NA,NA,NA,NA,NA
-19813,94,201902,66,70,70,2019,61.32822,-168.769,8/16/2019 16:07,21720,Pacific cod,138,570,2125,3,2,NA,NA,NA,NA,NA
-19810,94,201902,63,70,70,2019,61.997985,-168.12715,8/16/2019 7:53,21720,Pacific cod,123,640,3130,6,1,NA,NA,NA,NA,NA
-19810,94,201902,63,70,70,2019,61.997985,-168.12715,8/16/2019 7:53,21720,Pacific cod,124,690,3580,6,2,NA,NA,NA,NA,NA
-19810,94,201902,63,70,70,2019,61.997985,-168.12715,8/16/2019 7:53,21720,Pacific cod,125,690,3545,4,2,NA,NA,NA,NA,NA
-19810,94,201902,63,70,70,2019,61.997985,-168.12715,8/16/2019 7:53,21720,Pacific cod,126,250,175,2,2,NA,NA,NA,NA,NA
-19811,94,201902,64,70,70,2019,61.6656,-168.083865,8/16/2019 10:29,21720,Pacific cod,127,620,2585,6,1,NA,NA,NA,NA,NA
-19811,94,201902,64,70,70,2019,61.6656,-168.083865,8/16/2019 10:29,21720,Pacific cod,128,680,3335,6,2,NA,NA,NA,NA,NA
-19811,94,201902,64,70,70,2019,61.6656,-168.083865,8/16/2019 10:29,21720,Pacific cod,129,160,40,1,2,NA,NA,NA,NA,NA
-19812,94,201902,65,70,70,2019,61.665925,-168.803725,8/16/2019 13:22,21720,Pacific cod,130,650,3075,6,1,NA,NA,NA,NA,NA
-19812,94,201902,65,70,70,2019,61.665925,-168.803725,8/16/2019 13:22,21720,Pacific cod,131,550,1800,5,1,NA,NA,NA,NA,NA
-19812,94,201902,65,70,70,2019,61.665925,-168.803725,8/16/2019 13:22,21720,Pacific cod,132,560,2310,4,2,NA,NA,NA,NA,NA
-19812,94,201902,65,70,70,2019,61.665925,-168.803725,8/16/2019 13:22,21720,Pacific cod,133,580,2385,3,2,NA,NA,NA,NA,NA
-19812,94,201902,65,70,70,2019,61.665925,-168.803725,8/16/2019 13:22,21720,Pacific cod,134,190,75,1,2,NA,NA,NA,NA,NA
-19814,94,201902,67,70,70,2019,61.331305,-168.08544,8/17/2019 7:51,21720,Pacific cod,139,750,4205,6,2,NA,NA,NA,NA,NA
-19831,94,201902,75,70,70,2019,60.6635,-167.33004,8/18/2019 16:06,21720,Pacific cod,140,170,35,1,2,NA,NA,NA,NA,NA
-19838,94,201902,78,70,70,2019,60.99725,-168.714285,8/19/2019 13:13,21720,Pacific cod,141,200,85,1,1,NA,NA,NA,NA,NA
-19838,94,201902,78,70,70,2019,60.99725,-168.714285,8/19/2019 13:13,21720,Pacific cod,142,210,100,1,1,NA,NA,NA,NA,NA
-19838,94,201902,78,70,70,2019,60.99725,-168.714285,8/19/2019 13:13,21720,Pacific cod,143,200,80,1,2,NA,NA,NA,NA,NA
-19838,94,201902,78,70,70,2019,60.99725,-168.714285,8/19/2019 13:13,21720,Pacific cod,144,220,110,1,2,NA,NA,NA,NA,NA
-19843,94,201902,57,70,70,2019,62.872775,-168.828885,8/14/2019 16:01,21720,Pacific cod,99,310,290,2,1,NA,NA,NA,NA,NA
-19843,94,201902,57,70,70,2019,62.872775,-168.828885,8/14/2019 16:01,21720,Pacific cod,100,280,205,2,1,NA,NA,NA,NA,NA
-19843,94,201902,57,70,70,2019,62.872775,-168.828885,8/14/2019 16:01,21720,Pacific cod,101,450,1015,3,2,NA,NA,NA,NA,NA
-19843,94,201902,57,70,70,2019,62.872775,-168.828885,8/14/2019 16:01,21720,Pacific cod,102,710,3250,6,2,NA,NA,NA,NA,NA
-19844,94,201902,58,70,70,2019,62.67068,-168.891655,8/14/2019 17:52,21720,Pacific cod,103,530,1600,3,1,NA,NA,NA,NA,NA
-19844,94,201902,58,70,70,2019,62.67068,-168.891655,8/14/2019 17:52,21720,Pacific cod,104,670,3305,5,1,NA,NA,NA,NA,NA
-19844,94,201902,58,70,70,2019,62.67068,-168.891655,8/14/2019 17:52,21720,Pacific cod,105,390,640,2,2,NA,NA,NA,NA,NA
-19844,94,201902,58,70,70,2019,62.67068,-168.891655,8/14/2019 17:52,21720,Pacific cod,106,270,210,2,2,NA,NA,NA,NA,NA
-19845,94,201902,80,70,70,2019,60.667385,-168.69992,8/20/2019 8:07,21720,Pacific cod,145,230,105,1,2,NA,NA,NA,NA,NA
-19845,94,201902,80,70,70,2019,60.667385,-168.69992,8/20/2019 8:07,21720,Pacific cod,146,160,45,1,2,NA,NA,NA,NA,NA
-19845,94,201902,80,70,70,2019,60.667385,-168.69992,8/20/2019 8:07,21720,Pacific cod,147,210,80,1,1,NA,NA,NA,NA,NA
-19845,94,201902,80,70,70,2019,60.667385,-168.69992,8/20/2019 8:07,21720,Pacific cod,148,210,90,1,1,NA,NA,NA,NA,NA
-19846,94,201902,81,70,70,2019,60.66889,-169.36521,8/20/2019 10:36,21720,Pacific cod,149,660,3270,6,1,NA,NA,NA,NA,NA
-19846,94,201902,81,70,70,2019,60.66889,-169.36521,8/20/2019 10:36,21720,Pacific cod,150,190,60,1,1,NA,NA,NA,NA,NA
-19846,94,201902,81,70,70,2019,60.66889,-169.36521,8/20/2019 10:36,21720,Pacific cod,151,250,135,1,2,NA,NA,NA,NA,NA
-19846,94,201902,81,70,70,2019,60.66889,-169.36521,8/20/2019 10:36,21720,Pacific cod,152,200,65,1,2,NA,NA,NA,NA,NA
-19485,162,201902,1,81,81,2019,62.31661,-175.319035,7/28/2019 15:46,21720,Pacific cod,1,700,4388,5,2,NA,NA,NA,NA,NA
-19485,162,201902,1,81,81,2019,62.31661,-175.319035,7/28/2019 15:46,21720,Pacific cod,2,820,5875,7,2,NA,NA,NA,NA,NA
-19485,162,201902,1,81,81,2019,62.31661,-175.319035,7/28/2019 15:46,21720,Pacific cod,3,790,5345,7,1,NA,NA,NA,NA,NA
-19485,162,201902,1,81,81,2019,62.31661,-175.319035,7/28/2019 15:46,21720,Pacific cod,4,510,1595,4,1,NA,NA,NA,NA,NA
-19486,162,201902,2,81,81,2019,62.33512,-174.571725,7/29/2019 7:38,21720,Pacific cod,5,410,688,3,1,NA,NA,NA,NA,NA
-19486,162,201902,2,81,81,2019,62.33512,-174.571725,7/29/2019 7:38,21720,Pacific cod,6,540,1682,3,1,NA,NA,NA,NA,NA
-19486,162,201902,2,81,81,2019,62.33512,-174.571725,7/29/2019 7:38,21720,Pacific cod,7,810,5965,8,2,NA,NA,NA,NA,NA
-19486,162,201902,2,81,81,2019,62.33512,-174.571725,7/29/2019 7:38,21720,Pacific cod,8,450,1014,3,2,NA,NA,NA,NA,NA
-19487,162,201902,3,81,81,2019,62.334245,-173.86337,7/29/2019 10:08,21720,Pacific cod,9,480,1450,3,2,NA,NA,NA,NA,NA
-19487,162,201902,3,81,81,2019,62.334245,-173.86337,7/29/2019 10:08,21720,Pacific cod,10,700,4456,5,2,NA,NA,NA,NA,NA
-19487,162,201902,3,81,81,2019,62.334245,-173.86337,7/29/2019 10:08,21720,Pacific cod,11,480,1094,3,1,NA,NA,NA,NA,NA
-19487,162,201902,3,81,81,2019,62.334245,-173.86337,7/29/2019 10:08,21720,Pacific cod,12,580,2268,5,1,NA,NA,NA,NA,NA
-19488,162,201902,4,81,81,2019,62.334975,-173.156085,7/29/2019 12:43,21720,Pacific cod,13,550,1822,3,2,NA,NA,NA,NA,NA
-19488,162,201902,4,81,81,2019,62.334975,-173.156085,7/29/2019 12:43,21720,Pacific cod,14,460,856,4,2,NA,NA,NA,NA,NA
-19488,162,201902,4,81,81,2019,62.334975,-173.156085,7/29/2019 12:43,21720,Pacific cod,15,530,1536,4,2,NA,NA,NA,NA,NA
-19488,162,201902,4,81,81,2019,62.334975,-173.156085,7/29/2019 12:43,21720,Pacific cod,16,600,2416,5,2,NA,NA,NA,NA,NA
-19489,162,201902,5,81,81,2019,62.3282,-172.451475,7/29/2019 15:19,21720,Pacific cod,17,590,1892,4,1,NA,NA,NA,NA,NA
-19489,162,201902,5,81,81,2019,62.3282,-172.451475,7/29/2019 15:19,21720,Pacific cod,18,360,500,2,1,NA,NA,NA,NA,NA
-19489,162,201902,5,81,81,2019,62.3282,-172.451475,7/29/2019 15:19,21720,Pacific cod,19,490,1160,4,2,NA,NA,NA,NA,NA
-19489,162,201902,5,81,81,2019,62.3282,-172.451475,7/29/2019 15:19,21720,Pacific cod,20,560,2194,4,2,NA,NA,NA,NA,NA
-19490,162,201902,6,81,81,2019,62.00941,-172.371035,7/29/2019 17:54,21720,Pacific cod,21,280,194,1,1,NA,NA,NA,NA,NA
-19490,162,201902,6,81,81,2019,62.00941,-172.371035,7/29/2019 17:54,21720,Pacific cod,22,660,3284,4,1,NA,NA,NA,NA,NA
-19490,162,201902,6,81,81,2019,62.00941,-172.371035,7/29/2019 17:54,21720,Pacific cod,23,680,3600,7,2,NA,NA,NA,NA,NA
-19490,162,201902,6,81,81,2019,62.00941,-172.371035,7/29/2019 17:54,21720,Pacific cod,24,870,8175,7,2,NA,NA,NA,NA,NA
-19491,162,201902,7,70,70,2019,61.985235,-171.655805,7/30/2019 7:32,21720,Pacific cod,27,490,1450,4,2,NA,NA,NA,NA,NA
-19491,162,201902,7,70,70,2019,61.985235,-171.655805,7/30/2019 7:32,21720,Pacific cod,28,440,870,4,2,NA,NA,NA,NA,NA
-19491,162,201902,7,70,70,2019,61.985235,-171.655805,7/30/2019 7:32,21720,Pacific cod,25,590,2268,5,2,NA,NA,NA,NA,NA
-19491,162,201902,7,70,70,2019,61.985235,-171.655805,7/30/2019 7:32,21720,Pacific cod,26,670,3372,4,1,NA,NA,NA,NA,NA
-19492,162,201902,8,81,81,2019,62.321995,-171.706535,7/30/2019 10:07,21720,Pacific cod,29,720,4276,6,1,NA,NA,NA,NA,NA
-19492,162,201902,8,81,81,2019,62.321995,-171.706535,7/30/2019 10:07,21720,Pacific cod,30,550,1836,4,2,NA,NA,NA,NA,NA
-19492,162,201902,8,81,81,2019,62.321995,-171.706535,7/30/2019 10:07,21720,Pacific cod,31,330,352,2,2,NA,NA,NA,NA,NA
-19492,162,201902,8,81,81,2019,62.321995,-171.706535,7/30/2019 10:07,21720,Pacific cod,32,370,506,2,1,NA,NA,NA,NA,NA
-19493,162,201902,9,70,70,2019,62.33823,-171.04723,7/30/2019 12:33,21720,Pacific cod,33,580,1902,5,2,NA,NA,NA,NA,NA
-19493,162,201902,9,70,70,2019,62.33823,-171.04723,7/30/2019 12:33,21720,Pacific cod,34,410,598,3,2,NA,NA,NA,NA,NA
-19493,162,201902,9,70,70,2019,62.33823,-171.04723,7/30/2019 12:33,21720,Pacific cod,35,560,1934,3,1,NA,NA,NA,NA,NA
-19493,162,201902,9,70,70,2019,62.33823,-171.04723,7/30/2019 12:33,21720,Pacific cod,36,690,3794,6,1,NA,NA,NA,NA,NA
-19494,162,201902,10,70,70,2019,61.99793,-170.978145,7/30/2019 15:13,21720,Pacific cod,37,660,3334,6,1,NA,NA,NA,NA,NA
-19494,162,201902,10,70,70,2019,61.99793,-170.978145,7/30/2019 15:13,21720,Pacific cod,38,720,4370,6,1,NA,NA,NA,NA,NA
-19494,162,201902,10,70,70,2019,61.99793,-170.978145,7/30/2019 15:13,21720,Pacific cod,39,680,3810,6,2,NA,NA,NA,NA,NA
-19494,162,201902,10,70,70,2019,61.99793,-170.978145,7/30/2019 15:13,21720,Pacific cod,40,780,5460,6,2,NA,NA,NA,NA,NA
-19579,162,201902,14,71,71,2019,64.673895,-167.605935,8/5/2019 7:44,21720,Pacific cod,42,710,4020,5,1,NA,NA,NA,NA,NA
-19579,162,201902,14,71,71,2019,64.673895,-167.605935,8/5/2019 7:44,21720,Pacific cod,43,710,4124,6,1,NA,NA,NA,NA,NA
-19579,162,201902,14,71,71,2019,64.673895,-167.605935,8/5/2019 7:44,21720,Pacific cod,44,750,5035,6,2,NA,NA,NA,NA,NA
-19579,162,201902,14,71,71,2019,64.673895,-167.605935,8/5/2019 7:44,21720,Pacific cod,45,630,2990,5,2,NA,NA,NA,NA,NA
-19580,162,201902,15,71,71,2019,65.006105,-167.643845,8/5/2019 10:24,21720,Pacific cod,47,640,2848,6,1,NA,NA,NA,NA,NA
-19580,162,201902,15,71,71,2019,65.006105,-167.643845,8/5/2019 10:24,21720,Pacific cod,46,220,104,1,1,NA,NA,NA,NA,NA
-19580,162,201902,15,71,71,2019,65.006105,-167.643845,8/5/2019 10:24,21720,Pacific cod,48,680,3606,5,1,NA,NA,NA,NA,NA
-19580,162,201902,15,71,71,2019,65.006105,-167.643845,8/5/2019 10:24,21720,Pacific cod,49,810,5705,6,2,NA,NA,NA,NA,NA
-19582,162,201902,17,71,71,2019,65.335015,-168.387785,8/5/2019 15:06,21720,Pacific cod,54,540,2265,4,2,NA,NA,NA,NA,NA
-19582,162,201902,17,71,71,2019,65.335015,-168.387785,8/5/2019 15:06,21720,Pacific cod,55,760,5285,6,2,NA,NA,NA,NA,NA
-19582,162,201902,17,71,71,2019,65.335015,-168.387785,8/5/2019 15:06,21720,Pacific cod,56,850,7035,8,2,NA,NA,NA,NA,NA
-19582,162,201902,17,71,71,2019,65.335015,-168.387785,8/5/2019 15:06,21720,Pacific cod,57,620,2890,4,2,NA,NA,NA,NA,NA
-19583,162,201902,18,71,71,2019,65.223965,-168.904435,8/5/2019 17:47,21720,Pacific cod,58,830,7055,7,2,NA,NA,NA,NA,NA
-19583,162,201902,18,71,71,2019,65.223965,-168.904435,8/5/2019 17:47,21720,Pacific cod,59,750,4870,7,2,NA,NA,NA,NA,NA
-19583,162,201902,18,71,71,2019,65.223965,-168.904435,8/5/2019 17:47,21720,Pacific cod,60,550,2300,4,1,NA,NA,NA,NA,NA
-19583,162,201902,18,71,71,2019,65.223965,-168.904435,8/5/2019 17:47,21720,Pacific cod,61,490,1470,4,1,NA,NA,NA,NA,NA
-19730,162,201902,19,71,71,2019,65.01169,-169.902515,8/6/2019 7:31,21720,Pacific cod,62,780,5695,6,2,NA,NA,NA,NA,NA
-19730,162,201902,19,71,71,2019,65.01169,-169.902515,8/6/2019 7:31,21720,Pacific cod,63,690,4775,6,2,NA,NA,NA,NA,NA
-19730,162,201902,19,71,71,2019,65.01169,-169.902515,8/6/2019 7:31,21720,Pacific cod,64,760,5535,7,1,NA,NA,NA,NA,NA
-19730,162,201902,19,71,71,2019,65.01169,-169.902515,8/6/2019 7:31,21720,Pacific cod,65,580,2345,4,1,NA,NA,NA,NA,NA
-19730,162,201902,19,71,71,2019,65.01169,-169.902515,8/6/2019 7:31,21720,Pacific cod,5050,740,4635,NA,2,NA,NA,NA,NA,NA
-19730,162,201902,19,71,71,2019,65.01169,-169.902515,8/6/2019 7:31,21720,Pacific cod,5047,760,4970,NA,1,NA,NA,NA,NA,NA
-19730,162,201902,19,71,71,2019,65.01169,-169.902515,8/6/2019 7:31,21720,Pacific cod,5048,830,7445,NA,2,NA,NA,NA,NA,NA
-19730,162,201902,19,71,71,2019,65.01169,-169.902515,8/6/2019 7:31,21720,Pacific cod,5049,690,3710,NA,1,NA,NA,NA,NA,NA
-19731,162,201902,20,71,71,2019,65.01249,-169.11489,8/6/2019 10:03,21720,Pacific cod,66,700,3605,6,1,NA,NA,NA,NA,NA
-19731,162,201902,20,71,71,2019,65.01249,-169.11489,8/6/2019 10:03,21720,Pacific cod,67,750,5505,7,1,NA,NA,NA,NA,NA
-19731,162,201902,20,71,71,2019,65.01249,-169.11489,8/6/2019 10:03,21720,Pacific cod,68,530,2005,4,2,NA,NA,NA,NA,NA
-19731,162,201902,20,71,71,2019,65.01249,-169.11489,8/6/2019 10:03,21720,Pacific cod,69,540,1760,4,1,NA,NA,NA,NA,NA
-19731,162,201902,20,71,71,2019,65.01249,-169.11489,8/6/2019 10:03,21720,Pacific cod,5051,680,3640,NA,1,NA,NA,NA,NA,NA
-19731,162,201902,20,71,71,2019,65.01249,-169.11489,8/6/2019 10:03,21720,Pacific cod,5052,540,1970,NA,1,NA,NA,NA,NA,NA
-19731,162,201902,20,71,71,2019,65.01249,-169.11489,8/6/2019 10:03,21720,Pacific cod,5053,590,2540,NA,1,NA,NA,NA,NA,NA
-19731,162,201902,20,71,71,2019,65.01249,-169.11489,8/6/2019 10:03,21720,Pacific cod,5054,870,8910,NA,2,NA,NA,NA,NA,NA
-19731,162,201902,20,71,71,2019,65.01249,-169.11489,8/6/2019 10:03,21720,Pacific cod,5055,540,2035,NA,2,NA,NA,NA,NA,NA
-19731,162,201902,20,71,71,2019,65.01249,-169.11489,8/6/2019 10:03,21720,Pacific cod,5056,860,8510,NA,2,NA,NA,NA,NA,NA
-19731,162,201902,20,71,71,2019,65.01249,-169.11489,8/6/2019 10:03,21720,Pacific cod,5057,550,2495,NA,2,NA,NA,NA,NA,NA
-19731,162,201902,20,71,71,2019,65.01249,-169.11489,8/6/2019 10:03,21720,Pacific cod,5058,750,5125,NA,1,NA,NA,NA,NA,NA
-19731,162,201902,20,71,71,2019,65.01249,-169.11489,8/6/2019 10:03,21720,Pacific cod,5059,720,4525,NA,1,NA,NA,NA,NA,NA
-19732,162,201902,21,71,71,2019,65.00024,-168.36148,8/6/2019 12:38,21720,Pacific cod,70,720,4770,6,1,NA,NA,NA,NA,NA
-19732,162,201902,21,71,71,2019,65.00024,-168.36148,8/6/2019 12:38,21720,Pacific cod,71,300,320,2,1,NA,NA,NA,NA,NA
-19732,162,201902,21,71,71,2019,65.00024,-168.36148,8/6/2019 12:38,21720,Pacific cod,72,940,12180,7,2,NA,NA,NA,NA,NA
-19732,162,201902,21,71,71,2019,65.00024,-168.36148,8/6/2019 12:38,21720,Pacific cod,73,680,3945,5,2,NA,NA,NA,NA,NA
-19732,162,201902,21,71,71,2019,65.00024,-168.36148,8/6/2019 12:38,21720,Pacific cod,5060,780,5665,NA,1,NA,NA,NA,NA,NA
-19732,162,201902,21,71,71,2019,65.00024,-168.36148,8/6/2019 12:38,21720,Pacific cod,5061,660,3745,NA,1,NA,NA,NA,NA,NA
-19732,162,201902,21,71,71,2019,65.00024,-168.36148,8/6/2019 12:38,21720,Pacific cod,5062,280,250,NA,1,NA,NA,NA,NA,NA
-19732,162,201902,21,71,71,2019,65.00024,-168.36148,8/6/2019 12:38,21720,Pacific cod,5063,190,70,NA,1,NA,NA,NA,NA,NA
-19732,162,201902,21,71,71,2019,65.00024,-168.36148,8/6/2019 12:38,21720,Pacific cod,5064,180,55,NA,1,NA,NA,NA,NA,NA
-19732,162,201902,21,71,71,2019,65.00024,-168.36148,8/6/2019 12:38,21720,Pacific cod,5065,170,55,NA,1,NA,NA,NA,NA,NA
-19733,162,201902,22,71,71,2019,64.6631,-168.349225,8/6/2019 15:30,21720,Pacific cod,74,620,1980,5,1,NA,NA,NA,NA,NA
-19733,162,201902,22,71,71,2019,64.6631,-168.349225,8/6/2019 15:30,21720,Pacific cod,75,660,2710,5,1,NA,NA,NA,NA,NA
-19733,162,201902,22,71,71,2019,64.6631,-168.349225,8/6/2019 15:30,21720,Pacific cod,76,720,4120,5,2,NA,NA,NA,NA,NA
-19733,162,201902,22,71,71,2019,64.6631,-168.349225,8/6/2019 15:30,21720,Pacific cod,77,880,7340,7,1,NA,NA,NA,NA,NA
-19739,162,201902,23,71,71,2019,64.32977,-168.32124,8/7/2019 7:22,21720,Pacific cod,78,700,4372,6,1,NA,NA,NA,NA,NA
-19739,162,201902,23,71,71,2019,64.32977,-168.32124,8/7/2019 7:22,21720,Pacific cod,79,710,4440,6,1,NA,NA,NA,NA,NA
-19739,162,201902,23,71,71,2019,64.32977,-168.32124,8/7/2019 7:22,21720,Pacific cod,80,700,4170,6,1,NA,NA,NA,NA,NA
-19739,162,201902,23,71,71,2019,64.32977,-168.32124,8/7/2019 7:22,21720,Pacific cod,81,300,255,1,1,NA,NA,NA,NA,NA
-19740,162,201902,24,71,71,2019,64.31802,-167.61301,8/7/2019 9:45,21720,Pacific cod,85,170,40,1,2,NA,NA,NA,NA,NA
-19740,162,201902,24,71,71,2019,64.31802,-167.61301,8/7/2019 9:45,21720,Pacific cod,82,400,675,2,1,NA,NA,NA,NA,NA
-19740,162,201902,24,71,71,2019,64.31802,-167.61301,8/7/2019 9:45,21720,Pacific cod,83,240,135,1,1,NA,NA,NA,NA,NA
-19740,162,201902,24,71,71,2019,64.31802,-167.61301,8/7/2019 9:45,21720,Pacific cod,84,160,45,1,2,NA,NA,NA,NA,NA
-19741,162,201902,25,71,71,2019,64.00194,-167.568545,8/7/2019 12:23,21720,Pacific cod,86,410,785,2,2,NA,NA,NA,NA,NA
-19741,162,201902,25,71,71,2019,64.00194,-167.568545,8/7/2019 12:23,21720,Pacific cod,87,670,3155,6,2,NA,NA,NA,NA,NA
-19741,162,201902,25,71,71,2019,64.00194,-167.568545,8/7/2019 12:23,21720,Pacific cod,88,810,6010,6,2,NA,NA,NA,NA,NA
-19741,162,201902,25,71,71,2019,64.00194,-167.568545,8/7/2019 12:23,21720,Pacific cod,89,740,4810,6,1,NA,NA,NA,NA,NA
-19742,162,201902,26,71,71,2019,64.01046,-168.277315,8/7/2019 14:49,21720,Pacific cod,90,770,5285,6,2,NA,NA,NA,NA,NA
-19742,162,201902,26,71,71,2019,64.01046,-168.277315,8/7/2019 14:49,21720,Pacific cod,91,770,5060,6,2,NA,NA,NA,NA,NA
-19754,162,201902,27,71,71,2019,63.95837,-169.037045,8/8/2019 7:20,21720,Pacific cod,92,670,4162,5,1,NA,NA,NA,NA,NA
-19754,162,201902,27,71,71,2019,63.95837,-169.037045,8/8/2019 7:20,21720,Pacific cod,93,400,645,2,2,NA,NA,NA,NA,NA
-19754,162,201902,27,71,71,2019,63.95837,-169.037045,8/8/2019 7:20,21720,Pacific cod,94,580,2145,4,1,NA,NA,NA,NA,NA
-19754,162,201902,27,71,71,2019,63.95837,-169.037045,8/8/2019 7:20,21720,Pacific cod,95,620,2900,5,2,NA,NA,NA,NA,NA
-19754,162,201902,27,71,71,2019,63.95837,-169.037045,8/8/2019 7:20,21720,Pacific cod,5066,550,1995,NA,2,NA,NA,NA,NA,NA
-19754,162,201902,27,71,71,2019,63.95837,-169.037045,8/8/2019 7:20,21720,Pacific cod,5067,640,3520,NA,2,NA,NA,NA,NA,NA
-19754,162,201902,27,71,71,2019,63.95837,-169.037045,8/8/2019 7:20,21720,Pacific cod,5068,790,5900,NA,2,NA,NA,NA,NA,NA
-19754,162,201902,27,71,71,2019,63.95837,-169.037045,8/8/2019 7:20,21720,Pacific cod,5069,660,3375,NA,1,NA,NA,NA,NA,NA
-19754,162,201902,27,71,71,2019,63.95837,-169.037045,8/8/2019 7:20,21720,Pacific cod,5070,750,4670,NA,2,NA,NA,NA,NA,NA
-19754,162,201902,27,71,71,2019,63.95837,-169.037045,8/8/2019 7:20,21720,Pacific cod,5071,770,5530,NA,1,NA,NA,NA,NA,NA
-19754,162,201902,27,71,71,2019,63.95837,-169.037045,8/8/2019 7:20,21720,Pacific cod,5072,360,495,NA,2,NA,NA,NA,NA,NA
-19754,162,201902,27,71,71,2019,63.95837,-169.037045,8/8/2019 7:20,21720,Pacific cod,5073,570,2485,NA,1,NA,NA,NA,NA,NA
-19754,162,201902,27,71,71,2019,63.95837,-169.037045,8/8/2019 7:20,21720,Pacific cod,5074,640,3275,NA,1,NA,NA,NA,NA,NA
-19754,162,201902,27,71,71,2019,63.95837,-169.037045,8/8/2019 7:20,21720,Pacific cod,5075,600,2810,NA,2,NA,NA,NA,NA,NA
-19754,162,201902,27,71,71,2019,63.95837,-169.037045,8/8/2019 7:20,21720,Pacific cod,5076,640,2855,NA,1,NA,NA,NA,NA,NA
-19754,162,201902,27,71,71,2019,63.95837,-169.037045,8/8/2019 7:20,21720,Pacific cod,5077,640,2695,NA,1,NA,NA,NA,NA,NA
-19754,162,201902,27,71,71,2019,63.95837,-169.037045,8/8/2019 7:20,21720,Pacific cod,5078,570,2155,NA,1,NA,NA,NA,NA,NA
-19754,162,201902,27,71,71,2019,63.95837,-169.037045,8/8/2019 7:20,21720,Pacific cod,5079,330,400,NA,2,NA,NA,NA,NA,NA
-19754,162,201902,27,71,71,2019,63.95837,-169.037045,8/8/2019 7:20,21720,Pacific cod,5080,700,4155,NA,1,NA,NA,NA,NA,NA
-19754,162,201902,27,71,71,2019,63.95837,-169.037045,8/8/2019 7:20,21720,Pacific cod,5081,720,4550,NA,1,NA,NA,NA,NA,NA
-19754,162,201902,27,71,71,2019,63.95837,-169.037045,8/8/2019 7:20,21720,Pacific cod,5082,650,3200,NA,1,NA,NA,NA,NA,NA
-19754,162,201902,27,71,71,2019,63.95837,-169.037045,8/8/2019 7:20,21720,Pacific cod,5083,700,4145,NA,1,NA,NA,NA,NA,NA
-19754,162,201902,27,71,71,2019,63.95837,-169.037045,8/8/2019 7:20,21720,Pacific cod,5084,760,5480,NA,1,NA,NA,NA,NA,NA
-19754,162,201902,27,71,71,2019,63.95837,-169.037045,8/8/2019 7:20,21720,Pacific cod,5085,670,3335,NA,1,NA,NA,NA,NA,NA
-19754,162,201902,27,71,71,2019,63.95837,-169.037045,8/8/2019 7:20,21720,Pacific cod,5086,750,4390,NA,1,NA,NA,NA,NA,NA
-19754,162,201902,27,71,71,2019,63.95837,-169.037045,8/8/2019 7:20,21720,Pacific cod,5087,710,4375,NA,1,NA,NA,NA,NA,NA
-19754,162,201902,27,71,71,2019,63.95837,-169.037045,8/8/2019 7:20,21720,Pacific cod,5088,600,2595,NA,1,NA,NA,NA,NA,NA
-19754,162,201902,27,71,71,2019,63.95837,-169.037045,8/8/2019 7:20,21720,Pacific cod,5089,340,460,NA,2,NA,NA,NA,NA,NA
-19754,162,201902,27,71,71,2019,63.95837,-169.037045,8/8/2019 7:20,21720,Pacific cod,5090,330,420,NA,2,NA,NA,NA,NA,NA
-19754,162,201902,27,71,71,2019,63.95837,-169.037045,8/8/2019 7:20,21720,Pacific cod,5091,770,5575,NA,2,NA,NA,NA,NA,NA
-19755,162,201902,28,71,71,2019,63.667525,-169.007845,8/8/2019 9:42,21720,Pacific cod,96,830,6010,6,2,NA,NA,NA,NA,NA
-19755,162,201902,28,71,71,2019,63.667525,-169.007845,8/8/2019 9:42,21720,Pacific cod,97,690,3990,7,2,NA,NA,NA,NA,NA
-19755,162,201902,28,71,71,2019,63.667525,-169.007845,8/8/2019 9:42,21720,Pacific cod,98,660,3085,6,1,NA,NA,NA,NA,NA
-19755,162,201902,28,71,71,2019,63.667525,-169.007845,8/8/2019 9:42,21720,Pacific cod,99,620,3110,6,1,NA,NA,NA,NA,NA
-19756,162,201902,29,71,71,2019,63.65616,-169.754585,8/8/2019 12:20,21720,Pacific cod,100,820,6950,6,2,NA,NA,NA,NA,NA
-19756,162,201902,29,71,71,2019,63.65616,-169.754585,8/8/2019 12:20,21720,Pacific cod,101,820,7005,6,2,NA,NA,NA,NA,NA
-19756,162,201902,29,71,71,2019,63.65616,-169.754585,8/8/2019 12:20,21720,Pacific cod,102,750,5540,6,1,NA,NA,NA,NA,NA
-19756,162,201902,29,71,71,2019,63.65616,-169.754585,8/8/2019 12:20,21720,Pacific cod,103,700,4120,6,1,NA,NA,NA,NA,NA
-19757,162,201902,30,71,71,2019,63.988455,-169.77752,8/8/2019 14:51,21720,Pacific cod,104,560,2445,4,2,NA,NA,NA,NA,NA
-19757,162,201902,30,71,71,2019,63.988455,-169.77752,8/8/2019 14:51,21720,Pacific cod,105,590,2770,4,2,NA,NA,NA,NA,NA
-19757,162,201902,30,71,71,2019,63.988455,-169.77752,8/8/2019 14:51,21720,Pacific cod,106,600,2980,5,1,NA,NA,NA,NA,NA
-19757,162,201902,30,71,71,2019,63.988455,-169.77752,8/8/2019 14:51,21720,Pacific cod,107,540,2065,4,1,NA,NA,NA,NA,NA
-19758,162,201902,31,71,71,2019,64.303325,-169.82463,8/8/2019 17:16,21720,Pacific cod,108,720,5435,7,1,NA,NA,NA,NA,NA
-19758,162,201902,31,71,71,2019,64.303325,-169.82463,8/8/2019 17:16,21720,Pacific cod,109,640,3060,5,1,NA,NA,NA,NA,NA
-19758,162,201902,31,71,71,2019,64.303325,-169.82463,8/8/2019 17:16,21720,Pacific cod,110,1000,12045,8,2,NA,NA,NA,NA,NA
-19758,162,201902,31,71,71,2019,64.303325,-169.82463,8/8/2019 17:16,21720,Pacific cod,111,730,4660,6,2,NA,NA,NA,NA,NA
-19765,162,201902,32,71,71,2019,64.329575,-169.076535,8/9/2019 7:37,21720,Pacific cod,114,590,2850,4,1,NA,NA,NA,NA,NA
-19765,162,201902,32,71,71,2019,64.329575,-169.076535,8/9/2019 7:37,21720,Pacific cod,112,500,1595,4,2,NA,NA,NA,NA,NA
-19765,162,201902,32,71,71,2019,64.329575,-169.076535,8/9/2019 7:37,21720,Pacific cod,113,670,3475,5,2,NA,NA,NA,NA,NA
-19765,162,201902,32,71,71,2019,64.329575,-169.076535,8/9/2019 7:37,21720,Pacific cod,115,580,2630,4,1,NA,NA,NA,NA,NA
-19766,162,201902,33,71,71,2019,64.66013,-169.120555,8/9/2019 10:10,21720,Pacific cod,116,560,2410,4,1,NA,NA,NA,NA,NA
-19766,162,201902,33,71,71,2019,64.66013,-169.120555,8/9/2019 10:10,21720,Pacific cod,117,770,6335,6,1,NA,NA,NA,NA,NA
-19766,162,201902,33,71,71,2019,64.66013,-169.120555,8/9/2019 10:10,21720,Pacific cod,118,550,2150,4,2,NA,NA,NA,NA,NA
-19766,162,201902,33,71,71,2019,64.66013,-169.120555,8/9/2019 10:10,21720,Pacific cod,119,700,4225,6,2,NA,NA,NA,NA,NA
-19768,162,201902,35,71,71,2019,64.63456,-170.605155,8/10/2019 7:39,21720,Pacific cod,124,650,3308,6,2,NA,NA,NA,NA,NA
-19768,162,201902,35,71,71,2019,64.63456,-170.605155,8/10/2019 7:39,21720,Pacific cod,125,600,2360,5,2,NA,NA,NA,NA,NA
-19768,162,201902,35,71,71,2019,64.63456,-170.605155,8/10/2019 7:39,21720,Pacific cod,126,560,2230,4,1,NA,NA,NA,NA,NA
-19768,162,201902,35,71,71,2019,64.63456,-170.605155,8/10/2019 7:39,21720,Pacific cod,127,750,5065,5,1,NA,NA,NA,NA,NA
-19769,162,201902,36,71,71,2019,64.3301,-170.59159,8/10/2019 10:03,21720,Pacific cod,128,610,2765,4,1,NA,NA,NA,NA,NA
-19769,162,201902,36,71,71,2019,64.3301,-170.59159,8/10/2019 10:03,21720,Pacific cod,129,520,1800,4,1,NA,NA,NA,NA,NA
-19769,162,201902,36,71,71,2019,64.3301,-170.59159,8/10/2019 10:03,21720,Pacific cod,130,730,5295,6,2,NA,NA,NA,NA,NA
-19769,162,201902,36,71,71,2019,64.3301,-170.59159,8/10/2019 10:03,21720,Pacific cod,131,540,2270,4,2,NA,NA,NA,NA,NA
-19771,162,201902,38,71,71,2019,63.993085,-170.55962,8/10/2019 14:50,21720,Pacific cod,136,350,485,2,1,NA,NA,NA,NA,NA
-19771,162,201902,38,71,71,2019,63.993085,-170.55962,8/10/2019 14:50,21720,Pacific cod,137,500,1630,3,1,NA,NA,NA,NA,NA
-19771,162,201902,38,71,71,2019,63.993085,-170.55962,8/10/2019 14:50,21720,Pacific cod,138,360,790,3,2,NA,NA,NA,NA,NA
-19771,162,201902,38,71,71,2019,63.993085,-170.55962,8/10/2019 14:50,21720,Pacific cod,139,750,4545,6,2,NA,NA,NA,NA,NA
-19779,162,201902,41,71,71,2019,64.00155,-172.00702,8/11/2019 18:07,21720,Pacific cod,144,710,4028,6,2,NA,NA,NA,NA,NA
-19779,162,201902,41,71,71,2019,64.00155,-172.00702,8/11/2019 18:07,21720,Pacific cod,145,560,1946,4,2,NA,NA,NA,NA,NA
-19779,162,201902,41,71,71,2019,64.00155,-172.00702,8/11/2019 18:07,21720,Pacific cod,146,640,2892,6,1,NA,NA,NA,NA,NA
-19779,162,201902,41,71,71,2019,64.00155,-172.00702,8/11/2019 18:07,21720,Pacific cod,147,310,340,2,1,NA,NA,NA,NA,NA
-19788,162,201902,49,81,81,2019,63.010495,-173.293005,8/14/2019 11:52,21720,Pacific cod,172,540,1634,4,1,NA,NA,NA,NA,NA
-19788,162,201902,49,81,81,2019,63.010495,-173.293005,8/14/2019 11:52,21720,Pacific cod,173,770,5610,6,1,NA,NA,NA,NA,NA
-19788,162,201902,49,81,81,2019,63.010495,-173.293005,8/14/2019 11:52,21720,Pacific cod,174,730,3260,6,1,NA,NA,NA,NA,NA
-19788,162,201902,49,81,81,2019,63.010495,-173.293005,8/14/2019 11:52,21720,Pacific cod,175,750,5185,6,2,NA,NA,NA,NA,NA
-19789,162,201902,50,81,81,2019,63.001735,-174.0076,8/14/2019 14:26,21720,Pacific cod,176,620,2600,5,2,NA,NA,NA,NA,NA
-19789,162,201902,50,81,81,2019,63.001735,-174.0076,8/14/2019 14:26,21720,Pacific cod,177,650,3700,6,2,NA,NA,NA,NA,NA
-19789,162,201902,50,81,81,2019,63.001735,-174.0076,8/14/2019 14:26,21720,Pacific cod,178,410,660,3,1,NA,NA,NA,NA,NA
-19789,162,201902,50,81,81,2019,63.001735,-174.0076,8/14/2019 14:26,21720,Pacific cod,179,630,2650,6,1,NA,NA,NA,NA,NA
-19791,162,201902,52,81,81,2019,62.66971,-174.6305,8/14/2019 18:12,21720,Pacific cod,180,650,3044,6,1,NA,NA,NA,NA,NA
-19791,162,201902,52,81,81,2019,62.66971,-174.6305,8/14/2019 18:12,21720,Pacific cod,181,670,3210,6,1,NA,NA,NA,NA,NA
-19791,162,201902,52,81,81,2019,62.66971,-174.6305,8/14/2019 18:12,21720,Pacific cod,182,750,4690,6,2,NA,NA,NA,NA,NA
-19791,162,201902,52,81,81,2019,62.66971,-174.6305,8/14/2019 18:12,21720,Pacific cod,183,750,5355,7,2,NA,NA,NA,NA,NA
-19801,162,201902,53,81,81,2019,62.65517,-173.90926,8/15/2019 8:13,21720,Pacific cod,184,650,3356,4,2,NA,NA,NA,NA,NA
-19801,162,201902,53,81,81,2019,62.65517,-173.90926,8/15/2019 8:13,21720,Pacific cod,185,520,1462,4,1,NA,NA,NA,NA,NA
-19802,162,201902,54,81,81,2019,62.66735,-173.19076,8/15/2019 10:57,21720,Pacific cod,186,690,4226,5,1,NA,NA,NA,NA,NA
-19802,162,201902,54,81,81,2019,62.66735,-173.19076,8/15/2019 10:57,21720,Pacific cod,187,650,3350,5,1,NA,NA,NA,NA,NA
-19802,162,201902,54,81,81,2019,62.66735,-173.19076,8/15/2019 10:57,21720,Pacific cod,188,460,1056,3,2,NA,NA,NA,NA,NA
-19802,162,201902,54,81,81,2019,62.66735,-173.19076,8/15/2019 10:57,21720,Pacific cod,189,650,3298,4,2,NA,NA,NA,NA,NA
-19803,162,201902,55,81,81,2019,62.668765,-172.508855,8/15/2019 13:24,21720,Pacific cod,190,560,1985,4,2,NA,NA,NA,NA,NA
-19803,162,201902,55,81,81,2019,62.668765,-172.508855,8/15/2019 13:24,21720,Pacific cod,191,690,3645,5,2,NA,NA,NA,NA,NA
-19803,162,201902,55,81,81,2019,62.668765,-172.508855,8/15/2019 13:24,21720,Pacific cod,192,860,7700,6,2,NA,NA,NA,NA,NA
-19803,162,201902,55,81,81,2019,62.668765,-172.508855,8/15/2019 13:24,21720,Pacific cod,193,540,1610,4,2,NA,NA,NA,NA,NA
-19804,162,201902,56,70,70,2019,62.66339,-171.8221,8/15/2019 15:54,21720,Pacific cod,194,410,685,3,1,NA,NA,NA,NA,NA
-19804,162,201902,56,70,70,2019,62.66339,-171.8221,8/15/2019 15:54,21720,Pacific cod,195,540,1960,3,1,NA,NA,NA,NA,NA
-19804,162,201902,56,70,70,2019,62.66339,-171.8221,8/15/2019 15:54,21720,Pacific cod,196,590,1770,4,2,NA,NA,NA,NA,NA
-19804,162,201902,56,70,70,2019,62.66339,-171.8221,8/15/2019 15:54,21720,Pacific cod,197,550,1915,3,2,NA,NA,NA,NA,NA
-19805,162,201902,57,70,70,2019,62.974005,-171.806345,8/15/2019 18:23,21720,Pacific cod,198,580,1935,5,2,NA,NA,NA,NA,NA
-19805,162,201902,57,70,70,2019,62.974005,-171.806345,8/15/2019 18:23,21720,Pacific cod,199,510,1445,4,2,NA,NA,NA,NA,NA
-19805,162,201902,57,70,70,2019,62.974005,-171.806345,8/15/2019 18:23,21720,Pacific cod,200,730,4180,7,1,NA,NA,NA,NA,NA
-19805,162,201902,57,70,70,2019,62.974005,-171.806345,8/15/2019 18:23,21720,Pacific cod,201,510,1355,4,1,NA,NA,NA,NA,NA
-19806,162,201902,58,70,70,2019,63.273085,-171.123505,8/16/2019 8:03,21720,Pacific cod,202,170,38,1,1,NA,NA,NA,NA,NA
-19806,162,201902,58,70,70,2019,63.273085,-171.123505,8/16/2019 8:03,21720,Pacific cod,203,780,4530,7,1,NA,NA,NA,NA,NA
-19807,162,201902,59,70,70,2019,63.00214,-171.13227,8/16/2019 10:06,21720,Pacific cod,204,550,2054,4,1,NA,NA,NA,NA,NA
-19807,162,201902,59,70,70,2019,63.00214,-171.13227,8/16/2019 10:06,21720,Pacific cod,205,500,1186,4,1,NA,NA,NA,NA,NA
-19807,162,201902,59,70,70,2019,63.00214,-171.13227,8/16/2019 10:06,21720,Pacific cod,206,460,944,3,2,NA,NA,NA,NA,NA
-19807,162,201902,59,70,70,2019,63.00214,-171.13227,8/16/2019 10:06,21720,Pacific cod,207,550,1954,4,2,NA,NA,NA,NA,NA
-19808,162,201902,60,70,70,2019,62.949575,-170.494965,8/16/2019 12:37,21720,Pacific cod,208,750,4702,6,1,NA,NA,NA,NA,NA
-19808,162,201902,60,70,70,2019,62.949575,-170.494965,8/16/2019 12:37,21720,Pacific cod,209,520,1480,5,1,NA,NA,NA,NA,NA
-19808,162,201902,60,70,70,2019,62.949575,-170.494965,8/16/2019 12:37,21720,Pacific cod,210,580,2095,3,2,NA,NA,NA,NA,NA
-19808,162,201902,60,70,70,2019,62.949575,-170.494965,8/16/2019 12:37,21720,Pacific cod,211,320,310,2,2,NA,NA,NA,NA,NA
-19809,162,201902,61,70,70,2019,62.675665,-171.096775,8/16/2019 15:43,21720,Pacific cod,212,460,1110,3,1,NA,NA,NA,NA,NA
-19809,162,201902,61,70,70,2019,62.675665,-171.096775,8/16/2019 15:43,21720,Pacific cod,213,370,500,2,1,NA,NA,NA,NA,NA
-19809,162,201902,61,70,70,2019,62.675665,-171.096775,8/16/2019 15:43,21720,Pacific cod,214,180,40,1,1,NA,NA,NA,NA,NA
-19809,162,201902,61,70,70,2019,62.675665,-171.096775,8/16/2019 15:43,21720,Pacific cod,215,590,2355,4,2,NA,NA,NA,NA,NA
-19818,162,201902,62,70,70,2019,62.67188,-170.329935,8/17/2019 8:04,21720,Pacific cod,216,500,1450,4,2,NA,NA,NA,NA,NA
-19818,162,201902,62,70,70,2019,62.67188,-170.329935,8/17/2019 8:04,21720,Pacific cod,217,630,3042,5,2,NA,NA,NA,NA,NA
-19818,162,201902,62,70,70,2019,62.67188,-170.329935,8/17/2019 8:04,21720,Pacific cod,218,540,1802,NA,1,NA,NA,NA,NA,NA
-19818,162,201902,62,70,70,2019,62.67188,-170.329935,8/17/2019 8:04,21720,Pacific cod,219,680,3226,5,1,NA,NA,NA,NA,NA
-19820,162,201902,64,70,70,2019,62.346275,-169.590045,8/17/2019 13:05,21720,Pacific cod,224,270,155,1,1,NA,NA,NA,NA,NA
-19820,162,201902,64,70,70,2019,62.346275,-169.590045,8/17/2019 13:05,21720,Pacific cod,225,830,5975,7,1,NA,NA,NA,NA,NA
-19820,162,201902,64,70,70,2019,62.346275,-169.590045,8/17/2019 13:05,21720,Pacific cod,226,820,5895,6,2,NA,NA,NA,NA,NA
-19820,162,201902,64,70,70,2019,62.346275,-169.590045,8/17/2019 13:05,21720,Pacific cod,227,740,4645,7,2,NA,NA,NA,NA,NA
-19821,162,201902,65,70,70,2019,62.32753,-170.281995,8/17/2019 15:43,21720,Pacific cod,230,240,125,1,1,NA,NA,NA,NA,NA
-19821,162,201902,65,70,70,2019,62.32753,-170.281995,8/17/2019 15:43,21720,Pacific cod,231,580,1825,4,1,NA,NA,NA,NA,NA
-19821,162,201902,65,70,70,2019,62.32753,-170.281995,8/17/2019 15:43,21720,Pacific cod,228,260,180,1,2,NA,NA,NA,NA,NA
-19821,162,201902,65,70,70,2019,62.32753,-170.281995,8/17/2019 15:43,21720,Pacific cod,229,740,4575,6,2,NA,NA,NA,NA,NA
-19822,162,201902,66,70,70,2019,61.99635,-170.24224,8/18/2019 8:11,21720,Pacific cod,232,250,144,1,2,NA,NA,NA,NA,NA
-19822,162,201902,66,70,70,2019,61.99635,-170.24224,8/18/2019 8:11,21720,Pacific cod,233,230,110,1,2,NA,NA,NA,NA,NA
-19822,162,201902,66,70,70,2019,61.99635,-170.24224,8/18/2019 8:11,21720,Pacific cod,234,280,190,1,1,NA,NA,NA,NA,NA
-19822,162,201902,66,70,70,2019,61.99635,-170.24224,8/18/2019 8:11,21720,Pacific cod,235,200,62,1,1,NA,NA,NA,NA,NA
-19823,162,201902,67,70,70,2019,61.992035,-169.559745,8/18/2019 10:40,21720,Pacific cod,236,440,846,4,2,NA,NA,NA,NA,NA
-19823,162,201902,67,70,70,2019,61.992035,-169.559745,8/18/2019 10:40,21720,Pacific cod,237,230,112,1,2,NA,NA,NA,NA,NA
-19823,162,201902,67,70,70,2019,61.992035,-169.559745,8/18/2019 10:40,21720,Pacific cod,238,640,2690,6,1,NA,NA,NA,NA,NA
-19823,162,201902,67,70,70,2019,61.992035,-169.559745,8/18/2019 10:40,21720,Pacific cod,239,260,160,1,1,NA,NA,NA,NA,NA
-19825,162,201902,69,70,70,2019,61.664485,-170.177965,8/18/2019 15:42,21720,Pacific cod,244,640,3175,5,1,NA,NA,NA,NA,NA
-19825,162,201902,69,70,70,2019,61.664485,-170.177965,8/18/2019 15:42,21720,Pacific cod,245,820,5695,7,1,NA,NA,NA,NA,NA
-19825,162,201902,69,70,70,2019,61.664485,-170.177965,8/18/2019 15:42,21720,Pacific cod,246,550,1725,3,2,NA,NA,NA,NA,NA
-19825,162,201902,69,70,70,2019,61.664485,-170.177965,8/18/2019 15:42,21720,Pacific cod,247,480,1235,3,2,NA,NA,NA,NA,NA
-19826,162,201902,70,70,70,2019,61.33742,-170.17414,8/18/2019 18:09,21720,Pacific cod,248,460,885,3,1,NA,NA,NA,NA,NA
-19826,162,201902,70,70,70,2019,61.33742,-170.17414,8/18/2019 18:09,21720,Pacific cod,249,180,50,1,1,NA,NA,NA,NA,NA
-19826,162,201902,70,70,70,2019,61.33742,-170.17414,8/18/2019 18:09,21720,Pacific cod,250,470,930,2,2,NA,NA,NA,NA,NA
-19826,162,201902,70,70,70,2019,61.33742,-170.17414,8/18/2019 18:09,21720,Pacific cod,251,560,1800,4,2,NA,NA,NA,NA,NA
-19832,162,201902,71,70,70,2019,61.32734,-169.464865,8/19/2019 8:08,21720,Pacific cod,252,230,112,1,1,NA,NA,NA,NA,NA
-19832,162,201902,71,70,70,2019,61.32734,-169.464865,8/19/2019 8:08,21720,Pacific cod,253,240,130,1,1,NA,NA,NA,NA,NA
-19832,162,201902,71,70,70,2019,61.32734,-169.464865,8/19/2019 8:08,21720,Pacific cod,254,510,1392,3,2,NA,NA,NA,NA,NA
-19832,162,201902,71,70,70,2019,61.32734,-169.464865,8/19/2019 8:08,21720,Pacific cod,255,250,146,1,2,NA,NA,NA,NA,NA
-19833,162,201902,72,70,70,2019,60.99903,-169.42226,8/19/2019 10:40,21720,Pacific cod,257,230,114,1,1,NA,NA,NA,NA,NA
-19833,162,201902,72,70,70,2019,60.99903,-169.42226,8/19/2019 10:40,21720,Pacific cod,256,210,92,1,1,NA,NA,NA,NA,NA
-19833,162,201902,72,70,70,2019,60.99903,-169.42226,8/19/2019 10:40,21720,Pacific cod,258,190,66,1,2,NA,NA,NA,NA,NA
-19833,162,201902,72,70,70,2019,60.99903,-169.42226,8/19/2019 10:40,21720,Pacific cod,259,190,60,1,2,NA,NA,NA,NA,NA
-19834,162,201902,73,70,70,2019,60.992235,-170.07322,8/19/2019 13:10,21720,Pacific cod,260,830,9125,6,2,NA,NA,NA,NA,NA
-19834,162,201902,73,70,70,2019,60.992235,-170.07322,8/19/2019 13:10,21720,Pacific cod,261,540,1665,4,2,NA,NA,NA,NA,NA
-19834,162,201902,73,70,70,2019,60.992235,-170.07322,8/19/2019 13:10,21720,Pacific cod,262,810,6490,7,2,NA,NA,NA,NA,NA
-19834,162,201902,73,70,70,2019,60.992235,-170.07322,8/19/2019 13:10,21720,Pacific cod,263,560,1960,4,1,NA,NA,NA,NA,NA
-19835,162,201902,74,81,81,2019,60.992635,-170.769875,8/19/2019 15:51,21720,Pacific cod,264,650,2875,5,2,NA,NA,NA,NA,NA
-19835,162,201902,74,81,81,2019,60.992635,-170.769875,8/19/2019 15:51,21720,Pacific cod,265,260,175,1,2,NA,NA,NA,NA,NA
-19835,162,201902,74,81,81,2019,60.992635,-170.769875,8/19/2019 15:51,21720,Pacific cod,266,290,240,2,1,NA,NA,NA,NA,NA
-19835,162,201902,74,81,81,2019,60.992635,-170.769875,8/19/2019 15:51,21720,Pacific cod,267,280,210,1,1,NA,NA,NA,NA,NA
-19841,162,201902,76,70,70,2019,60.666145,-170.092865,8/20/2019 11:14,21720,Pacific cod,272,260,175,1,2,NA,NA,NA,NA,NA
-19841,162,201902,76,70,70,2019,60.666145,-170.092865,8/20/2019 11:14,21720,Pacific cod,273,430,795,3,2,NA,NA,NA,NA,NA
-19841,162,201902,76,70,70,2019,60.666145,-170.092865,8/20/2019 11:14,21720,Pacific cod,274,650,3095,4,1,NA,NA,NA,NA,NA
-19841,162,201902,76,70,70,2019,60.666145,-170.092865,8/20/2019 11:14,21720,Pacific cod,275,720,4390,NA,1,NA,NA,NA,NA,NA
-19847,162,201902,42,81,81,2019,63.6616,-172.721165,8/13/2019 7:49,21720,Pacific cod,148,770,5700,6,2,NA,NA,NA,NA,NA
-19847,162,201902,42,81,81,2019,63.6616,-172.721165,8/13/2019 7:49,21720,Pacific cod,149,330,355,2,2,NA,NA,NA,NA,NA
-19847,162,201902,42,81,81,2019,63.6616,-172.721165,8/13/2019 7:49,21720,Pacific cod,150,390,650,3,1,NA,NA,NA,NA,NA
-19847,162,201902,42,81,81,2019,63.6616,-172.721165,8/13/2019 7:49,21720,Pacific cod,151,650,3230,6,1,NA,NA,NA,NA,NA
-19848,162,201902,43,70,70,2019,63.69839,-172.061445,8/13/2019 10:10,21720,Pacific cod,152,750,4764,7,2,NA,NA,NA,NA,NA
-19848,162,201902,43,70,70,2019,63.69839,-172.061445,8/13/2019 10:10,21720,Pacific cod,153,540,1966,5,2,NA,NA,NA,NA,NA
-19848,162,201902,43,70,70,2019,63.69839,-172.061445,8/13/2019 10:10,21720,Pacific cod,154,650,2280,5,2,NA,NA,NA,NA,NA
-19848,162,201902,43,70,70,2019,63.69839,-172.061445,8/13/2019 10:10,21720,Pacific cod,155,780,5620,7,2,NA,NA,NA,NA,NA
-19850,162,201902,45,81,81,2019,63.33313,-172.647645,8/13/2019 15:40,21720,Pacific cod,160,360,485,2,1,NA,NA,NA,NA,NA
-19850,162,201902,45,81,81,2019,63.33313,-172.647645,8/13/2019 15:40,21720,Pacific cod,161,500,1605,4,1,NA,NA,NA,NA,NA
-19850,162,201902,45,81,81,2019,63.33313,-172.647645,8/13/2019 15:40,21720,Pacific cod,162,660,2955,5,2,NA,NA,NA,NA,NA
-19850,162,201902,45,81,81,2019,63.33313,-172.647645,8/13/2019 15:40,21720,Pacific cod,163,520,1480,4,2,NA,NA,NA,NA,NA
-19851,162,201902,46,81,81,2019,63.336915,-173.406035,8/13/2019 18:24,21720,Pacific cod,164,600,2235,6,1,NA,NA,NA,NA,NA
-19851,162,201902,46,81,81,2019,63.336915,-173.406035,8/13/2019 18:24,21720,Pacific cod,165,610,2580,6,1,NA,NA,NA,NA,NA
-19851,162,201902,46,81,81,2019,63.336915,-173.406035,8/13/2019 18:24,21720,Pacific cod,166,760,6120,7,2,NA,NA,NA,NA,NA
-19851,162,201902,46,81,81,2019,63.336915,-173.406035,8/13/2019 18:24,21720,Pacific cod,167,620,2630,5,2,NA,NA,NA,NA,NA
-20576,94,202102,1,81,81,2021,61.67323,-173.07778,7/22/2021 7:31,21720,Pacific cod,1,780,5045,6,1,NA,NA,NA,NA,NA
-20576,94,202102,1,81,81,2021,61.67323,-173.07778,7/22/2021 7:31,21720,Pacific cod,2,400,650,4,1,NA,NA,NA,NA,NA
-20576,94,202102,1,81,81,2021,61.67323,-173.07778,7/22/2021 7:31,21720,Pacific cod,3,680,3605,5,2,NA,NA,NA,NA,NA
-20576,94,202102,1,81,81,2021,61.67323,-173.07778,7/22/2021 7:31,21720,Pacific cod,4,590,2450,5,2,NA,NA,NA,NA,NA
-20576,94,202102,1,81,81,2021,61.67323,-173.07778,7/22/2021 7:31,21720,Pacific cod,5,390,625,3,2,NA,NA,NA,NA,NA
-20577,94,202102,2,81,81,2021,61.359355,-172.91428,7/22/2021 10:15,21720,Pacific cod,8,760,5240,7,1,NA,NA,NA,NA,NA
-20577,94,202102,2,81,81,2021,61.359355,-172.91428,7/22/2021 10:15,21720,Pacific cod,9,460,1010,4,1,NA,NA,NA,NA,NA
-20577,94,202102,2,81,81,2021,61.359355,-172.91428,7/22/2021 10:15,21720,Pacific cod,6,460,980,4,2,NA,NA,NA,NA,NA
-20577,94,202102,2,81,81,2021,61.359355,-172.91428,7/22/2021 10:15,21720,Pacific cod,7,430,800,3,2,NA,NA,NA,NA,NA
-20589,94,202102,3,81,81,2021,61.340725,-172.206795,7/23/2021 7:33,21720,Pacific cod,10,520,1668,4,2,NA,NA,NA,NA,NA
-20589,94,202102,3,81,81,2021,61.340725,-172.206795,7/23/2021 7:33,21720,Pacific cod,11,480,1110,4,1,NA,NA,NA,NA,NA
-20589,94,202102,3,81,81,2021,61.340725,-172.206795,7/23/2021 7:33,21720,Pacific cod,12,410,668,4,1,NA,NA,NA,NA,NA
-20589,94,202102,3,81,81,2021,61.340725,-172.206795,7/23/2021 7:33,21720,Pacific cod,13,430,778,NA,1,NA,NA,NA,NA,NA
-20590,94,202102,4,81,81,2021,61.338445,-171.53157,7/23/2021 10:10,21720,Pacific cod,14,470,895,4,2,NA,NA,NA,NA,NA
-20590,94,202102,4,81,81,2021,61.338445,-171.53157,7/23/2021 10:10,21720,Pacific cod,15,520,1440,4,2,NA,NA,NA,NA,NA
-20590,94,202102,4,81,81,2021,61.338445,-171.53157,7/23/2021 10:10,21720,Pacific cod,16,620,2785,5,1,NA,NA,NA,NA,NA
-20590,94,202102,4,81,81,2021,61.338445,-171.53157,7/23/2021 10:10,21720,Pacific cod,17,750,4540,9,1,NA,NA,NA,NA,NA
-20591,94,202102,5,81,81,2021,61.66059,-171.533265,7/23/2021 12:57,21720,Pacific cod,18,560,2150,4,1,NA,NA,NA,NA,NA
-20591,94,202102,5,81,81,2021,61.66059,-171.533265,7/23/2021 12:57,21720,Pacific cod,19,400,695,4,1,NA,NA,NA,NA,NA
-20591,94,202102,5,81,81,2021,61.66059,-171.533265,7/23/2021 12:57,21720,Pacific cod,20,430,700,4,1,NA,NA,NA,NA,NA
-20591,94,202102,5,81,81,2021,61.66059,-171.533265,7/23/2021 12:57,21720,Pacific cod,21,530,1455,4,2,NA,NA,NA,NA,NA
-20592,94,202102,6,81,81,2021,61.664665,-172.292375,7/23/2021 15:47,21720,Pacific cod,22,570,1830,5,1,NA,NA,NA,NA,NA
-20592,94,202102,6,81,81,2021,61.664665,-172.292375,7/23/2021 15:47,21720,Pacific cod,23,680,3120,6,1,NA,NA,NA,NA,NA
-20592,94,202102,6,81,81,2021,61.664665,-172.292375,7/23/2021 15:47,21720,Pacific cod,24,450,895,4,2,NA,NA,NA,NA,NA
-20592,94,202102,6,81,81,2021,61.664665,-172.292375,7/23/2021 15:47,21720,Pacific cod,25,920,9575,9,2,NA,NA,NA,NA,NA
-20598,94,202102,7,81,81,2021,61.997375,-173.11302,7/24/2021 7:29,21720,Pacific cod,26,290,206,2,1,NA,NA,NA,NA,NA
-20598,94,202102,7,81,81,2021,61.997375,-173.11302,7/24/2021 7:29,21720,Pacific cod,27,510,2092,5,1,NA,NA,NA,NA,NA
-20598,94,202102,7,81,81,2021,61.997375,-173.11302,7/24/2021 7:29,21720,Pacific cod,28,410,660,3,2,NA,NA,NA,NA,NA
-20598,94,202102,7,81,81,2021,61.997375,-173.11302,7/24/2021 7:29,21720,Pacific cod,29,520,1540,5,2,NA,NA,NA,NA,NA
-20599,94,202102,8,81,81,2021,62.00663,-172.403475,7/24/2021 10:10,21720,Pacific cod,30,460,904,4,1,NA,NA,NA,NA,NA
-20599,94,202102,8,81,81,2021,62.00663,-172.403475,7/24/2021 10:10,21720,Pacific cod,31,680,2622,7,1,NA,NA,NA,NA,NA
-20599,94,202102,8,81,81,2021,62.00663,-172.403475,7/24/2021 10:10,21720,Pacific cod,32,450,815,4,2,NA,NA,NA,NA,NA
-20599,94,202102,8,81,81,2021,62.00663,-172.403475,7/24/2021 10:10,21720,Pacific cod,33,820,4585,9,2,NA,NA,NA,NA,NA
-20600,94,202102,9,81,81,2021,62.326085,-172.3844,7/24/2021 13:01,21720,Pacific cod,34,580,2024,4,1,NA,NA,NA,NA,NA
-20600,94,202102,9,81,81,2021,62.326085,-172.3844,7/24/2021 13:01,21720,Pacific cod,35,480,1024,4,2,NA,NA,NA,NA,NA
-20600,94,202102,9,81,81,2021,62.326085,-172.3844,7/24/2021 13:01,21720,Pacific cod,36,460,838,3,2,NA,NA,NA,NA,NA
-20600,94,202102,9,81,81,2021,62.326085,-172.3844,7/24/2021 13:01,21720,Pacific cod,37,540,1356,4,2,NA,NA,NA,NA,NA
-20601,94,202102,10,81,81,2021,62.332695,-171.79744,7/24/2021 15:37,21720,Pacific cod,38,440,755,3,2,NA,NA,NA,NA,NA
-20601,94,202102,10,81,81,2021,62.332695,-171.79744,7/24/2021 15:37,21720,Pacific cod,39,570,1850,5,2,NA,NA,NA,NA,NA
-20601,94,202102,10,81,81,2021,62.332695,-171.79744,7/24/2021 15:37,21720,Pacific cod,40,530,1355,NA,1,NA,NA,NA,NA,NA
-20601,94,202102,10,81,81,2021,62.332695,-171.79744,7/24/2021 15:37,21720,Pacific cod,41,620,2290,6,1,NA,NA,NA,NA,NA
-20602,94,202102,11,70,70,2021,62.02658,-171.66618,7/24/2021 18:35,21720,Pacific cod,42,570,2110,5,1,NA,NA,NA,NA,NA
-20602,94,202102,11,70,70,2021,62.02658,-171.66618,7/24/2021 18:35,21720,Pacific cod,43,460,860,3,2,NA,NA,NA,NA,NA
-20602,94,202102,11,70,70,2021,62.02658,-171.66618,7/24/2021 18:35,21720,Pacific cod,44,370,505,3,2,NA,NA,NA,NA,NA
-20607,94,202102,12,70,70,2021,61.980685,-171.07103,7/25/2021 7:36,21720,Pacific cod,45,600,1982,6,1,NA,NA,NA,NA,NA
-20607,94,202102,12,70,70,2021,61.980685,-171.07103,7/25/2021 7:36,21720,Pacific cod,46,370,464,2,2,NA,NA,NA,NA,NA
-20607,94,202102,12,70,70,2021,61.980685,-171.07103,7/25/2021 7:36,21720,Pacific cod,47,790,4725,6,2,NA,NA,NA,NA,NA
-20608,94,202102,13,70,70,2021,62.00565,-170.269635,7/25/2021 10:46,21720,Pacific cod,48,550,1535,4,1,NA,NA,NA,NA,NA
-20608,94,202102,13,70,70,2021,62.00565,-170.269635,7/25/2021 10:46,21720,Pacific cod,49,640,2860,5,1,NA,NA,NA,NA,NA
-20608,94,202102,13,70,70,2021,62.00565,-170.269635,7/25/2021 10:46,21720,Pacific cod,50,500,1120,3,2,NA,NA,NA,NA,NA
-20608,94,202102,13,70,70,2021,62.00565,-170.269635,7/25/2021 10:46,21720,Pacific cod,51,650,2600,8,2,NA,NA,NA,NA,NA
-20609,94,202102,14,70,70,2021,62.305455,-170.27634,7/25/2021 13:18,21720,Pacific cod,52,760,4310,8,1,NA,NA,NA,NA,NA
-20609,94,202102,14,70,70,2021,62.305455,-170.27634,7/25/2021 13:18,21720,Pacific cod,53,700,3990,6,1,NA,NA,NA,NA,NA
-20609,94,202102,14,70,70,2021,62.305455,-170.27634,7/25/2021 13:18,21720,Pacific cod,54,720,4175,7,2,NA,NA,NA,NA,NA
-20609,94,202102,14,70,70,2021,62.305455,-170.27634,7/25/2021 13:18,21720,Pacific cod,55,800,5370,9,2,NA,NA,NA,NA,NA
-20610,94,202102,15,70,70,2021,62.33985,-170.989715,7/25/2021 16:17,21720,Pacific cod,56,430,830,4,1,NA,NA,NA,NA,NA
-20610,94,202102,15,70,70,2021,62.33985,-170.989715,7/25/2021 16:17,21720,Pacific cod,57,680,2985,7,1,NA,NA,NA,NA,NA
-20610,94,202102,15,70,70,2021,62.33985,-170.989715,7/25/2021 16:17,21720,Pacific cod,58,490,1200,4,2,NA,NA,NA,NA,NA
-20610,94,202102,15,70,70,2021,62.33985,-170.989715,7/25/2021 16:17,21720,Pacific cod,59,610,2765,4,2,NA,NA,NA,NA,NA
-20611,94,202102,16,70,70,2021,62.64141,-170.958235,7/26/2021 7:30,21720,Pacific cod,60,650,2672,7,1,NA,NA,NA,NA,NA
-20611,94,202102,16,70,70,2021,62.64141,-170.958235,7/26/2021 7:30,21720,Pacific cod,61,650,2735,7,1,NA,NA,NA,NA,NA
-20611,94,202102,16,70,70,2021,62.64141,-170.958235,7/26/2021 7:30,21720,Pacific cod,63,570,1840,6,2,NA,NA,NA,NA,NA
-20611,94,202102,16,70,70,2021,62.64141,-170.958235,7/26/2021 7:30,21720,Pacific cod,64,700,3610,6,2,NA,NA,NA,NA,NA
-20612,94,202102,17,70,70,2021,63.003185,-171.11632,7/26/2021 10:25,21720,Pacific cod,65,590,2210,6,1,NA,NA,NA,NA,NA
-20612,94,202102,17,70,70,2021,63.003185,-171.11632,7/26/2021 10:25,21720,Pacific cod,66,860,5440,8,1,NA,NA,NA,NA,NA
-20612,94,202102,17,70,70,2021,63.003185,-171.11632,7/26/2021 10:25,21720,Pacific cod,67,560,1610,4,2,NA,NA,NA,NA,NA
-20612,94,202102,17,70,70,2021,63.003185,-171.11632,7/26/2021 10:25,21720,Pacific cod,68,640,2765,5,2,NA,NA,NA,NA,NA
-20613,94,202102,18,70,70,2021,63.20071,-171.16688,7/26/2021 12:34,21720,Pacific cod,69,570,1730,4,2,NA,NA,NA,NA,NA
-20613,94,202102,18,70,70,2021,63.20071,-171.16688,7/26/2021 12:34,21720,Pacific cod,70,610,1950,4,2,NA,NA,NA,NA,NA
-20613,94,202102,18,70,70,2021,63.20071,-171.16688,7/26/2021 12:34,21720,Pacific cod,71,710,2907,6,2,NA,NA,NA,NA,NA
-20613,94,202102,18,70,70,2021,63.20071,-171.16688,7/26/2021 12:34,21720,Pacific cod,72,500,1460,4,2,NA,NA,NA,NA,NA
-20614,94,202102,19,70,70,2021,62.944735,-170.48452,7/26/2021 15:20,21720,Pacific cod,73,560,1520,4,1,NA,NA,NA,NA,NA
-20614,94,202102,19,70,70,2021,62.944735,-170.48452,7/26/2021 15:20,21720,Pacific cod,74,710,3100,5,1,NA,NA,NA,NA,NA
-20614,94,202102,19,70,70,2021,62.944735,-170.48452,7/26/2021 15:20,21720,Pacific cod,75,620,2175,6,2,NA,NA,NA,NA,NA
-20614,94,202102,19,70,70,2021,62.944735,-170.48452,7/26/2021 15:20,21720,Pacific cod,76,530,1315,5,2,NA,NA,NA,NA,NA
-20615,94,202102,20,70,70,2021,62.674705,-170.364425,7/26/2021 17:42,21720,Pacific cod,78,390,565,3,2,NA,NA,NA,NA,NA
-20615,94,202102,20,70,70,2021,62.674705,-170.364425,7/26/2021 17:42,21720,Pacific cod,77,680,3645,6,2,NA,NA,NA,NA,NA
-20615,94,202102,20,70,70,2021,62.674705,-170.364425,7/26/2021 17:42,21720,Pacific cod,79,470,990,3,1,NA,NA,NA,NA,NA
-20615,94,202102,20,70,70,2021,62.674705,-170.364425,7/26/2021 17:42,21720,Pacific cod,80,570,1870,6,1,NA,NA,NA,NA,NA
-20625,94,202102,24,70,70,2021,62.99652,-168.200905,7/27/2021 15:44,21720,Pacific cod,93,410,630,3,2,NA,NA,NA,NA,NA
-20625,94,202102,24,70,70,2021,62.99652,-168.200905,7/27/2021 15:44,21720,Pacific cod,94,680,2935,5,2,NA,NA,NA,NA,NA
-20625,94,202102,24,70,70,2021,62.99652,-168.200905,7/27/2021 15:44,21720,Pacific cod,95,370,385,3,1,NA,NA,NA,NA,NA
-20625,94,202102,24,70,70,2021,62.99652,-168.200905,7/27/2021 15:44,21720,Pacific cod,96,810,6110,7,1,NA,NA,NA,NA,NA
-20622,94,202102,21,70,70,2021,62.66026,-169.62538,7/27/2021 7:37,21720,Pacific cod,81,710,3796,7,2,NA,NA,NA,NA,NA
-20622,94,202102,21,70,70,2021,62.66026,-169.62538,7/27/2021 7:37,21720,Pacific cod,82,670,3578,6,1,NA,NA,NA,NA,NA
-20622,94,202102,21,70,70,2021,62.66026,-169.62538,7/27/2021 7:37,21720,Pacific cod,83,550,1712,6,1,NA,NA,NA,NA,NA
-20622,94,202102,21,70,70,2021,62.66026,-169.62538,7/27/2021 7:37,21720,Pacific cod,84,640,2232,5,1,NA,NA,NA,NA,NA
-20623,94,202102,22,70,70,2021,62.657235,-168.896405,7/27/2021 10:52,21720,Pacific cod,85,610,2260,5,2,NA,NA,NA,NA,NA
-20623,94,202102,22,70,70,2021,62.657235,-168.896405,7/27/2021 10:52,21720,Pacific cod,86,440,828,3,2,NA,NA,NA,NA,NA
-20623,94,202102,22,70,70,2021,62.657235,-168.896405,7/27/2021 10:52,21720,Pacific cod,87,710,4056,8,1,NA,NA,NA,NA,NA
-20623,94,202102,22,70,70,2021,62.657235,-168.896405,7/27/2021 10:52,21720,Pacific cod,88,730,4800,6,1,NA,NA,NA,NA,NA
-20624,94,202102,23,70,70,2021,62.865445,-168.825805,7/27/2021 12:55,21720,Pacific cod,89,650,2354,7,1,NA,NA,NA,NA,NA
-20624,94,202102,23,70,70,2021,62.865445,-168.825805,7/27/2021 12:55,21720,Pacific cod,90,670,3152,5,1,NA,NA,NA,NA,NA
-20624,94,202102,23,70,70,2021,62.865445,-168.825805,7/27/2021 12:55,21720,Pacific cod,91,520,1474,3,2,NA,NA,NA,NA,NA
-20624,94,202102,23,70,70,2021,62.865445,-168.825805,7/27/2021 12:55,21720,Pacific cod,92,620,2476,6,2,NA,NA,NA,NA,NA
-20626,94,202102,25,71,71,2021,63.68096,-168.963455,7/28/2021 12:01,21720,Pacific cod,97,480,1026,3,2,NA,NA,NA,NA,NA
-20626,94,202102,25,71,71,2021,63.68096,-168.963455,7/28/2021 12:01,21720,Pacific cod,98,490,1152,4,2,NA,NA,NA,NA,NA
-20626,94,202102,25,71,71,2021,63.68096,-168.963455,7/28/2021 12:01,21720,Pacific cod,99,650,3166,5,1,NA,NA,NA,NA,NA
-20626,94,202102,25,71,71,2021,63.68096,-168.963455,7/28/2021 12:01,21720,Pacific cod,100,470,904,4,1,NA,NA,NA,NA,NA
-20627,94,202102,26,71,71,2021,63.68538,-169.66229,7/28/2021 15:07,21720,Pacific cod,101,580,2276,5,1,NA,NA,NA,NA,NA
-20627,94,202102,26,71,71,2021,63.68538,-169.66229,7/28/2021 15:07,21720,Pacific cod,102,220,96,1,1,NA,NA,NA,NA,NA
-20627,94,202102,26,71,71,2021,63.68538,-169.66229,7/28/2021 15:07,21720,Pacific cod,103,500,1200,3,2,NA,NA,NA,NA,NA
-20627,94,202102,26,71,71,2021,63.68538,-169.66229,7/28/2021 15:07,21720,Pacific cod,104,720,4602,6,2,NA,NA,NA,NA,NA
-20628,94,202102,27,71,71,2021,63.98062,-169.77538,7/28/2021 17:44,21720,Pacific cod,105,650,3066,6,1,NA,NA,NA,NA,NA
-20628,94,202102,27,71,71,2021,63.98062,-169.77538,7/28/2021 17:44,21720,Pacific cod,106,620,2706,4,1,NA,NA,NA,NA,NA
-20628,94,202102,27,71,71,2021,63.98062,-169.77538,7/28/2021 17:44,21720,Pacific cod,107,450,805,3,2,NA,NA,NA,NA,NA
-20628,94,202102,27,71,71,2021,63.98062,-169.77538,7/28/2021 17:44,21720,Pacific cod,108,850,7374,8,2,NA,NA,NA,NA,NA
-20644,94,202102,31,71,71,2021,63.372045,-168.283725,7/29/2021 15:57,21720,Pacific cod,121,500,1550,4,1,NA,NA,NA,NA,NA
-20644,94,202102,31,71,71,2021,63.372045,-168.283725,7/29/2021 15:57,21720,Pacific cod,122,540,1725,4,1,NA,NA,NA,NA,NA
-20644,94,202102,31,71,71,2021,63.372045,-168.283725,7/29/2021 15:57,21720,Pacific cod,123,560,1940,4,2,NA,NA,NA,NA,NA
-20644,94,202102,31,71,71,2021,63.372045,-168.283725,7/29/2021 15:57,21720,Pacific cod,124,480,1205,3,2,NA,NA,NA,NA,NA
-20641,94,202102,28,71,71,2021,63.99764,-169.0628,7/29/2021 7:34,21720,Pacific cod,109,760,4640,8,1,NA,NA,NA,NA,NA
-20641,94,202102,28,71,71,2021,63.99764,-169.0628,7/29/2021 7:34,21720,Pacific cod,110,460,1060,4,1,NA,NA,NA,NA,NA
-20641,94,202102,28,71,71,2021,63.99764,-169.0628,7/29/2021 7:34,21720,Pacific cod,111,370,515,3,2,NA,NA,NA,NA,NA
-20641,94,202102,28,71,71,2021,63.99764,-169.0628,7/29/2021 7:34,21720,Pacific cod,112,650,2560,4,2,NA,NA,NA,NA,NA
-20642,94,202102,29,71,71,2021,64.0101,-168.3144,7/29/2021 10:17,21720,Pacific cod,113,460,1095,3,2,NA,NA,NA,NA,NA
-20642,94,202102,29,71,71,2021,64.0101,-168.3144,7/29/2021 10:17,21720,Pacific cod,114,680,2925,7,2,NA,NA,NA,NA,NA
-20642,94,202102,29,71,71,2021,64.0101,-168.3144,7/29/2021 10:17,21720,Pacific cod,115,700,3440,6,1,NA,NA,NA,NA,NA
-20642,94,202102,29,71,71,2021,64.0101,-168.3144,7/29/2021 10:17,21720,Pacific cod,116,710,3675,8,1,NA,NA,NA,NA,NA
-20643,94,202102,30,71,71,2021,63.68902,-168.26882,7/29/2021 13:09,21720,Pacific cod,117,590,1995,6,1,NA,NA,NA,NA,NA
-20643,94,202102,30,71,71,2021,63.68902,-168.26882,7/29/2021 13:09,21720,Pacific cod,118,590,2095,5,2,NA,NA,NA,NA,NA
-20643,94,202102,30,71,71,2021,63.68902,-168.26882,7/29/2021 13:09,21720,Pacific cod,119,720,4170,6,2,NA,NA,NA,NA,NA
-20643,94,202102,30,71,71,2021,63.68902,-168.26882,7/29/2021 13:09,21720,Pacific cod,120,690,3420,5,2,NA,NA,NA,NA,NA
-20645,94,202102,32,71,71,2021,63.3267,-167.564485,7/30/2021 7:34,21720,Pacific cod,125,510,1349,5,1,NA,NA,NA,NA,NA
-20645,94,202102,32,71,71,2021,63.3267,-167.564485,7/30/2021 7:34,21720,Pacific cod,126,620,2672,6,1,NA,NA,NA,NA,NA
-20645,94,202102,32,71,71,2021,63.3267,-167.564485,7/30/2021 7:34,21720,Pacific cod,127,760,6010,6,2,NA,NA,NA,NA,NA
-20645,94,202102,32,71,71,2021,63.3267,-167.564485,7/30/2021 7:34,21720,Pacific cod,128,800,6540,6,2,NA,NA,NA,NA,NA
-20646,94,202102,33,71,71,2021,63.66072,-167.528985,7/30/2021 10:15,21720,Pacific cod,129,490,1210,3,1,NA,NA,NA,NA,NA
-20646,94,202102,33,71,71,2021,63.66072,-167.528985,7/30/2021 10:15,21720,Pacific cod,130,690,3955,7,1,NA,NA,NA,NA,NA
-20646,94,202102,33,71,71,2021,63.66072,-167.528985,7/30/2021 10:15,21720,Pacific cod,131,520,1790,4,2,NA,NA,NA,NA,NA
-20647,94,202102,34,71,71,2021,64.028995,-167.56952,7/30/2021 13:21,21720,Pacific cod,133,610,1794,6,1,NA,NA,NA,NA,NA
-20647,94,202102,34,71,71,2021,64.028995,-167.56952,7/30/2021 13:21,21720,Pacific cod,134,640,2988,5,1,NA,NA,NA,NA,NA
-20647,94,202102,34,71,71,2021,64.028995,-167.56952,7/30/2021 13:21,21720,Pacific cod,135,400,624,3,2,NA,NA,NA,NA,NA
-20647,94,202102,34,71,71,2021,64.028995,-167.56952,7/30/2021 13:21,21720,Pacific cod,136,490,1214,3,2,NA,NA,NA,NA,NA
-20661,94,202102,36,71,71,2021,64.002595,-166.054845,8/2/2021 12:41,21720,Pacific cod,137,130,18,1,1,NA,NA,NA,NA,NA
-20785,94,202102,37,70,70,2021,60.653975,-167.34596,8/12/2021 18:17,21720,Pacific cod,138,690,3545,6,1,NA,NA,NA,NA,NA
-20795,94,202102,47,70,70,2021,61.99786,-167.39539,8/14/2021 10:36,21720,Pacific cod,139,670,3410,5,1,NA,NA,NA,NA,NA
-20796,94,202102,48,70,70,2021,61.690615,-167.37308,8/14/2021 13:56,21720,Pacific cod,140,740,4118,7,2,NA,NA,NA,NA,NA
-20797,94,202102,49,70,70,2021,61.657315,-166.763915,8/14/2021 16:32,21720,Pacific cod,141,760,4110,7,2,NA,NA,NA,NA,NA
-20808,94,202102,55,70,70,2021,61.320055,-168.70062,8/15/2021 19:50,21720,Pacific cod,142,190,60,1,1,NA,NA,NA,NA,NA
-20808,94,202102,55,70,70,2021,61.320055,-168.70062,8/15/2021 19:50,21720,Pacific cod,143,710,3850,5,1,NA,NA,NA,NA,NA
-20808,94,202102,55,70,70,2021,61.320055,-168.70062,8/15/2021 19:50,21720,Pacific cod,144,250,140,1,2,NA,NA,NA,NA,NA
-20808,94,202102,55,70,70,2021,61.320055,-168.70062,8/15/2021 19:50,21720,Pacific cod,145,220,105,1,2,NA,NA,NA,NA,NA
-20814,94,202102,56,70,70,2021,61.32372,-169.41532,8/16/2021 8:00,21720,Pacific cod,146,230,112,1,1,NA,NA,NA,NA,NA
-20814,94,202102,56,70,70,2021,61.32372,-169.41532,8/16/2021 8:00,21720,Pacific cod,147,200,72,1,1,NA,NA,NA,NA,NA
-20814,94,202102,56,70,70,2021,61.32372,-169.41532,8/16/2021 8:00,21720,Pacific cod,148,200,74,1,2,NA,NA,NA,NA,NA
-20814,94,202102,56,70,70,2021,61.32372,-169.41532,8/16/2021 8:00,21720,Pacific cod,149,170,56,1,2,NA,NA,NA,NA,NA
-20815,94,202102,57,70,70,2021,61.01061,-169.427505,8/16/2021 10:56,21720,Pacific cod,150,350,420,3,1,NA,NA,NA,NA,NA
-20815,94,202102,57,70,70,2021,61.01061,-169.427505,8/16/2021 10:56,21720,Pacific cod,151,420,756,3,1,NA,NA,NA,NA,NA
-20815,94,202102,57,70,70,2021,61.01061,-169.427505,8/16/2021 10:56,21720,Pacific cod,152,320,306,2,2,NA,NA,NA,NA,NA
-20815,94,202102,57,70,70,2021,61.01061,-169.427505,8/16/2021 10:56,21720,Pacific cod,153,260,162,1,2,NA,NA,NA,NA,NA
-20816,94,202102,58,70,70,2021,61.01409,-168.7449,8/16/2021 13:39,21720,Pacific cod,154,710,4245,8,1,NA,NA,NA,NA,NA
-20816,94,202102,58,70,70,2021,61.01409,-168.7449,8/16/2021 13:39,21720,Pacific cod,155,240,122,1,2,NA,NA,NA,NA,NA
-20816,94,202102,58,70,70,2021,61.01409,-168.7449,8/16/2021 13:39,21720,Pacific cod,156,310,300,2,2,NA,NA,NA,NA,NA
-20817,94,202102,59,70,70,2021,61.0056,-168.05467,8/16/2021 16:18,21720,Pacific cod,157,210,95,1,1,NA,NA,NA,NA,NA
-20817,94,202102,59,70,70,2021,61.0056,-168.05467,8/16/2021 16:18,21720,Pacific cod,158,230,115,1,2,NA,NA,NA,NA,NA
-20817,94,202102,59,70,70,2021,61.0056,-168.05467,8/16/2021 16:18,21720,Pacific cod,159,210,95,1,2,NA,NA,NA,NA,NA
-20817,94,202102,59,70,70,2021,61.0056,-168.05467,8/16/2021 16:18,21720,Pacific cod,160,230,110,1,2,NA,NA,NA,NA,NA
-20585,162,202102,2,81,81,2021,62.33486,-175.275625,7/23/2021 7:33,21720,Pacific cod,1,800,5115,8,2,NA,NA,NA,NA,NA
-20585,162,202102,2,81,81,2021,62.33486,-175.275625,7/23/2021 7:33,21720,Pacific cod,2,660,3150,5,2,NA,NA,NA,NA,NA
-20585,162,202102,2,81,81,2021,62.33486,-175.275625,7/23/2021 7:33,21720,Pacific cod,3,490,1185,5,1,NA,NA,NA,NA,NA
-20585,162,202102,2,81,81,2021,62.33486,-175.275625,7/23/2021 7:33,21720,Pacific cod,4,470,1020,4,1,NA,NA,NA,NA,NA
-20586,162,202102,3,81,81,2021,62.337775,-174.61426,7/23/2021 10:03,21720,Pacific cod,5,440,890,4,2,NA,NA,NA,NA,NA
-20586,162,202102,3,81,81,2021,62.337775,-174.61426,7/23/2021 10:03,21720,Pacific cod,6,700,3550,6,2,NA,NA,NA,NA,NA
-20586,162,202102,3,81,81,2021,62.337775,-174.61426,7/23/2021 10:03,21720,Pacific cod,7,630,2380,6,1,NA,NA,NA,NA,NA
-20586,162,202102,3,81,81,2021,62.337775,-174.61426,7/23/2021 10:03,21720,Pacific cod,8,670,3045,6,1,NA,NA,NA,NA,NA
-20593,162,202102,6,81,81,2021,62.332455,-173.83068,7/24/2021 7:17,21720,Pacific cod,9,510,1210,4,1,NA,NA,NA,NA,NA
-20593,162,202102,6,81,81,2021,62.332455,-173.83068,7/24/2021 7:17,21720,Pacific cod,10,510,1195,3,2,NA,NA,NA,NA,NA
-20593,162,202102,6,81,81,2021,62.332455,-173.83068,7/24/2021 7:17,21720,Pacific cod,11,540,1345,3,1,NA,NA,NA,NA,NA
-20593,162,202102,6,81,81,2021,62.332455,-173.83068,7/24/2021 7:17,21720,Pacific cod,12,460,965,4,2,NA,NA,NA,NA,NA
-20594,162,202102,7,81,81,2021,62.348985,-173.16048,7/24/2021 10:03,21720,Pacific cod,13,520,1410,4,1,NA,NA,NA,NA,NA
-20594,162,202102,7,81,81,2021,62.348985,-173.16048,7/24/2021 10:03,21720,Pacific cod,14,530,1220,5,1,NA,NA,NA,NA,NA
-20594,162,202102,7,81,81,2021,62.348985,-173.16048,7/24/2021 10:03,21720,Pacific cod,15,450,860,4,2,NA,NA,NA,NA,NA
-20594,162,202102,7,81,81,2021,62.348985,-173.16048,7/24/2021 10:03,21720,Pacific cod,16,390,550,3,2,NA,NA,NA,NA,NA
-20596,162,202102,9,81,81,2021,62.667145,-172.44106,7/24/2021 15:11,21720,Pacific cod,17,690,3845,7,1,NA,NA,NA,NA,NA
-20596,162,202102,9,81,81,2021,62.667145,-172.44106,7/24/2021 15:11,21720,Pacific cod,18,590,1985,4,1,NA,NA,NA,NA,NA
-20596,162,202102,9,81,81,2021,62.667145,-172.44106,7/24/2021 15:11,21720,Pacific cod,19,740,3555,5,2,NA,NA,NA,NA,NA
-20596,162,202102,9,81,81,2021,62.667145,-172.44106,7/24/2021 15:11,21720,Pacific cod,20,470,1005,3,2,NA,NA,NA,NA,NA
-20597,162,202102,10,70,70,2021,62.67179,-171.8136,7/24/2021 17:29,21720,Pacific cod,21,600,2340,5,2,NA,NA,NA,NA,NA
-20597,162,202102,10,70,70,2021,62.67179,-171.8136,7/24/2021 17:29,21720,Pacific cod,22,630,2480,6,2,NA,NA,NA,NA,NA
-20597,162,202102,10,70,70,2021,62.67179,-171.8136,7/24/2021 17:29,21720,Pacific cod,23,480,1045,4,2,NA,NA,NA,NA,NA
-20597,162,202102,10,70,70,2021,62.67179,-171.8136,7/24/2021 17:29,21720,Pacific cod,24,750,4530,6,2,NA,NA,NA,NA,NA
-20603,162,202102,11,70,70,2021,63.00793,-171.767845,7/25/2021 7:23,21720,Pacific cod,25,610,2105,6,2,NA,NA,NA,NA,NA
-20605,162,202102,13,81,81,2021,63.004,-173.215325,7/25/2021 12:37,21720,Pacific cod,26,730,3600,7,1,NA,NA,NA,NA,NA
-20605,162,202102,13,81,81,2021,63.004,-173.215325,7/25/2021 12:37,21720,Pacific cod,27,620,2645,5,2,NA,NA,NA,NA,NA
-20617,162,202102,16,81,81,2021,63.33523,-172.62468,7/26/2021 9:32,21720,Pacific cod,28,490,1205,4,1,NA,NA,NA,NA,NA
-20617,162,202102,16,81,81,2021,63.33523,-172.62468,7/26/2021 9:32,21720,Pacific cod,29,580,2105,5,1,NA,NA,NA,NA,NA
-20617,162,202102,16,81,81,2021,63.33523,-172.62468,7/26/2021 9:32,21720,Pacific cod,30,600,2175,5,2,NA,NA,NA,NA,NA
-20617,162,202102,16,81,81,2021,63.33523,-172.62468,7/26/2021 9:32,21720,Pacific cod,31,490,1195,4,2,NA,NA,NA,NA,NA
-20620,162,202102,19,70,70,2021,63.535055,-171.99621,7/26/2021 16:03,21720,Pacific cod,32,760,4485,7,2,NA,NA,NA,NA,NA
-20620,162,202102,19,70,70,2021,63.535055,-171.99621,7/26/2021 16:03,21720,Pacific cod,33,630,2705,6,2,NA,NA,NA,NA,NA
-20620,162,202102,19,70,70,2021,63.535055,-171.99621,7/26/2021 16:03,21720,Pacific cod,34,590,2295,6,2,NA,NA,NA,NA,NA
-20620,162,202102,19,70,70,2021,63.535055,-171.99621,7/26/2021 16:03,21720,Pacific cod,35,540,1710,4,2,NA,NA,NA,NA,NA
-20621,162,202102,20,81,81,2021,63.657025,-172.673635,7/26/2021 18:39,21720,Pacific cod,36,740,3400,7,1,NA,NA,NA,NA,NA
-20621,162,202102,20,81,81,2021,63.657025,-172.673635,7/26/2021 18:39,21720,Pacific cod,37,660,3055,6,1,NA,NA,NA,NA,NA
-20621,162,202102,20,81,81,2021,63.657025,-172.673635,7/26/2021 18:39,21720,Pacific cod,38,590,2825,6,1,NA,NA,NA,NA,NA
-20630,162,202102,22,71,71,2021,64.01035,-171.79476,7/27/2021 9:55,21720,Pacific cod,39,790,5530,7,2,NA,NA,NA,NA,NA
-20630,162,202102,22,71,71,2021,64.01035,-171.79476,7/27/2021 9:55,21720,Pacific cod,40,600,2480,5,1,NA,NA,NA,NA,NA
-20630,162,202102,22,71,71,2021,64.01035,-171.79476,7/27/2021 9:55,21720,Pacific cod,41,540,1945,4,1,NA,NA,NA,NA,NA
-20630,162,202102,22,71,71,2021,64.01035,-171.79476,7/27/2021 9:55,21720,Pacific cod,42,470,1100,4,2,NA,NA,NA,NA,NA
-20631,162,202102,23,71,71,2021,64.04661,-171.351435,7/27/2021 11:56,21720,Pacific cod,43,640,3010,6,2,NA,NA,NA,NA,NA
-20631,162,202102,23,71,71,2021,64.04661,-171.351435,7/27/2021 11:56,21720,Pacific cod,44,720,4225,5,2,NA,NA,NA,NA,NA
-20631,162,202102,23,71,71,2021,64.04661,-171.351435,7/27/2021 11:56,21720,Pacific cod,45,610,2650,5,2,NA,NA,NA,NA,NA
-20631,162,202102,23,71,71,2021,64.04661,-171.351435,7/27/2021 11:56,21720,Pacific cod,46,810,5520,8,2,NA,NA,NA,NA,NA
-20632,162,202102,24,71,71,2021,63.99391,-170.552865,7/27/2021 14:46,21720,Pacific cod,47,610,1860,4,2,NA,NA,NA,NA,NA
-20633,162,202102,25,71,71,2021,63.6988,-171.051215,7/27/2021 17:38,21720,Pacific cod,48,150,25,1,2,NA,NA,NA,NA,NA
-20633,162,202102,25,71,71,2021,63.6988,-171.051215,7/27/2021 17:38,21720,Pacific cod,49,160,30,1,2,NA,NA,NA,NA,NA
-20634,162,202102,26,71,71,2021,64.233985,-171.105935,7/28/2021 13:29,21720,Pacific cod,50,470,1140,4,2,NA,NA,NA,NA,NA
-20634,162,202102,26,71,71,2021,64.233985,-171.105935,7/28/2021 13:29,21720,Pacific cod,51,550,1535,4,2,NA,NA,NA,NA,NA
-20635,162,202102,27,71,71,2021,64.28089,-170.67872,7/28/2021 15:31,21720,Pacific cod,52,550,1780,4,1,NA,NA,NA,NA,NA
-20635,162,202102,27,71,71,2021,64.28089,-170.67872,7/28/2021 15:31,21720,Pacific cod,53,540,2080,4,1,NA,NA,NA,NA,NA
-20635,162,202102,27,71,71,2021,64.28089,-170.67872,7/28/2021 15:31,21720,Pacific cod,54,550,1860,3,2,NA,NA,NA,NA,NA
-20635,162,202102,27,71,71,2021,64.28089,-170.67872,7/28/2021 15:31,21720,Pacific cod,55,520,1505,3,2,NA,NA,NA,NA,NA
-20637,162,202102,29,71,71,2021,64.65693,-169.90694,7/29/2021 9:55,21720,Pacific cod,56,230,125,2,2,NA,NA,NA,NA,NA
-20637,162,202102,29,71,71,2021,64.65693,-169.90694,7/29/2021 9:55,21720,Pacific cod,57,850,7140,7,2,NA,NA,NA,NA,NA
-20637,162,202102,29,71,71,2021,64.65693,-169.90694,7/29/2021 9:55,21720,Pacific cod,58,600,2670,5,2,NA,NA,NA,NA,NA
-20637,162,202102,29,71,71,2021,64.65693,-169.90694,7/29/2021 9:55,21720,Pacific cod,59,580,2215,4,1,NA,NA,NA,NA,NA
-20637,162,202102,29,71,71,2021,64.65693,-169.90694,7/29/2021 9:55,21720,Pacific cod,60,590,2965,6,1,NA,NA,NA,NA,NA
-20640,162,202102,32,71,71,2021,65.009085,-169.950965,7/29/2021 16:59,21720,Pacific cod,61,500,1160,4,2,NA,NA,NA,NA,NA
-20640,162,202102,32,71,71,2021,65.009085,-169.950965,7/29/2021 16:59,21720,Pacific cod,62,580,2370,4,2,NA,NA,NA,NA,NA
-20640,162,202102,32,71,71,2021,65.009085,-169.950965,7/29/2021 16:59,21720,Pacific cod,63,690,3925,6,2,NA,NA,NA,NA,NA
-20640,162,202102,32,71,71,2021,65.009085,-169.950965,7/29/2021 16:59,21720,Pacific cod,64,510,1665,4,2,NA,NA,NA,NA,NA
-20640,162,202102,32,71,71,2021,65.009085,-169.950965,7/29/2021 16:59,21720,Pacific cod,65,750,4770,8,2,NA,NA,NA,NA,NA
-20640,162,202102,32,71,71,2021,65.009085,-169.950965,7/29/2021 16:59,21720,Pacific cod,66,750,4790,6,2,NA,NA,NA,NA,NA
-20640,162,202102,32,71,71,2021,65.009085,-169.950965,7/29/2021 16:59,21720,Pacific cod,67,690,3480,6,1,NA,NA,NA,NA,NA
-20640,162,202102,32,71,71,2021,65.009085,-169.950965,7/29/2021 16:59,21720,Pacific cod,68,650,2910,6,1,NA,NA,NA,NA,NA
-20640,162,202102,32,71,71,2021,65.009085,-169.950965,7/29/2021 16:59,21720,Pacific cod,69,560,2365,4,1,NA,NA,NA,NA,NA
-20640,162,202102,32,71,71,2021,65.009085,-169.950965,7/29/2021 16:59,21720,Pacific cod,70,680,3410,6,1,NA,NA,NA,NA,NA
-20640,162,202102,32,71,71,2021,65.009085,-169.950965,7/29/2021 16:59,21720,Pacific cod,71,520,1560,3,1,NA,NA,NA,NA,NA
-20640,162,202102,32,71,71,2021,65.009085,-169.950965,7/29/2021 16:59,21720,Pacific cod,72,740,5005,7,1,NA,NA,NA,NA,NA
-20640,162,202102,32,71,71,2021,65.009085,-169.950965,7/29/2021 16:59,21720,Pacific cod,73,590,2750,4,1,NA,NA,NA,NA,NA
-20640,162,202102,32,71,71,2021,65.009085,-169.950965,7/29/2021 16:59,21720,Pacific cod,74,660,3220,6,1,NA,NA,NA,NA,NA
-20640,162,202102,32,71,71,2021,65.009085,-169.950965,7/29/2021 16:59,21720,Pacific cod,75,630,3095,6,1,NA,NA,NA,NA,NA
-20640,162,202102,32,71,71,2021,65.009085,-169.950965,7/29/2021 16:59,21720,Pacific cod,76,650,3260,6,1,NA,NA,NA,NA,NA
-20648,162,202102,33,71,71,2021,65.252895,-168.947575,7/30/2021 7:18,21720,Pacific cod,77,620,2680,6,1,NA,NA,NA,NA,NA
-20648,162,202102,33,71,71,2021,65.252895,-168.947575,7/30/2021 7:18,21720,Pacific cod,78,640,3005,6,1,NA,NA,NA,NA,NA
-20648,162,202102,33,71,71,2021,65.252895,-168.947575,7/30/2021 7:18,21720,Pacific cod,79,740,6180,7,2,NA,NA,NA,NA,NA
-20648,162,202102,33,71,71,2021,65.252895,-168.947575,7/30/2021 7:18,21720,Pacific cod,80,650,2875,6,2,NA,NA,NA,NA,NA
-20649,162,202102,34,71,71,2021,65.017845,-169.10073,7/30/2021 9:58,21720,Pacific cod,81,650,3470,5,2,NA,NA,NA,NA,NA
-20649,162,202102,34,71,71,2021,65.017845,-169.10073,7/30/2021 9:58,21720,Pacific cod,82,760,5720,7,1,NA,NA,NA,NA,NA
-20649,162,202102,34,71,71,2021,65.017845,-169.10073,7/30/2021 9:58,21720,Pacific cod,83,620,2315,6,1,NA,NA,NA,NA,NA
-20649,162,202102,34,71,71,2021,65.017845,-169.10073,7/30/2021 9:58,21720,Pacific cod,84,890,7740,10,1,NA,NA,NA,NA,NA
-20650,162,202102,35,71,71,2021,64.65804,-169.15643,7/30/2021 12:55,21720,Pacific cod,85,540,1595,4,2,NA,NA,NA,NA,NA
-20651,162,202102,36,71,71,2021,64.33431,-169.097245,7/30/2021 15:28,21720,Pacific cod,86,660,3290,7,1,NA,NA,NA,NA,NA
-20651,162,202102,36,71,71,2021,64.33431,-169.097245,7/30/2021 15:28,21720,Pacific cod,87,700,3555,NA,1,NA,NA,NA,NA,NA
-20652,162,202102,37,71,71,2021,64.331415,-168.334425,7/31/2021 7:18,21720,Pacific cod,88,830,6895,8,1,NA,NA,NA,NA,NA
-20652,162,202102,37,71,71,2021,64.331415,-168.334425,7/31/2021 7:18,21720,Pacific cod,89,820,6555,7,2,NA,NA,NA,NA,NA
-20652,162,202102,37,71,71,2021,64.331415,-168.334425,7/31/2021 7:18,21720,Pacific cod,90,640,2740,5,1,NA,NA,NA,NA,NA
-20652,162,202102,37,71,71,2021,64.331415,-168.334425,7/31/2021 7:18,21720,Pacific cod,91,790,5973,8,1,NA,NA,NA,NA,NA
-20653,162,202102,38,71,71,2021,64.653955,-168.331795,7/31/2021 9:44,21720,Pacific cod,92,620,1900,5,1,NA,NA,NA,NA,NA
-20653,162,202102,38,71,71,2021,64.653955,-168.331795,7/31/2021 9:44,21720,Pacific cod,93,580,1870,NA,1,NA,NA,NA,NA,NA
-20653,162,202102,38,71,71,2021,64.653955,-168.331795,7/31/2021 9:44,21720,Pacific cod,94,820,7540,7,2,NA,NA,NA,NA,NA
-20654,162,202102,39,71,71,2021,64.994345,-168.339065,7/31/2021 12:18,21720,Pacific cod,95,630,2890,4,1,NA,NA,NA,NA,NA
-20654,162,202102,39,71,71,2021,64.994345,-168.339065,7/31/2021 12:18,21720,Pacific cod,96,550,1640,5,1,NA,NA,NA,NA,NA
-20654,162,202102,39,71,71,2021,64.994345,-168.339065,7/31/2021 12:18,21720,Pacific cod,97,530,1685,3,2,NA,NA,NA,NA,NA
-20654,162,202102,39,71,71,2021,64.994345,-168.339065,7/31/2021 12:18,21720,Pacific cod,98,750,5335,6,2,NA,NA,NA,NA,NA
-20655,162,202102,40,71,71,2021,65.32447,-168.362725,7/31/2021 14:57,21720,Pacific cod,102,700,3225,NA,2,NA,NA,NA,NA,NA
-20655,162,202102,40,71,71,2021,65.32447,-168.362725,7/31/2021 14:57,21720,Pacific cod,99,680,3840,7,2,NA,NA,NA,NA,NA
-20655,162,202102,40,71,71,2021,65.32447,-168.362725,7/31/2021 14:57,21720,Pacific cod,100,710,4270,6,1,NA,NA,NA,NA,NA
-20655,162,202102,40,71,71,2021,65.32447,-168.362725,7/31/2021 14:57,21720,Pacific cod,101,770,4000,7,1,NA,NA,NA,NA,NA
-20655,162,202102,40,71,71,2021,65.32447,-168.362725,7/31/2021 14:57,21720,Pacific cod,103,680,4260,5,2,NA,NA,NA,NA,NA
-20655,162,202102,40,71,71,2021,65.32447,-168.362725,7/31/2021 14:57,21720,Pacific cod,104,730,4040,5,2,NA,NA,NA,NA,NA
-20655,162,202102,40,71,71,2021,65.32447,-168.362725,7/31/2021 14:57,21720,Pacific cod,105,830,6800,7,2,NA,NA,NA,NA,NA
-20655,162,202102,40,71,71,2021,65.32447,-168.362725,7/31/2021 14:57,21720,Pacific cod,106,810,7000,7,2,NA,NA,NA,NA,NA
-20656,162,202102,41,71,71,2021,64.333085,-167.57719,8/1/2021 7:18,21720,Pacific cod,107,710,4130,6,1,NA,NA,NA,NA,NA
-20656,162,202102,41,71,71,2021,64.333085,-167.57719,8/1/2021 7:18,21720,Pacific cod,108,720,3800,7,1,NA,NA,NA,NA,NA
-20656,162,202102,41,71,71,2021,64.333085,-167.57719,8/1/2021 7:18,21720,Pacific cod,109,590,2340,5,2,NA,NA,NA,NA,NA
-20656,162,202102,41,71,71,2021,64.333085,-167.57719,8/1/2021 7:18,21720,Pacific cod,110,450,1025,3,2,NA,NA,NA,NA,NA
-20657,162,202102,42,71,71,2021,64.657665,-167.605295,8/1/2021 9:41,21720,Pacific cod,112,510,1350,5,2,NA,NA,NA,NA,NA
-20657,162,202102,42,71,71,2021,64.657665,-167.605295,8/1/2021 9:41,21720,Pacific cod,113,710,3650,6,1,NA,NA,NA,NA,NA
-20657,162,202102,42,71,71,2021,64.657665,-167.605295,8/1/2021 9:41,21720,Pacific cod,114,690,4240,6,1,NA,NA,NA,NA,NA
-20657,162,202102,42,71,71,2021,64.657665,-167.605295,8/1/2021 9:41,21720,Pacific cod,111,590,2485,4,2,NA,NA,NA,NA,NA
-20658,162,202102,43,71,71,2021,64.978615,-167.614405,8/1/2021 12:10,21720,Pacific cod,118,370,540,3,2,NA,NA,NA,NA,NA
-20658,162,202102,43,71,71,2021,64.978615,-167.614405,8/1/2021 12:10,21720,Pacific cod,115,700,3835,5,1,NA,NA,NA,NA,NA
-20658,162,202102,43,71,71,2021,64.978615,-167.614405,8/1/2021 12:10,21720,Pacific cod,116,750,4415,8,1,NA,NA,NA,NA,NA
-20658,162,202102,43,71,71,2021,64.978615,-167.614405,8/1/2021 12:10,21720,Pacific cod,117,160,30,1,2,NA,NA,NA,NA,NA
-20659,162,202102,44,71,71,2021,65.265275,-167.88624,8/1/2021 14:47,21720,Pacific cod,119,790,6275,7,1,NA,NA,NA,NA,NA
-20659,162,202102,44,71,71,2021,65.265275,-167.88624,8/1/2021 14:47,21720,Pacific cod,120,760,4585,7,2,NA,NA,NA,NA,NA
-20659,162,202102,44,71,71,2021,65.265275,-167.88624,8/1/2021 14:47,21720,Pacific cod,121,780,6845,8,1,NA,NA,NA,NA,NA
-20659,162,202102,44,71,71,2021,65.265275,-167.88624,8/1/2021 14:47,21720,Pacific cod,122,820,6805,8,2,NA,NA,NA,NA,NA
-20691,162,202102,67,70,70,2021,63.00607,-166.024015,8/10/2021 7:10,21720,Pacific cod,143,150,30,1,1,NA,NA,NA,NA,NA
-20692,162,202102,68,71,71,2021,63.32333,-166.034275,8/10/2021 9:49,21720,Pacific cod,144,720,4490,5,2,NA,NA,NA,NA,NA
-20692,162,202102,68,71,71,2021,63.32333,-166.034275,8/10/2021 9:49,21720,Pacific cod,145,190,70,1,2,NA,NA,NA,NA,NA
-20692,162,202102,68,71,71,2021,63.32333,-166.034275,8/10/2021 9:49,21720,Pacific cod,146,170,35,1,1,NA,NA,NA,NA,NA
-20692,162,202102,68,71,71,2021,63.32333,-166.034275,8/10/2021 9:49,21720,Pacific cod,147,180,50,1,1,NA,NA,NA,NA,NA
-20693,162,202102,69,71,71,2021,63.326175,-166.720785,8/10/2021 12:17,21720,Pacific cod,148,680,3440,7,1,NA,NA,NA,NA,NA
-20693,162,202102,69,71,71,2021,63.326175,-166.720785,8/10/2021 12:17,21720,Pacific cod,149,710,3585,8,2,NA,NA,NA,NA,NA
-20693,162,202102,69,71,71,2021,63.326175,-166.720785,8/10/2021 12:17,21720,Pacific cod,150,700,4045,7,1,NA,NA,NA,NA,NA
-20694,162,202102,70,70,70,2021,63.00235,-166.75036,8/10/2021 14:45,21720,Pacific cod,151,170,30,1,2,NA,NA,NA,NA,NA
-20694,162,202102,70,70,70,2021,63.00235,-166.75036,8/10/2021 14:45,21720,Pacific cod,152,650,2690,6,2,NA,NA,NA,NA,NA
-20694,162,202102,70,70,70,2021,63.00235,-166.75036,8/10/2021 14:45,21720,Pacific cod,153,670,2770,6,1,NA,NA,NA,NA,NA
-20694,162,202102,70,70,70,2021,63.00235,-166.75036,8/10/2021 14:45,21720,Pacific cod,154,170,40,1,1,NA,NA,NA,NA,NA
-20695,162,202102,71,70,70,2021,62.9969,-167.424855,8/10/2021 17:13,21720,Pacific cod,155,500,1335,4,1,NA,NA,NA,NA,NA
-20695,162,202102,71,70,70,2021,62.9969,-167.424855,8/10/2021 17:13,21720,Pacific cod,156,560,2075,5,1,NA,NA,NA,NA,NA
-20695,162,202102,71,70,70,2021,62.9969,-167.424855,8/10/2021 17:13,21720,Pacific cod,157,780,6975,8,2,NA,NA,NA,NA,NA
-20695,162,202102,71,70,70,2021,62.9969,-167.424855,8/10/2021 17:13,21720,Pacific cod,158,590,2260,5,2,NA,NA,NA,NA,NA
-20770,162,202102,72,70,70,2021,62.64567,-168.18579,8/11/2021 7:27,21720,Pacific cod,159,500,1420,3,2,NA,NA,NA,NA,NA
-20770,162,202102,72,70,70,2021,62.64567,-168.18579,8/11/2021 7:27,21720,Pacific cod,160,470,1080,5,2,NA,NA,NA,NA,NA
-20770,162,202102,72,70,70,2021,62.64567,-168.18579,8/11/2021 7:27,21720,Pacific cod,161,450,885,3,1,NA,NA,NA,NA,NA
-20770,162,202102,72,70,70,2021,62.64567,-168.18579,8/11/2021 7:27,21720,Pacific cod,162,600,2240,7,1,NA,NA,NA,NA,NA
-20771,162,202102,73,70,70,2021,62.662255,-167.48342,8/11/2021 10:02,21720,Pacific cod,163,760,5370,6,2,NA,NA,NA,NA,NA
-20771,162,202102,73,70,70,2021,62.662255,-167.48342,8/11/2021 10:02,21720,Pacific cod,164,600,2265,5,1,NA,NA,NA,NA,NA
-20771,162,202102,73,70,70,2021,62.662255,-167.48342,8/11/2021 10:02,21720,Pacific cod,165,650,3175,6,2,NA,NA,NA,NA,NA
-20771,162,202102,73,70,70,2021,62.662255,-167.48342,8/11/2021 10:02,21720,Pacific cod,166,700,3600,6,1,NA,NA,NA,NA,NA
-20775,162,202102,77,70,70,2021,62.342515,-167.47154,8/11/2021 18:58,21720,Pacific cod,167,810,5425,6,2,NA,NA,NA,NA,NA
-20775,162,202102,77,70,70,2021,62.342515,-167.47154,8/11/2021 18:58,21720,Pacific cod,168,840,7690,9,2,NA,NA,NA,NA,NA
-20776,162,202102,78,70,70,2021,62.341485,-168.157475,8/12/2021 7:34,21720,Pacific cod,169,520,1295,4,2,NA,NA,NA,NA,NA
-20776,162,202102,78,70,70,2021,62.341485,-168.157475,8/12/2021 7:34,21720,Pacific cod,170,550,1460,5,1,NA,NA,NA,NA,NA
-20776,162,202102,78,70,70,2021,62.341485,-168.157475,8/12/2021 7:34,21720,Pacific cod,171,560,2150,5,2,NA,NA,NA,NA,NA
-20776,162,202102,78,70,70,2021,62.341485,-168.157475,8/12/2021 7:34,21720,Pacific cod,172,740,4235,6,1,NA,NA,NA,NA,NA
-20777,162,202102,79,70,70,2021,62.32697,-168.874705,8/12/2021 10:05,21720,Pacific cod,173,720,4730,6,2,NA,NA,NA,NA,NA
-20777,162,202102,79,70,70,2021,62.32697,-168.874705,8/12/2021 10:05,21720,Pacific cod,174,480,1150,4,2,NA,NA,NA,NA,NA
-20777,162,202102,79,70,70,2021,62.32697,-168.874705,8/12/2021 10:05,21720,Pacific cod,175,450,825,3,1,NA,NA,NA,NA,NA
-20777,162,202102,79,70,70,2021,62.32697,-168.874705,8/12/2021 10:05,21720,Pacific cod,176,400,555,4,1,NA,NA,NA,NA,NA
-20778,162,202102,80,70,70,2021,62.31809,-169.58511,8/12/2021 13:40,21720,Pacific cod,177,610,2320,5,2,NA,NA,NA,NA,NA
-20778,162,202102,80,70,70,2021,62.31809,-169.58511,8/12/2021 13:40,21720,Pacific cod,178,390,585,4,2,NA,NA,NA,NA,NA
-20778,162,202102,80,70,70,2021,62.31809,-169.58511,8/12/2021 13:40,21720,Pacific cod,179,580,2205,5,1,NA,NA,NA,NA,NA
-20778,162,202102,80,70,70,2021,62.31809,-169.58511,8/12/2021 13:40,21720,Pacific cod,180,340,380,3,1,NA,NA,NA,NA,NA
-20779,162,202102,81,70,70,2021,62.017705,-169.5518,8/12/2021 16:01,21720,Pacific cod,181,490,1185,5,2,NA,NA,NA,NA,NA
-20779,162,202102,81,70,70,2021,62.017705,-169.5518,8/12/2021 16:01,21720,Pacific cod,182,540,1500,6,2,NA,NA,NA,NA,NA
-20779,162,202102,81,70,70,2021,62.017705,-169.5518,8/12/2021 16:01,21720,Pacific cod,183,950,9125,8,2,NA,NA,NA,NA,NA
-20779,162,202102,81,70,70,2021,62.017705,-169.5518,8/12/2021 16:01,21720,Pacific cod,184,510,1325,4,2,NA,NA,NA,NA,NA
-20780,162,202102,82,70,70,2021,61.99519,-168.79878,8/13/2021 7:41,21720,Pacific cod,185,640,3125,6,2,NA,NA,NA,NA,NA
-20780,162,202102,82,70,70,2021,61.99519,-168.79878,8/13/2021 7:41,21720,Pacific cod,186,580,1775,6,2,NA,NA,NA,NA,NA
-20780,162,202102,82,70,70,2021,61.99519,-168.79878,8/13/2021 7:41,21720,Pacific cod,187,240,125,1,1,NA,NA,NA,NA,NA
-20780,162,202102,82,70,70,2021,61.99519,-168.79878,8/13/2021 7:41,21720,Pacific cod,188,570,2010,6,1,NA,NA,NA,NA,NA
-20781,162,202102,83,70,70,2021,61.999715,-168.130655,8/13/2021 10:14,21720,Pacific cod,189,710,4050,6,2,NA,NA,NA,NA,NA
-20781,162,202102,83,70,70,2021,61.999715,-168.130655,8/13/2021 10:14,21720,Pacific cod,190,830,5990,12,2,NA,NA,NA,NA,NA
-20782,162,202102,84,70,70,2021,61.68086,-168.09308,8/13/2021 12:44,21720,Pacific cod,191,200,75,1,2,NA,NA,NA,NA,NA
-20783,162,202102,85,70,70,2021,61.66585,-168.79037,8/13/2021 15:27,21720,Pacific cod,192,650,3305,5,2,NA,NA,NA,NA,NA
-20783,162,202102,85,70,70,2021,61.66585,-168.79037,8/13/2021 15:27,21720,Pacific cod,193,230,120,1,2,NA,NA,NA,NA,NA
-20783,162,202102,85,70,70,2021,61.66585,-168.79037,8/13/2021 15:27,21720,Pacific cod,194,350,435,4,1,NA,NA,NA,NA,NA
-20783,162,202102,85,70,70,2021,61.66585,-168.79037,8/13/2021 15:27,21720,Pacific cod,195,240,135,1,1,NA,NA,NA,NA,NA
-20784,162,202102,86,70,70,2021,61.667485,-169.467605,8/13/2021 17:57,21720,Pacific cod,196,420,770,5,1,NA,NA,NA,NA,NA
-20784,162,202102,86,70,70,2021,61.667485,-169.467605,8/13/2021 17:57,21720,Pacific cod,197,240,130,1,1,NA,NA,NA,NA,NA
-20784,162,202102,86,70,70,2021,61.667485,-169.467605,8/13/2021 17:57,21720,Pacific cod,198,230,105,1,1,NA,NA,NA,NA,NA
-20784,162,202102,86,70,70,2021,61.667485,-169.467605,8/13/2021 17:57,21720,Pacific cod,199,400,720,4,2,NA,NA,NA,NA,NA
-20799,162,202102,87,70,70,2021,61.67021,-170.2141,8/15/2021 7:54,21720,Pacific cod,200,400,695,3,2,NA,NA,NA,NA,NA
-20799,162,202102,87,70,70,2021,61.67021,-170.2141,8/15/2021 7:54,21720,Pacific cod,201,450,940,3,1,NA,NA,NA,NA,NA
-20799,162,202102,87,70,70,2021,61.67021,-170.2141,8/15/2021 7:54,21720,Pacific cod,202,440,880,4,2,NA,NA,NA,NA,NA
-20799,162,202102,87,70,70,2021,61.67021,-170.2141,8/15/2021 7:54,21720,Pacific cod,203,440,950,3,1,NA,NA,NA,NA,NA
-20800,162,202102,88,81,81,2021,61.661175,-170.9271,8/15/2021 10:34,21720,Pacific cod,204,440,850,4,2,NA,NA,NA,NA,NA
-20800,162,202102,88,81,81,2021,61.661175,-170.9271,8/15/2021 10:34,21720,Pacific cod,205,420,770,3,1,NA,NA,NA,NA,NA
-20800,162,202102,88,81,81,2021,61.661175,-170.9271,8/15/2021 10:34,21720,Pacific cod,206,390,640,3,2,NA,NA,NA,NA,NA
-20800,162,202102,88,81,81,2021,61.661175,-170.9271,8/15/2021 10:34,21720,Pacific cod,207,400,680,3,1,NA,NA,NA,NA,NA
-20801,162,202102,89,81,81,2021,61.33833,-170.839695,8/15/2021 13:19,21720,Pacific cod,208,450,985,3,2,NA,NA,NA,NA,NA
-20801,162,202102,89,81,81,2021,61.33833,-170.839695,8/15/2021 13:19,21720,Pacific cod,209,460,1060,3,2,NA,NA,NA,NA,NA
-20801,162,202102,89,81,81,2021,61.33833,-170.839695,8/15/2021 13:19,21720,Pacific cod,210,410,675,3,1,NA,NA,NA,NA,NA
-20801,162,202102,89,81,81,2021,61.33833,-170.839695,8/15/2021 13:19,21720,Pacific cod,211,430,795,2,1,NA,NA,NA,NA,NA
-20802,162,202102,90,70,70,2021,61.327975,-170.179565,8/15/2021 15:44,21720,Pacific cod,212,370,515,3,2,NA,NA,NA,NA,NA
-20802,162,202102,90,70,70,2021,61.327975,-170.179565,8/15/2021 15:44,21720,Pacific cod,213,370,490,2,1,NA,NA,NA,NA,NA
-20802,162,202102,90,70,70,2021,61.327975,-170.179565,8/15/2021 15:44,21720,Pacific cod,214,450,945,3,1,NA,NA,NA,NA,NA
-20802,162,202102,90,70,70,2021,61.327975,-170.179565,8/15/2021 15:44,21720,Pacific cod,215,670,2310,4,2,NA,NA,NA,NA,NA
-20803,162,202102,91,70,70,2021,60.99985,-170.115065,8/15/2021 18:30,21720,Pacific cod,216,400,635,3,1,NA,NA,NA,NA,NA
-20803,162,202102,91,70,70,2021,60.99985,-170.115065,8/15/2021 18:30,21720,Pacific cod,217,430,860,3,2,NA,NA,NA,NA,NA
-20803,162,202102,91,70,70,2021,60.99985,-170.115065,8/15/2021 18:30,21720,Pacific cod,218,390,600,2,2,NA,NA,NA,NA,NA
-20803,162,202102,91,70,70,2021,60.99985,-170.115065,8/15/2021 18:30,21720,Pacific cod,219,450,925,3,1,NA,NA,NA,NA,NA
-20809,162,202102,92,81,81,2021,60.999635,-170.805845,8/16/2021 8:03,21720,Pacific cod,220,420,775,3,1,NA,NA,NA,NA,NA
-20809,162,202102,92,81,81,2021,60.999635,-170.805845,8/16/2021 8:03,21720,Pacific cod,221,470,995,3,1,NA,NA,NA,NA,NA
-20809,162,202102,92,81,81,2021,60.999635,-170.805845,8/16/2021 8:03,21720,Pacific cod,222,420,805,3,2,NA,NA,NA,NA,NA
-20809,162,202102,92,81,81,2021,60.999635,-170.805845,8/16/2021 8:03,21720,Pacific cod,223,850,8770,7,2,NA,NA,NA,NA,NA
-20810,162,202102,93,81,81,2021,60.67469,-170.753935,8/16/2021 10:37,21720,Pacific cod,224,480,1225,4,2,NA,NA,NA,NA,NA
-20810,162,202102,93,81,81,2021,60.67469,-170.753935,8/16/2021 10:37,21720,Pacific cod,225,470,1125,3,2,NA,NA,NA,NA,NA
-20810,162,202102,93,81,81,2021,60.67469,-170.753935,8/16/2021 10:37,21720,Pacific cod,226,480,1100,4,2,NA,NA,NA,NA,NA
-20810,162,202102,93,81,81,2021,60.67469,-170.753935,8/16/2021 10:37,21720,Pacific cod,227,760,5860,7,1,NA,NA,NA,NA,NA
-20811,162,202102,94,70,70,2021,60.67186,-170.054575,8/16/2021 13:16,21720,Pacific cod,228,450,920,3,1,NA,NA,NA,NA,NA
-20811,162,202102,94,70,70,2021,60.67186,-170.054575,8/16/2021 13:16,21720,Pacific cod,229,540,1460,3,1,NA,NA,NA,NA,NA
-20811,162,202102,94,70,70,2021,60.67186,-170.054575,8/16/2021 13:16,21720,Pacific cod,230,500,1315,3,2,NA,NA,NA,NA,NA
-20811,162,202102,94,70,70,2021,60.67186,-170.054575,8/16/2021 13:16,21720,Pacific cod,231,380,520,2,2,NA,NA,NA,NA,NA
-20812,162,202102,95,70,70,2021,60.671735,-169.368795,8/16/2021 15:42,21720,Pacific cod,232,90,5,0,3,NA,NA,NA,NA,NA
-20812,162,202102,95,70,70,2021,60.671735,-169.368795,8/16/2021 15:42,21720,Pacific cod,233,380,535,2,1,NA,NA,NA,NA,NA
-20812,162,202102,95,70,70,2021,60.671735,-169.368795,8/16/2021 15:42,21720,Pacific cod,234,510,1310,3,2,NA,NA,NA,NA,NA
-20812,162,202102,95,70,70,2021,60.671735,-169.368795,8/16/2021 15:42,21720,Pacific cod,235,360,495,2,1,NA,NA,NA,NA,NA
-20812,162,202102,95,70,70,2021,60.671735,-169.368795,8/16/2021 15:42,21720,Pacific cod,236,380,565,2,1,NA,NA,NA,NA,NA
-21014,162,202102,45,71,71,2021,64.674045,-166.85066,8/5/2021 7:28,21720,Pacific cod,123,650,2750,6,1,NA,NA,NA,NA,NA
-21014,162,202102,45,71,71,2021,64.674045,-166.85066,8/5/2021 7:28,21720,Pacific cod,124,540,1820,3,1,NA,NA,NA,NA,NA
-21014,162,202102,45,71,71,2021,64.674045,-166.85066,8/5/2021 7:28,21720,Pacific cod,125,540,1545,4,2,NA,NA,NA,NA,NA
-21014,162,202102,45,71,71,2021,64.674045,-166.85066,8/5/2021 7:28,21720,Pacific cod,126,700,3345,5,2,NA,NA,NA,NA,NA
-21015,162,202102,46,71,71,2021,64.3544,-166.835115,8/5/2021 10:00,21720,Pacific cod,127,450,975,3,2,NA,NA,NA,NA,NA
-21015,162,202102,46,71,71,2021,64.3544,-166.835115,8/5/2021 10:00,21720,Pacific cod,128,560,1900,4,2,NA,NA,NA,NA,NA
-21015,162,202102,46,71,71,2021,64.3544,-166.835115,8/5/2021 10:00,21720,Pacific cod,129,620,3050,4,1,NA,NA,NA,NA,NA
-21015,162,202102,46,71,71,2021,64.3544,-166.835115,8/5/2021 10:00,21720,Pacific cod,130,620,2450,4,1,NA,NA,NA,NA,NA
-21016,162,202102,47,71,71,2021,64.00184,-166.823305,8/5/2021 12:41,21720,Pacific cod,131,730,4570,8,1,NA,NA,NA,NA,NA
-21016,162,202102,47,71,71,2021,64.00184,-166.823305,8/5/2021 12:41,21720,Pacific cod,132,610,2250,4,1,NA,NA,NA,NA,NA
-21016,162,202102,47,71,71,2021,64.00184,-166.823305,8/5/2021 12:41,21720,Pacific cod,133,520,1395,4,2,NA,NA,NA,NA,NA
-21016,162,202102,47,71,71,2021,64.00184,-166.823305,8/5/2021 12:41,21720,Pacific cod,134,690,3900,6,2,NA,NA,NA,NA,NA
-21017,162,202102,48,71,71,2021,63.680525,-166.77645,8/5/2021 15:07,21720,Pacific cod,135,670,3115,6,1,NA,NA,NA,NA,NA
-21017,162,202102,48,71,71,2021,63.680525,-166.77645,8/5/2021 15:07,21720,Pacific cod,136,740,3955,7,1,NA,NA,NA,NA,NA
-21017,162,202102,48,71,71,2021,63.680525,-166.77645,8/5/2021 15:07,21720,Pacific cod,137,700,4060,9,1,NA,NA,NA,NA,NA
-21017,162,202102,48,71,71,2021,63.680525,-166.77645,8/5/2021 15:07,21720,Pacific cod,138,650,2950,5,2,NA,NA,NA,NA,NA
-21018,162,202102,49,71,71,2021,63.67123,-166.109065,8/5/2021 17:28,21720,Pacific cod,139,650,3490,5,2,NA,NA,NA,NA,NA
-21018,162,202102,49,71,71,2021,63.67123,-166.109065,8/5/2021 17:28,21720,Pacific cod,140,520,1655,3,2,NA,NA,NA,NA,NA
-21018,162,202102,49,71,71,2021,63.67123,-166.109065,8/5/2021 17:28,21720,Pacific cod,141,570,2200,5,1,NA,NA,NA,NA,NA
-21018,162,202102,49,71,71,2021,63.67123,-166.109065,8/5/2021 17:28,21720,Pacific cod,142,740,4225,7,1,NA,NA,NA,NA,NA
-21798,94,202202,1,81,81,2022,61.675715,-173.10262,7/29/2022 13:33,21720,Pacific cod,1,570,1934,4,1,NA,NA,NA,NA,NA
-21798,94,202202,1,81,81,2022,61.675715,-173.10262,7/29/2022 13:33,21720,Pacific cod,2,540,1500,4,1,NA,NA,NA,NA,NA
-21798,94,202202,1,81,81,2022,61.675715,-173.10262,7/29/2022 13:33,21720,Pacific cod,3,750,4910,7,2,NA,NA,NA,NA,NA
-21798,94,202202,1,81,81,2022,61.675715,-173.10262,7/29/2022 13:33,21720,Pacific cod,4,510,1298,3,2,NA,NA,NA,NA,NA
-21799,94,202202,2,81,81,2022,62.00947,-173.082955,7/29/2022 16:26,21720,Pacific cod,5,500,1340,4,1,NA,NA,NA,NA,NA
-21799,94,202202,2,81,81,2022,62.00947,-173.082955,7/29/2022 16:26,21720,Pacific cod,6,510,1382,4,1,NA,NA,NA,NA,NA
-21799,94,202202,2,81,81,2022,62.00947,-173.082955,7/29/2022 16:26,21720,Pacific cod,7,760,5410,7,2,NA,NA,NA,NA,NA
-21799,94,202202,2,81,81,2022,62.00947,-173.082955,7/29/2022 16:26,21720,Pacific cod,8,820,6710,8,2,NA,NA,NA,NA,NA
-21869,94,202202,16,71,71,2022,63.67115,-165.37059,8/5/2022 14:32,21720,Pacific cod,9,680,3740,5,1,NA,NA,NA,NA,NA
-21869,94,202202,16,71,71,2022,63.67115,-165.37059,8/5/2022 14:32,21720,Pacific cod,10,690,3232,6,1,NA,NA,NA,NA,NA
-21869,94,202202,16,71,71,2022,63.67115,-165.37059,8/5/2022 14:32,21720,Pacific cod,11,760,5870,5,2,NA,NA,NA,NA,NA
-21869,94,202202,16,71,71,2022,63.67115,-165.37059,8/5/2022 14:32,21720,Pacific cod,12,760,4810,6,2,NA,NA,NA,NA,NA
-21880,94,202202,20,71,71,2022,64.00197,-166.80728,8/6/2022 10:59,21720,Pacific cod,17,660,2954,5,1,NA,NA,NA,NA,NA
-21880,94,202202,20,71,71,2022,64.00197,-166.80728,8/6/2022 10:59,21720,Pacific cod,18,640,3185,4,1,NA,NA,NA,NA,NA
-21880,94,202202,20,71,71,2022,64.00197,-166.80728,8/6/2022 10:59,21720,Pacific cod,19,740,4855,5,2,NA,NA,NA,NA,NA
-21880,94,202202,20,71,71,2022,64.00197,-166.80728,8/6/2022 10:59,21720,Pacific cod,20,800,7315,6,2,NA,NA,NA,NA,NA
-21881,94,202202,21,71,71,2022,64.33481,-166.8288,8/6/2022 13:45,21720,Pacific cod,21,780,5005,8,1,NA,NA,NA,NA,NA
-21881,94,202202,21,71,71,2022,64.33481,-166.8288,8/6/2022 13:45,21720,Pacific cod,22,690,4430,6,1,NA,NA,NA,NA,NA
-21881,94,202202,21,71,71,2022,64.33481,-166.8288,8/6/2022 13:45,21720,Pacific cod,23,550,1670,4,2,NA,NA,NA,NA,NA
-21881,94,202202,21,71,71,2022,64.33481,-166.8288,8/6/2022 13:45,21720,Pacific cod,24,790,5860,6,2,NA,NA,NA,NA,NA
-21882,94,202202,22,71,71,2022,64.344405,-167.576195,8/6/2022 16:45,21720,Pacific cod,25,730,4195,5,2,NA,NA,NA,NA,NA
-21895,94,202202,23,71,71,2022,64.33917,-168.36378,8/7/2022 7:08,21720,Pacific cod,26,870,8155,8,2,NA,NA,NA,NA,NA
-21895,94,202202,23,71,71,2022,64.33917,-168.36378,8/7/2022 7:08,21720,Pacific cod,27,750,4664,7,2,NA,NA,NA,NA,NA
-21895,94,202202,23,71,71,2022,64.33917,-168.36378,8/7/2022 7:08,21720,Pacific cod,28,680,3302,4,2,NA,NA,NA,NA,NA
-21895,94,202202,23,71,71,2022,64.33917,-168.36378,8/7/2022 7:08,21720,Pacific cod,29,660,3786,7,1,NA,NA,NA,NA,NA
-21896,94,202202,24,71,71,2022,64.023125,-168.29402,8/7/2022 10:01,21720,Pacific cod,30,560,1970,4,1,NA,NA,NA,NA,NA
-21896,94,202202,24,71,71,2022,64.023125,-168.29402,8/7/2022 10:01,21720,Pacific cod,31,540,1460,4,2,NA,NA,NA,NA,NA
-21896,94,202202,24,71,71,2022,64.023125,-168.29402,8/7/2022 10:01,21720,Pacific cod,32,670,3755,6,2,NA,NA,NA,NA,NA
-21897,94,202202,25,71,71,2022,64.013565,-167.57013,8/7/2022 12:53,21720,Pacific cod,33,570,2054,4,2,NA,NA,NA,NA,NA
-21897,94,202202,25,71,71,2022,64.013565,-167.57013,8/7/2022 12:53,21720,Pacific cod,34,760,4476,8,1,NA,NA,NA,NA,NA
-21897,94,202202,25,71,71,2022,64.013565,-167.57013,8/7/2022 12:53,21720,Pacific cod,35,750,4320,6,1,NA,NA,NA,NA,NA
-21897,94,202202,25,71,71,2022,64.013565,-167.57013,8/7/2022 12:53,21720,Pacific cod,36,550,1555,4,1,NA,NA,NA,NA,NA
-21898,94,202202,26,71,71,2022,63.68443,-167.53972,8/7/2022 15:46,21720,Pacific cod,37,780,5190,8,1,NA,NA,NA,NA,NA
-21898,94,202202,26,71,71,2022,63.68443,-167.53972,8/7/2022 15:46,21720,Pacific cod,38,170,40,1,1,NA,NA,NA,NA,NA
-21898,94,202202,26,71,71,2022,63.68443,-167.53972,8/7/2022 15:46,21720,Pacific cod,39,560,1790,4,2,NA,NA,NA,NA,NA
-21898,94,202202,26,71,71,2022,63.68443,-167.53972,8/7/2022 15:46,21720,Pacific cod,40,830,9105,7,2,NA,NA,NA,NA,NA
-21916,94,202202,27,70,70,2022,62.86239,-168.82471,8/8/2022 7:18,21720,Pacific cod,41,490,1172,3,2,NA,NA,NA,NA,NA
-21916,94,202202,27,70,70,2022,62.86239,-168.82471,8/8/2022 7:18,21720,Pacific cod,42,770,5160,8,2,NA,NA,NA,NA,NA
-21916,94,202202,27,70,70,2022,62.86239,-168.82471,8/8/2022 7:18,21720,Pacific cod,43,560,2214,5,1,NA,NA,NA,NA,NA
-21916,94,202202,27,70,70,2022,62.86239,-168.82471,8/8/2022 7:18,21720,Pacific cod,44,640,2582,6,1,NA,NA,NA,NA,NA
-21917,94,202202,28,70,70,2022,62.665555,-168.889095,8/8/2022 10:14,21720,Pacific cod,45,570,1760,4,2,NA,NA,NA,NA,NA
-21917,94,202202,28,70,70,2022,62.665555,-168.889095,8/8/2022 10:14,21720,Pacific cod,46,650,3226,6,2,NA,NA,NA,NA,NA
-21917,94,202202,28,70,70,2022,62.665555,-168.889095,8/8/2022 10:14,21720,Pacific cod,47,650,2950,6,2,NA,NA,NA,NA,NA
-21917,94,202202,28,70,70,2022,62.665555,-168.889095,8/8/2022 10:14,21720,Pacific cod,48,650,3315,6,2,NA,NA,NA,NA,NA
-21918,94,202202,29,70,70,2022,62.66045,-169.601185,8/8/2022 14:04,21720,Pacific cod,49,590,1920,4,1,NA,NA,NA,NA,NA
-21918,94,202202,29,70,70,2022,62.66045,-169.601185,8/8/2022 14:04,21720,Pacific cod,50,570,1782,5,1,NA,NA,NA,NA,NA
-21918,94,202202,29,70,70,2022,62.66045,-169.601185,8/8/2022 14:04,21720,Pacific cod,51,450,778,3,2,NA,NA,NA,NA,NA
-21918,94,202202,29,70,70,2022,62.66045,-169.601185,8/8/2022 14:04,21720,Pacific cod,52,410,644,3,2,NA,NA,NA,NA,NA
-21919,94,202202,30,70,70,2022,62.684015,-170.301315,8/8/2022 17:44,21720,Pacific cod,53,570,1880,4,1,NA,NA,NA,NA,NA
-21919,94,202202,30,70,70,2022,62.684015,-170.301315,8/8/2022 17:44,21720,Pacific cod,54,550,1800,4,2,NA,NA,NA,NA,NA
-21919,94,202202,30,70,70,2022,62.684015,-170.301315,8/8/2022 17:44,21720,Pacific cod,55,450,825,3,2,NA,NA,NA,NA,NA
-21919,94,202202,30,70,70,2022,62.684015,-170.301315,8/8/2022 17:44,21720,Pacific cod,56,570,1580,4,2,NA,NA,NA,NA,NA
-21920,94,202202,31,70,70,2022,62.333215,-170.27695,8/9/2022 7:40,21720,Pacific cod,57,520,1452,4,2,NA,NA,NA,NA,NA
-21920,94,202202,31,70,70,2022,62.333215,-170.27695,8/9/2022 7:40,21720,Pacific cod,58,720,4565,6,2,NA,NA,NA,NA,NA
-21920,94,202202,31,70,70,2022,62.333215,-170.27695,8/9/2022 7:40,21720,Pacific cod,59,410,610,3,1,NA,NA,NA,NA,NA
-21920,94,202202,31,70,70,2022,62.333215,-170.27695,8/9/2022 7:40,21720,Pacific cod,60,770,5095,7,1,NA,NA,NA,NA,NA
-21921,94,202202,32,70,70,2022,62.35028,-169.586915,8/9/2022 10:14,21720,Pacific cod,61,480,1045,4,1,NA,NA,NA,NA,NA
-21921,94,202202,32,70,70,2022,62.35028,-169.586915,8/9/2022 10:14,21720,Pacific cod,62,520,1320,5,1,NA,NA,NA,NA,NA
-21921,94,202202,32,70,70,2022,62.35028,-169.586915,8/9/2022 10:14,21720,Pacific cod,63,530,1515,4,2,NA,NA,NA,NA,NA
-21921,94,202202,32,70,70,2022,62.35028,-169.586915,8/9/2022 10:14,21720,Pacific cod,64,540,1615,4,2,NA,NA,NA,NA,NA
-21922,94,202202,33,70,70,2022,62.33632,-168.87414,8/9/2022 13:00,21720,Pacific cod,65,580,1725,4,2,NA,NA,NA,NA,NA
-21922,94,202202,33,70,70,2022,62.33632,-168.87414,8/9/2022 13:00,21720,Pacific cod,66,550,1875,4,2,NA,NA,NA,NA,NA
-21922,94,202202,33,70,70,2022,62.33632,-168.87414,8/9/2022 13:00,21720,Pacific cod,67,510,1415,4,2,NA,NA,NA,NA,NA
-21922,94,202202,33,70,70,2022,62.33632,-168.87414,8/9/2022 13:00,21720,Pacific cod,68,580,1920,5,1,NA,NA,NA,NA,NA
-21923,94,202202,34,70,70,2022,62.3406,-168.16825,8/9/2022 16:10,21720,Pacific cod,69,470,1172,4,1,NA,NA,NA,NA,NA
-21923,94,202202,34,70,70,2022,62.3406,-168.16825,8/9/2022 16:10,21720,Pacific cod,70,550,1744,4,1,NA,NA,NA,NA,NA
-21923,94,202202,34,70,70,2022,62.3406,-168.16825,8/9/2022 16:10,21720,Pacific cod,71,830,5780,7,1,NA,NA,NA,NA,NA
-21923,94,202202,34,70,70,2022,62.3406,-168.16825,8/9/2022 16:10,21720,Pacific cod,72,530,1425,4,2,NA,NA,NA,NA,NA
-21934,94,202202,35,70,70,2022,62.664035,-168.198525,8/10/2022 7:40,21720,Pacific cod,73,500,1288,3,1,NA,NA,NA,NA,NA
-21934,94,202202,35,70,70,2022,62.664035,-168.198525,8/10/2022 7:40,21720,Pacific cod,74,900,7850,10,1,NA,NA,NA,NA,NA
-21934,94,202202,35,70,70,2022,62.664035,-168.198525,8/10/2022 7:40,21720,Pacific cod,75,560,1810,4,2,NA,NA,NA,NA,NA
-21934,94,202202,35,70,70,2022,62.664035,-168.198525,8/10/2022 7:40,21720,Pacific cod,76,580,1640,4,2,NA,NA,NA,NA,NA
-21935,94,202202,36,70,70,2022,62.9865,-168.20187,8/10/2022 10:27,21720,Pacific cod,77,790,5096,6,1,NA,NA,NA,NA,NA
-21935,94,202202,36,70,70,2022,62.9865,-168.20187,8/10/2022 10:27,21720,Pacific cod,78,590,2360,5,2,NA,NA,NA,NA,NA
-21935,94,202202,36,70,70,2022,62.9865,-168.20187,8/10/2022 10:27,21720,Pacific cod,79,500,1330,4,2,NA,NA,NA,NA,NA
-21935,94,202202,36,70,70,2022,62.9865,-168.20187,8/10/2022 10:27,21720,Pacific cod,80,780,6030,7,2,NA,NA,NA,NA,NA
-21936,94,202202,37,71,71,2022,63.34629,-168.254575,8/10/2022 13:46,21720,Pacific cod,81,490,1302,4,1,NA,NA,NA,NA,NA
-21936,94,202202,37,71,71,2022,63.34629,-168.254575,8/10/2022 13:46,21720,Pacific cod,83,550,1806,4,2,NA,NA,NA,NA,NA
-21936,94,202202,37,71,71,2022,63.34629,-168.254575,8/10/2022 13:46,21720,Pacific cod,84,540,1718,4,2,NA,NA,NA,NA,NA
-21936,94,202202,37,71,71,2022,63.34629,-168.254575,8/10/2022 13:46,21720,Pacific cod,82,780,4415,8,1,NA,NA,NA,NA,NA
-21937,94,202202,38,71,71,2022,63.66443,-168.27987,8/10/2022 16:50,21720,Pacific cod,85,670,3472,5,2,NA,NA,NA,NA,NA
-21937,94,202202,38,71,71,2022,63.66443,-168.27987,8/10/2022 16:50,21720,Pacific cod,86,800,6290,7,2,NA,NA,NA,NA,NA
-21941,94,202202,39,71,71,2022,63.32786,-167.56633,8/11/2022 7:37,21720,Pacific cod,87,600,1900,6,2,NA,NA,NA,NA,NA
-21941,94,202202,39,71,71,2022,63.32786,-167.56633,8/11/2022 7:37,21720,Pacific cod,88,560,1892,4,2,NA,NA,NA,NA,NA
-21941,94,202202,39,71,71,2022,63.32786,-167.56633,8/11/2022 7:37,21720,Pacific cod,89,190,64,1,2,NA,NA,NA,NA,NA
-21941,94,202202,39,71,71,2022,63.32786,-167.56633,8/11/2022 7:37,21720,Pacific cod,90,180,54,1,2,NA,NA,NA,NA,NA
-21942,94,202202,40,71,71,2022,63.328655,-166.76869,8/11/2022 10:42,21720,Pacific cod,91,770,5040,6,1,NA,NA,NA,NA,NA
-21942,94,202202,40,71,71,2022,63.328655,-166.76869,8/11/2022 10:42,21720,Pacific cod,92,730,4215,5,1,NA,NA,NA,NA,NA
-21942,94,202202,40,71,71,2022,63.328655,-166.76869,8/11/2022 10:42,21720,Pacific cod,93,870,5355,7,2,NA,NA,NA,NA,NA
-21942,94,202202,40,71,71,2022,63.328655,-166.76869,8/11/2022 10:42,21720,Pacific cod,94,840,6925,NA,2,NA,NA,NA,NA,NA
-21943,94,202202,41,71,71,2022,63.66568,-166.78848,8/11/2022 13:24,21720,Pacific cod,95,780,4700,6,1,NA,NA,NA,NA,NA
-21943,94,202202,41,71,71,2022,63.66568,-166.78848,8/11/2022 13:24,21720,Pacific cod,96,820,6685,7,2,NA,NA,NA,NA,NA
-21943,94,202202,41,71,71,2022,63.66568,-166.78848,8/11/2022 13:24,21720,Pacific cod,97,730,4208,4,2,NA,NA,NA,NA,NA
-21943,94,202202,41,71,71,2022,63.66568,-166.78848,8/11/2022 13:24,21720,Pacific cod,98,660,3426,4,2,NA,NA,NA,NA,NA
-21944,94,202202,42,71,71,2022,63.670615,-166.05882,8/11/2022 16:14,21720,Pacific cod,99,700,3875,8,1,NA,NA,NA,NA,NA
-21944,94,202202,42,71,71,2022,63.670615,-166.05882,8/11/2022 16:14,21720,Pacific cod,100,220,95,1,1,NA,NA,NA,NA,NA
-21944,94,202202,42,71,71,2022,63.670615,-166.05882,8/11/2022 16:14,21720,Pacific cod,101,130,20,1,1,NA,NA,NA,NA,NA
-21944,94,202202,42,71,71,2022,63.670615,-166.05882,8/11/2022 16:14,21720,Pacific cod,102,200,75,1,2,NA,NA,NA,NA,NA
-21944,94,202202,42,71,71,2022,63.670615,-166.05882,8/11/2022 16:14,21720,Pacific cod,103,660,3105,4,2,NA,NA,NA,NA,NA
-21968,94,202202,47,70,70,2022,63.002495,-167.45715,8/12/2022 18:37,21720,Pacific cod,104,850,8365,8,2,NA,NA,NA,NA,NA
-21968,94,202202,47,70,70,2022,63.002495,-167.45715,8/12/2022 18:37,21720,Pacific cod,105,820,5940,8,2,NA,NA,NA,NA,NA
-21968,94,202202,47,70,70,2022,63.002495,-167.45715,8/12/2022 18:37,21720,Pacific cod,106,740,5410,6,1,NA,NA,NA,NA,NA
-21968,94,202202,47,70,70,2022,63.002495,-167.45715,8/12/2022 18:37,21720,Pacific cod,107,730,4050,8,1,NA,NA,NA,NA,NA
-21971,94,202202,50,70,70,2022,62.65413,-167.393235,8/13/2022 12:55,21720,Pacific cod,108,640,3484,6,1,NA,NA,NA,NA,NA
-21971,94,202202,50,70,70,2022,62.65413,-167.393235,8/13/2022 12:55,21720,Pacific cod,109,170,38,1,1,NA,NA,NA,NA,NA
-21971,94,202202,50,70,70,2022,62.65413,-167.393235,8/13/2022 12:55,21720,Pacific cod,110,210,86,1,2,NA,NA,NA,NA,NA
-21971,94,202202,50,70,70,2022,62.65413,-167.393235,8/13/2022 12:55,21720,Pacific cod,111,190,62,1,2,NA,NA,NA,NA,NA
-21972,94,202202,51,70,70,2022,62.357455,-167.42937,8/13/2022 15:19,21720,Pacific cod,112,640,2760,4,2,NA,NA,NA,NA,NA
-21972,94,202202,51,70,70,2022,62.357455,-167.42937,8/13/2022 15:19,21720,Pacific cod,113,650,2750,6,1,NA,NA,NA,NA,NA
-21972,94,202202,51,70,70,2022,62.357455,-167.42937,8/13/2022 15:19,21720,Pacific cod,114,580,2125,4,1,NA,NA,NA,NA,NA
-21972,94,202202,51,70,70,2022,62.357455,-167.42937,8/13/2022 15:19,21720,Pacific cod,115,810,5900,8,1,NA,NA,NA,NA,NA
-21986,94,202202,52,70,70,2022,62.031705,-169.55111,8/14/2022 13:12,21720,Pacific cod,116,840,7415,7,2,NA,NA,NA,NA,NA
-21986,94,202202,52,70,70,2022,62.031705,-169.55111,8/14/2022 13:12,21720,Pacific cod,117,710,4550,NA,2,NA,NA,NA,NA,NA
-21986,94,202202,52,70,70,2022,62.031705,-169.55111,8/14/2022 13:12,21720,Pacific cod,118,500,1290,4,1,NA,NA,NA,NA,NA
-21986,94,202202,52,70,70,2022,62.031705,-169.55111,8/14/2022 13:12,21720,Pacific cod,119,860,7395,NA,1,NA,NA,NA,NA,NA
-21987,94,202202,53,70,70,2022,61.67318,-169.5082,8/14/2022 15:57,21720,Pacific cod,120,450,840,4,1,NA,NA,NA,NA,NA
-21987,94,202202,53,70,70,2022,61.67318,-169.5082,8/14/2022 15:57,21720,Pacific cod,121,500,1200,4,1,NA,NA,NA,NA,NA
-21987,94,202202,53,70,70,2022,61.67318,-169.5082,8/14/2022 15:57,21720,Pacific cod,122,470,1065,3,2,NA,NA,NA,NA,NA
-21987,94,202202,53,70,70,2022,61.67318,-169.5082,8/14/2022 15:57,21720,Pacific cod,123,820,6180,6,2,NA,NA,NA,NA,NA
-21989,94,202202,55,70,70,2022,61.991995,-168.83506,8/15/2022 10:29,21720,Pacific cod,127,630,2755,5,2,NA,NA,NA,NA,NA
-21989,94,202202,55,70,70,2022,61.991995,-168.83506,8/15/2022 10:29,21720,Pacific cod,124,700,3230,8,1,NA,NA,NA,NA,NA
-21989,94,202202,55,70,70,2022,61.991995,-168.83506,8/15/2022 10:29,21720,Pacific cod,125,870,6650,8,1,NA,NA,NA,NA,NA
-21989,94,202202,55,70,70,2022,61.991995,-168.83506,8/15/2022 10:29,21720,Pacific cod,126,920,8510,7,2,NA,NA,NA,NA,NA
-21990,94,202202,56,70,70,2022,62.000115,-168.123685,8/15/2022 13:14,21720,Pacific cod,128,630,2585,4,2,NA,NA,NA,NA,NA
-21990,94,202202,56,70,70,2022,62.000115,-168.123685,8/15/2022 13:14,21720,Pacific cod,129,220,105,1,2,NA,NA,NA,NA,NA
-21990,94,202202,56,70,70,2022,62.000115,-168.123685,8/15/2022 13:14,21720,Pacific cod,130,710,4230,5,1,NA,NA,NA,NA,NA
-21990,94,202202,56,70,70,2022,62.000115,-168.123685,8/15/2022 13:14,21720,Pacific cod,131,600,2310,4,1,NA,NA,NA,NA,NA
-21992,94,202202,58,70,70,2022,61.33809,-168.767095,8/16/2022 13:01,21720,Pacific cod,132,570,2155,NA,1,NA,NA,NA,NA,NA
-21992,94,202202,58,70,70,2022,61.33809,-168.767095,8/16/2022 13:01,21720,Pacific cod,133,500,1495,3,1,NA,NA,NA,NA,NA
-21992,94,202202,58,70,70,2022,61.33809,-168.767095,8/16/2022 13:01,21720,Pacific cod,134,440,955,3,2,NA,NA,NA,NA,NA
-21992,94,202202,58,70,70,2022,61.33809,-168.767095,8/16/2022 13:01,21720,Pacific cod,135,600,2430,4,2,NA,NA,NA,NA,NA
-21993,94,202202,59,70,70,2022,61.01698,-168.74834,8/16/2022 15:37,21720,Pacific cod,136,560,2046,4,1,NA,NA,NA,NA,NA
-21993,94,202202,59,70,70,2022,61.01698,-168.74834,8/16/2022 15:37,21720,Pacific cod,137,620,1846,7,1,NA,NA,NA,NA,NA
-21993,94,202202,59,70,70,2022,61.01698,-168.74834,8/16/2022 15:37,21720,Pacific cod,138,220,112,1,2,NA,NA,NA,NA,NA
-21993,94,202202,59,70,70,2022,61.01698,-168.74834,8/16/2022 15:37,21720,Pacific cod,139,690,3520,4,2,NA,NA,NA,NA,NA
-22000,94,202202,60,70,70,2022,61.32989,-168.106955,8/17/2022 8:07,21720,Pacific cod,140,230,116,1,1,NA,NA,NA,NA,NA
-22000,94,202202,60,70,70,2022,61.32989,-168.106955,8/17/2022 8:07,21720,Pacific cod,141,150,66,1,1,NA,NA,NA,NA,NA
-22000,94,202202,60,70,70,2022,61.32989,-168.106955,8/17/2022 8:07,21720,Pacific cod,142,210,98,1,2,NA,NA,NA,NA,NA
-22000,94,202202,60,70,70,2022,61.32989,-168.106955,8/17/2022 8:07,21720,Pacific cod,143,230,118,1,2,NA,NA,NA,NA,NA
-22001,94,202202,61,70,70,2022,61.03059,-168.05216,8/17/2022 10:30,21720,Pacific cod,144,230,104,1,1,NA,NA,NA,NA,NA
-22001,94,202202,61,70,70,2022,61.03059,-168.05216,8/17/2022 10:30,21720,Pacific cod,145,190,72,1,1,NA,NA,NA,NA,NA
-22001,94,202202,61,70,70,2022,61.03059,-168.05216,8/17/2022 10:30,21720,Pacific cod,146,200,78,1,2,NA,NA,NA,NA,NA
-22002,94,202202,62,70,70,2022,60.99004,-167.41167,8/17/2022 14:08,21720,Pacific cod,147,170,44,1,2,NA,NA,NA,NA,NA
-22002,94,202202,62,70,70,2022,60.99004,-167.41167,8/17/2022 14:08,21720,Pacific cod,148,190,64,1,1,NA,NA,NA,NA,NA
-22003,94,202202,63,70,70,2022,61.29893,-167.38324,8/17/2022 18:10,21720,Pacific cod,149,210,84,1,2,NA,NA,NA,NA,NA
-22004,94,202202,65,70,70,2022,61.68254,-167.422495,8/18/2022 8:45,21720,Pacific cod,150,170,42,1,2,NA,NA,NA,NA,NA
-22019,94,202202,71,70,70,2022,60.682975,-166.73338,8/19/2022 14:07,21720,Pacific cod,151,170,42,1,1,NA,NA,NA,NA,NA
-21807,162,202202,8,81,81,2022,62.65155,-172.44624,7/30/2022 15:43,21720,Pacific cod,1,680,2976,5,1,NA,NA,NA,NA,NA
-21807,162,202202,8,81,81,2022,62.65155,-172.44624,7/30/2022 15:43,21720,Pacific cod,2,480,1062,4,1,NA,NA,NA,NA,NA
-21807,162,202202,8,81,81,2022,62.65155,-172.44624,7/30/2022 15:43,21720,Pacific cod,3,730,4496,6,2,NA,NA,NA,NA,NA
-21807,162,202202,8,81,81,2022,62.65155,-172.44624,7/30/2022 15:43,21720,Pacific cod,4,400,620,3,2,NA,NA,NA,NA,NA
-21860,162,202202,11,71,71,2022,64.690335,-167.604155,8/4/2022 7:12,21720,Pacific cod,13,840,6370,7,2,NA,NA,NA,NA,NA
-21860,162,202202,11,71,71,2022,64.690335,-167.604155,8/4/2022 7:12,21720,Pacific cod,14,610,2810,5,2,NA,NA,NA,NA,NA
-21860,162,202202,11,71,71,2022,64.690335,-167.604155,8/4/2022 7:12,21720,Pacific cod,15,660,3280,4,2,NA,NA,NA,NA,NA
-21860,162,202202,11,71,71,2022,64.690335,-167.604155,8/4/2022 7:12,21720,Pacific cod,16,750,5932,6,2,NA,NA,NA,NA,NA
-21860,162,202202,11,71,71,2022,64.690335,-167.604155,8/4/2022 7:12,21720,Pacific cod,17,750,5005,5,2,NA,NA,NA,NA,NA
-21861,162,202202,12,71,71,2022,64.9887,-167.59987,8/4/2022 9:31,21720,Pacific cod,18,170,38,1,3,NA,NA,NA,NA,NA
-21861,162,202202,12,71,71,2022,64.9887,-167.59987,8/4/2022 9:31,21720,Pacific cod,19,140,24,1,3,NA,NA,NA,NA,NA
-21861,162,202202,12,71,71,2022,64.9887,-167.59987,8/4/2022 9:31,21720,Pacific cod,20,120,12,1,3,NA,NA,NA,NA,NA
-21862,162,202202,13,71,71,2022,65.32508,-167.691295,8/4/2022 12:23,21720,Pacific cod,21,700,4450,7,1,NA,NA,NA,NA,NA
-21862,162,202202,13,71,71,2022,65.32508,-167.691295,8/4/2022 12:23,21720,Pacific cod,22,820,4990,7,1,NA,NA,NA,NA,NA
-21862,162,202202,13,71,71,2022,65.32508,-167.691295,8/4/2022 12:23,21720,Pacific cod,23,790,6475,6,2,NA,NA,NA,NA,NA
-21862,162,202202,13,71,71,2022,65.32508,-167.691295,8/4/2022 12:23,21720,Pacific cod,24,810,6210,6,2,NA,NA,NA,NA,NA
-21863,162,202202,14,71,71,2022,65.343345,-168.42497,8/4/2022 14:48,21720,Pacific cod,25,820,7520,8,2,NA,NA,NA,NA,NA
-21863,162,202202,14,71,71,2022,65.343345,-168.42497,8/4/2022 14:48,21720,Pacific cod,26,680,3762,7,1,NA,NA,NA,NA,NA
-21864,162,202202,15,71,71,2022,65.221155,-168.88522,8/4/2022 17:25,21720,Pacific cod,27,880,9400,6,2,NA,NA,NA,NA,NA
-21864,162,202202,15,71,71,2022,65.221155,-168.88522,8/4/2022 17:25,21720,Pacific cod,28,740,6200,6,2,NA,NA,NA,NA,NA
-21864,162,202202,15,71,71,2022,65.221155,-168.88522,8/4/2022 17:25,21720,Pacific cod,29,760,4995,6,1,NA,NA,NA,NA,NA
-21865,162,202202,9,71,71,2022,64.33846,-166.03294,8/3/2022 12:29,21720,Pacific cod,5,700,3984,6,2,NA,NA,NA,NA,NA
-21865,162,202202,9,71,71,2022,64.33846,-166.03294,8/3/2022 12:29,21720,Pacific cod,6,750,4656,7,2,NA,NA,NA,NA,NA
-21865,162,202202,9,71,71,2022,64.33846,-166.03294,8/3/2022 12:29,21720,Pacific cod,7,800,5340,7,1,NA,NA,NA,NA,NA
-21865,162,202202,9,71,71,2022,64.33846,-166.03294,8/3/2022 12:29,21720,Pacific cod,8,830,5350,7,1,NA,NA,NA,NA,NA
-21866,162,202202,10,71,71,2022,64.658085,-166.815735,8/3/2022 15:37,21720,Pacific cod,9,200,76,1,1,NA,NA,NA,NA,NA
-21866,162,202202,10,71,71,2022,64.658085,-166.815735,8/3/2022 15:37,21720,Pacific cod,10,150,34,1,1,NA,NA,NA,NA,NA
-21866,162,202202,10,71,71,2022,64.658085,-166.815735,8/3/2022 15:37,21720,Pacific cod,11,120,14,1,3,NA,NA,NA,NA,NA
-21866,162,202202,10,71,71,2022,64.658085,-166.815735,8/3/2022 15:37,21720,Pacific cod,12,110,12,1,3,NA,NA,NA,NA,NA
-21899,162,202202,16,71,71,2022,65.003085,-169.863215,8/5/2022 7:17,21720,Pacific cod,30,690,3784,6,1,NA,NA,NA,NA,NA
-21899,162,202202,16,71,71,2022,65.003085,-169.863215,8/5/2022 7:17,21720,Pacific cod,31,540,1778,3,1,NA,NA,NA,NA,NA
-21899,162,202202,16,71,71,2022,65.003085,-169.863215,8/5/2022 7:17,21720,Pacific cod,32,810,6050,7,2,NA,NA,NA,NA,NA
-21900,162,202202,17,71,71,2022,65.005145,-169.116815,8/5/2022 10:10,21720,Pacific cod,33,720,3694,6,1,NA,NA,NA,NA,NA
-21901,162,202202,18,71,71,2022,64.994625,-168.357535,8/5/2022 13:23,21720,Pacific cod,34,690,4570,4,1,NA,NA,NA,NA,NA
-21901,162,202202,18,71,71,2022,64.994625,-168.357535,8/5/2022 13:23,21720,Pacific cod,35,740,5904,6,1,NA,NA,NA,NA,NA
-21902,162,202202,19,71,71,2022,64.664575,-168.3688,8/5/2022 16:22,21720,Pacific cod,38,750,5300,6,2,NA,NA,NA,NA,NA
-21902,162,202202,19,71,71,2022,64.664575,-168.3688,8/5/2022 16:22,21720,Pacific cod,36,780,5060,6,1,NA,NA,NA,NA,NA
-21902,162,202202,19,71,71,2022,64.664575,-168.3688,8/5/2022 16:22,21720,Pacific cod,37,750,5090,5,1,NA,NA,NA,NA,NA
-21902,162,202202,19,71,71,2022,64.664575,-168.3688,8/5/2022 16:22,21720,Pacific cod,39,770,4985,5,2,NA,NA,NA,NA,NA
-21903,162,202202,20,71,71,2022,64.638305,-169.136445,8/6/2022 7:16,21720,Pacific cod,40,790,5930,8,2,NA,NA,NA,NA,NA
-21903,162,202202,20,71,71,2022,64.638305,-169.136445,8/6/2022 7:16,21720,Pacific cod,41,600,2600,5,2,NA,NA,NA,NA,NA
-21905,162,202202,22,71,71,2022,64.00589,-169.051885,8/6/2022 13:02,21720,Pacific cod,42,580,2020,4,1,NA,NA,NA,NA,NA
-21905,162,202202,22,71,71,2022,64.00589,-169.051885,8/6/2022 13:02,21720,Pacific cod,43,530,1438,3,1,NA,NA,NA,NA,NA
-21905,162,202202,22,71,71,2022,64.00589,-169.051885,8/6/2022 13:02,21720,Pacific cod,44,690,3732,4,2,NA,NA,NA,NA,NA
-21905,162,202202,22,71,71,2022,64.00589,-169.051885,8/6/2022 13:02,21720,Pacific cod,45,480,1160,4,2,NA,NA,NA,NA,NA
-21906,162,202202,23,71,71,2022,63.670525,-169.001755,8/6/2022 15:58,21720,Pacific cod,46,860,6920,7,2,NA,NA,NA,NA,NA
-21906,162,202202,23,71,71,2022,63.670525,-169.001755,8/6/2022 15:58,21720,Pacific cod,47,700,3270,5,2,NA,NA,NA,NA,NA
-21906,162,202202,23,71,71,2022,63.670525,-169.001755,8/6/2022 15:58,21720,Pacific cod,48,720,3700,6,1,NA,NA,NA,NA,NA
-21906,162,202202,23,71,71,2022,63.670525,-169.001755,8/6/2022 15:58,21720,Pacific cod,49,610,2474,5,1,NA,NA,NA,NA,NA
-21907,162,202202,24,71,71,2022,63.662105,-169.73702,8/7/2022 7:15,21720,Pacific cod,50,530,1652,4,2,NA,NA,NA,NA,NA
-21907,162,202202,24,71,71,2022,63.662105,-169.73702,8/7/2022 7:15,21720,Pacific cod,51,640,2782,5,1,NA,NA,NA,NA,NA
-21907,162,202202,24,71,71,2022,63.662105,-169.73702,8/7/2022 7:15,21720,Pacific cod,52,540,1692,4,1,NA,NA,NA,NA,NA
-21907,162,202202,24,71,71,2022,63.662105,-169.73702,8/7/2022 7:15,21720,Pacific cod,53,160,42,1,1,NA,NA,NA,NA,NA
-21908,162,202202,25,71,71,2022,63.990815,-169.784375,8/7/2022 9:49,21720,Pacific cod,54,160,35,1,3,NA,NA,NA,NA,NA
-21909,162,202202,26,71,71,2022,64.32179,-169.82796,8/7/2022 12:11,21720,Pacific cod,58,110,10,1,3,NA,NA,NA,NA,NA
-21909,162,202202,26,71,71,2022,64.32179,-169.82796,8/7/2022 12:11,21720,Pacific cod,55,770,5365,8,1,NA,NA,NA,NA,NA
-21909,162,202202,26,71,71,2022,64.32179,-169.82796,8/7/2022 12:11,21720,Pacific cod,56,160,38,1,2,NA,NA,NA,NA,NA
-21909,162,202202,26,71,71,2022,64.32179,-169.82796,8/7/2022 12:11,21720,Pacific cod,57,150,32,1,3,NA,NA,NA,NA,NA
-21947,162,202202,31,71,71,2022,63.97803,-170.55256,8/8/2022 13:12,21720,Pacific cod,59,160,34,1,1,NA,NA,NA,NA,NA
-21948,162,202202,32,71,71,2022,63.699535,-171.031235,8/9/2022 7:28,21720,Pacific cod,60,170,52,1,1,NA,NA,NA,NA,NA
-21948,162,202202,32,71,71,2022,63.699535,-171.031235,8/9/2022 7:28,21720,Pacific cod,61,160,36,1,2,NA,NA,NA,NA,NA
-21948,162,202202,32,71,71,2022,63.699535,-171.031235,8/9/2022 7:28,21720,Pacific cod,62,140,26,1,2,NA,NA,NA,NA,NA
-21948,162,202202,32,71,71,2022,63.699535,-171.031235,8/9/2022 7:28,21720,Pacific cod,63,140,20,1,2,NA,NA,NA,NA,NA
-21949,162,202202,33,71,71,2022,63.99876,-171.332535,8/9/2022 10:15,21720,Pacific cod,64,680,2722,5,1,NA,NA,NA,NA,NA
-21949,162,202202,33,71,71,2022,63.99876,-171.332535,8/9/2022 10:15,21720,Pacific cod,65,520,1774,4,1,NA,NA,NA,NA,NA
-21949,162,202202,33,71,71,2022,63.99876,-171.332535,8/9/2022 10:15,21720,Pacific cod,66,530,1820,4,2,NA,NA,NA,NA,NA
-21949,162,202202,33,71,71,2022,63.99876,-171.332535,8/9/2022 10:15,21720,Pacific cod,67,730,4206,8,2,NA,NA,NA,NA,NA
-21950,162,202202,34,71,71,2022,64.0026,-172.042465,8/9/2022 13:09,21720,Pacific cod,68,820,5920,6,2,NA,NA,NA,NA,NA
-21950,162,202202,34,71,71,2022,64.0026,-172.042465,8/9/2022 13:09,21720,Pacific cod,69,210,84,1,1,NA,NA,NA,NA,NA
-21951,162,202202,35,70,70,2022,63.697055,-172.077605,8/9/2022 16:02,21720,Pacific cod,70,620,2464,5,2,NA,NA,NA,NA,NA
-21951,162,202202,35,70,70,2022,63.697055,-172.077605,8/9/2022 16:02,21720,Pacific cod,71,720,3610,6,1,NA,NA,NA,NA,NA
-21951,162,202202,35,70,70,2022,63.697055,-172.077605,8/9/2022 16:02,21720,Pacific cod,72,810,5635,9,1,NA,NA,NA,NA,NA
-21951,162,202202,35,70,70,2022,63.697055,-172.077605,8/9/2022 16:02,21720,Pacific cod,73,250,130,1,2,NA,NA,NA,NA,NA
-21952,162,202202,36,81,81,2022,63.66676,-172.694685,8/10/2022 7:30,21720,Pacific cod,74,240,174,1,2,NA,NA,NA,NA,NA
-21952,162,202202,36,81,81,2022,63.66676,-172.694685,8/10/2022 7:30,21720,Pacific cod,75,790,4100,6,1,NA,NA,NA,NA,NA
-21953,162,202202,37,70,70,2022,63.29589,-171.9903,8/10/2022 10:58,21720,Pacific cod,76,520,1300,4,2,NA,NA,NA,NA,NA
-21954,162,202202,38,81,81,2022,63.325925,-172.627455,8/10/2022 13:27,21720,Pacific cod,77,220,85,1,2,NA,NA,NA,NA,NA
-21959,162,202202,43,70,70,2022,63.00125,-171.849185,8/11/2022 15:14,21720,Pacific cod,78,530,1388,4,2,NA,NA,NA,NA,NA
-21959,162,202202,43,70,70,2022,63.00125,-171.849185,8/11/2022 15:14,21720,Pacific cod,79,710,3508,5,2,NA,NA,NA,NA,NA
-21959,162,202202,43,70,70,2022,63.00125,-171.849185,8/11/2022 15:14,21720,Pacific cod,80,460,894,3,2,NA,NA,NA,NA,NA
-21959,162,202202,43,70,70,2022,63.00125,-171.849185,8/11/2022 15:14,21720,Pacific cod,81,600,1844,6,1,NA,NA,NA,NA,NA
-21975,162,202202,44,70,70,2022,62.66412,-171.06394,8/12/2022 7:43,21720,Pacific cod,82,650,3168,6,2,NA,NA,NA,NA,NA
-21975,162,202202,44,70,70,2022,62.66412,-171.06394,8/12/2022 7:43,21720,Pacific cod,83,530,1426,4,2,NA,NA,NA,NA,NA
-21975,162,202202,44,70,70,2022,62.66412,-171.06394,8/12/2022 7:43,21720,Pacific cod,84,500,1218,3,2,NA,NA,NA,NA,NA
-21975,162,202202,44,70,70,2022,62.66412,-171.06394,8/12/2022 7:43,21720,Pacific cod,85,560,1400,5,2,NA,NA,NA,NA,NA
-21975,162,202202,44,70,70,2022,62.66412,-171.06394,8/12/2022 7:43,21720,Pacific cod,86,490,1090,3,2,NA,NA,NA,NA,NA
-21977,162,202202,46,70,70,2022,62.94916,-170.4893,8/13/2022 7:46,21720,Pacific cod,87,160,30,1,1,NA,NA,NA,NA,NA
-21977,162,202202,46,70,70,2022,62.94916,-170.4893,8/13/2022 7:46,21720,Pacific cod,88,500,1356,4,1,NA,NA,NA,NA,NA
-21977,162,202202,46,70,70,2022,62.94916,-170.4893,8/13/2022 7:46,21720,Pacific cod,89,660,2938,7,1,NA,NA,NA,NA,NA
-21977,162,202202,46,70,70,2022,62.94916,-170.4893,8/13/2022 7:46,21720,Pacific cod,90,570,1965,5,2,NA,NA,NA,NA,NA
-21978,162,202202,47,70,70,2022,63.263795,-171.11828,8/13/2022 11:04,21720,Pacific cod,91,510,1280,4,1,NA,NA,NA,NA,NA
-21978,162,202202,47,70,70,2022,63.263795,-171.11828,8/13/2022 11:04,21720,Pacific cod,92,170,39,1,1,NA,NA,NA,NA,NA
-21978,162,202202,47,70,70,2022,63.263795,-171.11828,8/13/2022 11:04,21720,Pacific cod,93,130,20,1,3,NA,NA,NA,NA,NA
-21979,162,202202,48,70,70,2022,62.981565,-171.13945,8/13/2022 13:13,21720,Pacific cod,94,590,2014,5,1,NA,NA,NA,NA,NA
-21979,162,202202,48,70,70,2022,62.981565,-171.13945,8/13/2022 13:13,21720,Pacific cod,95,520,1735,4,1,NA,NA,NA,NA,NA
-21979,162,202202,48,70,70,2022,62.981565,-171.13945,8/13/2022 13:13,21720,Pacific cod,96,620,2265,NA,2,NA,NA,NA,NA,NA
-21979,162,202202,48,70,70,2022,62.981565,-171.13945,8/13/2022 13:13,21720,Pacific cod,97,570,2090,5,2,NA,NA,NA,NA,NA
-21980,162,202202,49,70,70,2022,62.671815,-171.789965,8/13/2022 16:20,21720,Pacific cod,98,840,4300,7,2,NA,NA,NA,NA,NA
-21980,162,202202,49,70,70,2022,62.671815,-171.789965,8/13/2022 16:20,21720,Pacific cod,99,380,510,2,2,NA,NA,NA,NA,NA
-21980,162,202202,49,70,70,2022,62.671815,-171.789965,8/13/2022 16:20,21720,Pacific cod,100,600,2170,6,1,NA,NA,NA,NA,NA
-21980,162,202202,49,70,70,2022,62.671815,-171.789965,8/13/2022 16:20,21720,Pacific cod,101,510,1188,4,1,NA,NA,NA,NA,NA
-21981,162,202202,50,81,81,2022,62.325695,-172.417795,8/14/2022 7:45,21720,Pacific cod,102,620,2624,4,1,NA,NA,NA,NA,NA
-21981,162,202202,50,81,81,2022,62.325695,-172.417795,8/14/2022 7:45,21720,Pacific cod,103,530,1500,3,1,NA,NA,NA,NA,NA
-21981,162,202202,50,81,81,2022,62.325695,-172.417795,8/14/2022 7:45,21720,Pacific cod,104,860,8055,8,2,NA,NA,NA,NA,NA
-21981,162,202202,50,81,81,2022,62.325695,-172.417795,8/14/2022 7:45,21720,Pacific cod,105,470,932,NA,2,NA,NA,NA,NA,NA
-21982,162,202202,51,81,81,2022,61.998495,-172.366005,8/14/2022 10:19,21720,Pacific cod,106,610,2204,4,2,NA,NA,NA,NA,NA
-21982,162,202202,51,81,81,2022,61.998495,-172.366005,8/14/2022 10:19,21720,Pacific cod,107,530,1670,4,2,NA,NA,NA,NA,NA
-21982,162,202202,51,81,81,2022,61.998495,-172.366005,8/14/2022 10:19,21720,Pacific cod,108,500,1572,3,2,NA,NA,NA,NA,NA
-21982,162,202202,51,81,81,2022,61.998495,-172.366005,8/14/2022 10:19,21720,Pacific cod,109,530,1464,4,2,NA,NA,NA,NA,NA
-21983,162,202202,52,81,81,2022,61.661095,-172.309445,8/14/2022 12:55,21720,Pacific cod,112,390,568,2,1,NA,NA,NA,NA,NA
-21983,162,202202,52,81,81,2022,61.661095,-172.309445,8/14/2022 12:55,21720,Pacific cod,110,490,1156,4,2,NA,NA,NA,NA,NA
-21983,162,202202,52,81,81,2022,61.661095,-172.309445,8/14/2022 12:55,21720,Pacific cod,111,420,654,2,2,NA,NA,NA,NA,NA
-21983,162,202202,52,81,81,2022,61.661095,-172.309445,8/14/2022 12:55,21720,Pacific cod,113,500,1384,3,1,NA,NA,NA,NA,NA
-21984,162,202202,53,81,81,2022,61.34158,-172.23197,8/14/2022 15:25,21720,Pacific cod,114,980,14100,8,2,NA,NA,NA,NA,NA
-21984,162,202202,53,81,81,2022,61.34158,-172.23197,8/14/2022 15:25,21720,Pacific cod,115,490,1150,4,2,NA,NA,NA,NA,NA
-21984,162,202202,53,81,81,2022,61.34158,-172.23197,8/14/2022 15:25,21720,Pacific cod,116,710,3900,7,1,NA,NA,NA,NA,NA
-21984,162,202202,53,81,81,2022,61.34158,-172.23197,8/14/2022 15:25,21720,Pacific cod,117,510,1360,3,1,NA,NA,NA,NA,NA
-21985,162,202202,54,81,81,2022,61.32958,-172.923725,8/14/2022 17:46,21720,Pacific cod,118,970,10780,7,2,NA,NA,NA,NA,NA
-21985,162,202202,54,81,81,2022,61.32958,-172.923725,8/14/2022 17:46,21720,Pacific cod,119,530,1562,4,2,NA,NA,NA,NA,NA
-21985,162,202202,54,81,81,2022,61.32958,-172.923725,8/14/2022 17:46,21720,Pacific cod,120,470,1112,3,1,NA,NA,NA,NA,NA
-21985,162,202202,54,81,81,2022,61.32958,-172.923725,8/14/2022 17:46,21720,Pacific cod,121,510,1438,4,1,NA,NA,NA,NA,NA
-21994,162,202202,55,81,81,2022,61.331085,-171.51256,8/15/2022 7:58,21720,Pacific cod,122,730,4200,6,1,NA,NA,NA,NA,NA
-21994,162,202202,55,81,81,2022,61.331085,-171.51256,8/15/2022 7:58,21720,Pacific cod,123,450,876,4,1,NA,NA,NA,NA,NA
-21994,162,202202,55,81,81,2022,61.331085,-171.51256,8/15/2022 7:58,21720,Pacific cod,124,520,1368,4,2,NA,NA,NA,NA,NA
-21994,162,202202,55,81,81,2022,61.331085,-171.51256,8/15/2022 7:58,21720,Pacific cod,125,400,658,2,2,NA,NA,NA,NA,NA
-21995,162,202202,56,81,81,2022,61.672025,-171.559255,8/15/2022 10:41,21720,Pacific cod,126,540,1798,5,2,NA,NA,NA,NA,NA
-21995,162,202202,56,81,81,2022,61.672025,-171.559255,8/15/2022 10:41,21720,Pacific cod,127,540,1666,4,2,NA,NA,NA,NA,NA
-21995,162,202202,56,81,81,2022,61.672025,-171.559255,8/15/2022 10:41,21720,Pacific cod,128,420,782,2,1,NA,NA,NA,NA,NA
-21995,162,202202,56,81,81,2022,61.672025,-171.559255,8/15/2022 10:41,21720,Pacific cod,129,530,1566,4,1,NA,NA,NA,NA,NA
-21996,162,202202,57,70,70,2022,62.000225,-171.60421,8/15/2022 13:17,21720,Pacific cod,130,630,2984,4,2,NA,NA,NA,NA,NA
-21996,162,202202,57,70,70,2022,62.000225,-171.60421,8/15/2022 13:17,21720,Pacific cod,131,520,1550,4,2,NA,NA,NA,NA,NA
-21996,162,202202,57,70,70,2022,62.000225,-171.60421,8/15/2022 13:17,21720,Pacific cod,132,470,1062,4,2,NA,NA,NA,NA,NA
-21996,162,202202,57,70,70,2022,62.000225,-171.60421,8/15/2022 13:17,21720,Pacific cod,133,450,1172,4,2,NA,NA,NA,NA,NA
-21996,162,202202,57,70,70,2022,62.000225,-171.60421,8/15/2022 13:17,21720,Pacific cod,134,640,3430,5,2,NA,NA,NA,NA,NA
-21997,162,202202,58,81,81,2022,62.31962,-171.704235,8/15/2022 16:02,21720,Pacific cod,135,520,1432,4,2,NA,NA,NA,NA,NA
-21997,162,202202,58,81,81,2022,62.31962,-171.704235,8/15/2022 16:02,21720,Pacific cod,136,560,1714,4,2,NA,NA,NA,NA,NA
-21997,162,202202,58,81,81,2022,62.31962,-171.704235,8/15/2022 16:02,21720,Pacific cod,137,540,1954,4,1,NA,NA,NA,NA,NA
-21997,162,202202,58,81,81,2022,62.31962,-171.704235,8/15/2022 16:02,21720,Pacific cod,138,540,1702,4,1,NA,NA,NA,NA,NA
-21998,162,202202,59,70,70,2022,62.335195,-171.05191,8/16/2022 8:00,21720,Pacific cod,142,470,935,4,2,NA,NA,NA,NA,NA
-21998,162,202202,59,70,70,2022,62.335195,-171.05191,8/16/2022 8:00,21720,Pacific cod,139,520,1408,4,1,NA,NA,NA,NA,NA
-21998,162,202202,59,70,70,2022,62.335195,-171.05191,8/16/2022 8:00,21720,Pacific cod,140,610,2422,4,1,NA,NA,NA,NA,NA
-21998,162,202202,59,70,70,2022,62.335195,-171.05191,8/16/2022 8:00,21720,Pacific cod,141,630,2788,4,2,NA,NA,NA,NA,NA
-21999,162,202202,60,70,70,2022,61.996715,-170.977865,8/16/2022 11:11,21720,Pacific cod,143,480,982,4,2,NA,NA,NA,NA,NA
-21999,162,202202,60,70,70,2022,61.996715,-170.977865,8/16/2022 11:11,21720,Pacific cod,144,650,2936,4,2,NA,NA,NA,NA,NA
-21999,162,202202,60,70,70,2022,61.996715,-170.977865,8/16/2022 11:11,21720,Pacific cod,145,410,616,3,1,NA,NA,NA,NA,NA
-21999,162,202202,60,70,70,2022,61.996715,-170.977865,8/16/2022 11:11,21720,Pacific cod,146,590,2044,5,1,NA,NA,NA,NA,NA
-22009,162,202202,61,81,81,2022,61.662985,-170.93239,8/17/2022 7:59,21720,Pacific cod,148,580,2312,4,2,NA,NA,NA,NA,NA
-22009,162,202202,61,81,81,2022,61.662985,-170.93239,8/17/2022 7:59,21720,Pacific cod,149,450,918,4,2,NA,NA,NA,NA,NA
-22009,162,202202,61,81,81,2022,61.662985,-170.93239,8/17/2022 7:59,21720,Pacific cod,150,500,1040,4,2,NA,NA,NA,NA,NA
-22009,162,202202,61,81,81,2022,61.662985,-170.93239,8/17/2022 7:59,21720,Pacific cod,151,490,1370,4,2,NA,NA,NA,NA,NA
-22009,162,202202,61,81,81,2022,61.662985,-170.93239,8/17/2022 7:59,21720,Pacific cod,152,480,1220,4,2,NA,NA,NA,NA,NA
-22010,162,202202,62,81,81,2022,61.338255,-170.855905,8/17/2022 10:40,21720,Pacific cod,153,520,1452,4,1,NA,NA,NA,NA,NA
-22010,162,202202,62,81,81,2022,61.338255,-170.855905,8/17/2022 10:40,21720,Pacific cod,154,500,1202,3,2,NA,NA,NA,NA,NA
-22010,162,202202,62,81,81,2022,61.338255,-170.855905,8/17/2022 10:40,21720,Pacific cod,155,350,498,NA,2,NA,NA,NA,NA,NA
-22011,162,202202,63,81,81,2022,60.995915,-170.80126,8/17/2022 13:46,21720,Pacific cod,157,730,4935,7,1,NA,NA,NA,NA,NA
-22011,162,202202,63,81,81,2022,60.995915,-170.80126,8/17/2022 13:46,21720,Pacific cod,158,380,525,3,1,NA,NA,NA,NA,NA
-22011,162,202202,63,81,81,2022,60.995915,-170.80126,8/17/2022 13:46,21720,Pacific cod,159,620,2790,5,2,NA,NA,NA,NA,NA
-22011,162,202202,63,81,81,2022,60.995915,-170.80126,8/17/2022 13:46,21720,Pacific cod,160,970,11480,9,2,NA,NA,NA,NA,NA
-22012,162,202202,64,81,81,2022,60.659335,-170.74741,8/17/2022 16:26,21720,Pacific cod,161,540,1842,3,1,NA,NA,NA,NA,NA
-22012,162,202202,64,81,81,2022,60.659335,-170.74741,8/17/2022 16:26,21720,Pacific cod,162,520,1332,4,2,NA,NA,NA,NA,NA
-22012,162,202202,64,81,81,2022,60.659335,-170.74741,8/17/2022 16:26,21720,Pacific cod,163,900,7880,8,1,NA,NA,NA,NA,NA
-22012,162,202202,64,81,81,2022,60.659335,-170.74741,8/17/2022 16:26,21720,Pacific cod,164,480,1180,3,2,NA,NA,NA,NA,NA
-22013,162,202202,65,70,70,2022,60.986185,-170.115145,8/18/2022 7:58,21720,Pacific cod,165,510,1432,4,2,NA,NA,NA,NA,NA
-22013,162,202202,65,70,70,2022,60.986185,-170.115145,8/18/2022 7:58,21720,Pacific cod,166,460,978,3,2,NA,NA,NA,NA,NA
-22013,162,202202,65,70,70,2022,60.986185,-170.115145,8/18/2022 7:58,21720,Pacific cod,167,370,518,2,1,NA,NA,NA,NA,NA
-22013,162,202202,65,70,70,2022,60.986185,-170.115145,8/18/2022 7:58,21720,Pacific cod,168,360,488,2,1,NA,NA,NA,NA,NA
-22014,162,202202,66,70,70,2022,61.3246,-170.15793,8/18/2022 10:48,21720,Pacific cod,169,400,630,3,1,NA,NA,NA,NA,NA
-22014,162,202202,66,70,70,2022,61.3246,-170.15793,8/18/2022 10:48,21720,Pacific cod,170,580,2192,4,1,NA,NA,NA,NA,NA
-22014,162,202202,66,70,70,2022,61.3246,-170.15793,8/18/2022 10:48,21720,Pacific cod,171,370,506,2,2,NA,NA,NA,NA,NA
-22014,162,202202,66,70,70,2022,61.3246,-170.15793,8/18/2022 10:48,21720,Pacific cod,172,440,788,2,2,NA,NA,NA,NA,NA
-22015,162,202202,67,70,70,2022,61.658755,-170.188225,8/18/2022 13:29,21720,Pacific cod,173,480,1162,4,1,NA,NA,NA,NA,NA
-22015,162,202202,67,70,70,2022,61.658755,-170.188225,8/18/2022 13:29,21720,Pacific cod,174,480,1280,4,2,NA,NA,NA,NA,NA
-22015,162,202202,67,70,70,2022,61.658755,-170.188225,8/18/2022 13:29,21720,Pacific cod,175,370,480,2,1,NA,NA,NA,NA,NA
-22015,162,202202,67,70,70,2022,61.658755,-170.188225,8/18/2022 13:29,21720,Pacific cod,176,630,2942,4,2,NA,NA,NA,NA,NA
-22015,162,202202,67,70,70,2022,61.658755,-170.188225,8/18/2022 13:29,21720,Pacific cod,177,170,44,1,1,NA,NA,NA,NA,NA
-22016,162,202202,68,70,70,2022,61.999875,-170.24128,8/18/2022 16:06,21720,Pacific cod,178,570,2020,4,1,NA,NA,NA,NA,NA
-22016,162,202202,68,70,70,2022,61.999875,-170.24128,8/18/2022 16:06,21720,Pacific cod,179,530,1630,4,1,NA,NA,NA,NA,NA
-22016,162,202202,68,70,70,2022,61.999875,-170.24128,8/18/2022 16:06,21720,Pacific cod,180,530,1622,4,2,NA,NA,NA,NA,NA
-22016,162,202202,68,70,70,2022,61.999875,-170.24128,8/18/2022 16:06,21720,Pacific cod,181,420,726,3,2,NA,NA,NA,NA,NA
-22020,162,202202,69,70,70,2022,61.326755,-169.46998,8/19/2022 7:58,21720,Pacific cod,182,570,1966,4,1,NA,NA,NA,NA,NA
-22020,162,202202,69,70,70,2022,61.326755,-169.46998,8/19/2022 7:58,21720,Pacific cod,183,670,3324,6,1,NA,NA,NA,NA,NA
-22020,162,202202,69,70,70,2022,61.326755,-169.46998,8/19/2022 7:58,21720,Pacific cod,184,400,695,3,1,NA,NA,NA,NA,NA
-22020,162,202202,69,70,70,2022,61.326755,-169.46998,8/19/2022 7:58,21720,Pacific cod,185,590,2390,5,2,NA,NA,NA,NA,NA
-22021,162,202202,70,70,70,2022,60.999665,-169.439805,8/19/2022 10:31,21720,Pacific cod,186,590,2230,5,2,NA,NA,NA,NA,NA
-22021,162,202202,70,70,70,2022,60.999665,-169.439805,8/19/2022 10:31,21720,Pacific cod,187,200,70,1,2,NA,NA,NA,NA,NA
-22021,162,202202,70,70,70,2022,60.999665,-169.439805,8/19/2022 10:31,21720,Pacific cod,188,560,1925,4,1,NA,NA,NA,NA,NA
-22021,162,202202,70,70,70,2022,60.999665,-169.439805,8/19/2022 10:31,21720,Pacific cod,189,890,9460,7,1,NA,NA,NA,NA,NA
-22022,162,202202,71,70,70,2022,60.66884,-169.38777,8/19/2022 13:21,21720,Pacific cod,190,70,2,0,3,NA,NA,NA,NA,NA
-22022,162,202202,71,70,70,2022,60.66884,-169.38777,8/19/2022 13:21,21720,Pacific cod,191,740,5115,5,2,NA,NA,NA,NA,NA
-22022,162,202202,71,70,70,2022,60.66884,-169.38777,8/19/2022 13:21,21720,Pacific cod,192,450,900,2,1,NA,NA,NA,NA,NA
-22022,162,202202,71,70,70,2022,60.66884,-169.38777,8/19/2022 13:21,21720,Pacific cod,193,440,820,2,1,NA,NA,NA,NA,NA
-22023,162,202202,72,70,70,2022,60.670395,-170.060395,8/19/2022 16:08,21720,Pacific cod,194,580,1924,4,2,NA,NA,NA,NA,NA
-22023,162,202202,72,70,70,2022,60.670395,-170.060395,8/19/2022 16:08,21720,Pacific cod,195,620,2655,4,2,NA,NA,NA,NA,NA
-22023,162,202202,72,70,70,2022,60.670395,-170.060395,8/19/2022 16:08,21720,Pacific cod,196,590,2190,4,2,NA,NA,NA,NA,NA
-22023,162,202202,72,70,70,2022,60.670395,-170.060395,8/19/2022 16:08,21720,Pacific cod,197,520,1524,4,2,NA,NA,NA,NA,NA
-22023,162,202202,72,70,70,2022,60.670395,-170.060395,8/19/2022 16:08,21720,Pacific cod,198,840,6340,6,2,NA,NA,NA,NA,NA
-22024,162,202202,73,70,70,2022,60.66605,-168.67883,8/20/2022 7:57,21720,Pacific cod,199,420,756,3,1,NA,NA,NA,NA,NA
-22024,162,202202,73,70,70,2022,60.66605,-168.67883,8/20/2022 7:57,21720,Pacific cod,200,550,2002,4,1,NA,NA,NA,NA,NA
-22024,162,202202,73,70,70,2022,60.66605,-168.67883,8/20/2022 7:57,21720,Pacific cod,201,570,1620,4,2,NA,NA,NA,NA,NA
-22024,162,202202,73,70,70,2022,60.66605,-168.67883,8/20/2022 7:57,21720,Pacific cod,202,420,756,2,2,NA,NA,NA,NA,NA
-22025,162,202202,74,70,70,2022,60.670495,-168.0241,8/20/2022 10:47,21720,Pacific cod,203,790,5879,5,1,NA,NA,NA,NA,NA
-22025,162,202202,74,70,70,2022,60.670495,-168.0241,8/20/2022 10:47,21720,Pacific cod,204,180,60,1,1,NA,NA,NA,NA,NA
-22026,162,202202,75,70,70,2022,60.665715,-167.344555,8/20/2022 13:41,21720,Pacific cod,205,70,2,0,3,NA,NA,NA,NA,NA
-23039,134,202302,22,71,71,2023,63.669355,-166.046845,8/3/2023 7:25,21720,Pacific cod,1,720,4288,5,2,NA,NA,NA,NA,NA
-23039,134,202302,22,71,71,2023,63.669355,-166.046845,8/3/2023 7:25,21720,Pacific cod,2,160,30,1,2,NA,NA,NA,NA,NA
-23039,134,202302,22,71,71,2023,63.669355,-166.046845,8/3/2023 7:25,21720,Pacific cod,3,130,20,1,1,NA,NA,NA,NA,NA
-23039,134,202302,22,71,71,2023,63.669355,-166.046845,8/3/2023 7:25,21720,Pacific cod,4,150,30,1,1,NA,NA,NA,NA,NA
-23040,134,202302,23,71,71,2023,64.00675,-166.03931,8/3/2023 10:35,21720,Pacific cod,5,130,20,1,2,NA,NA,NA,NA,NA
-23040,134,202302,23,71,71,2023,64.00675,-166.03931,8/3/2023 10:35,21720,Pacific cod,6,290,236,2,2,NA,NA,NA,NA,NA
-23040,134,202302,23,71,71,2023,64.00675,-166.03931,8/3/2023 10:35,21720,Pacific cod,7,150,24,1,2,NA,NA,NA,NA,NA
-23040,134,202302,23,71,71,2023,64.00675,-166.03931,8/3/2023 10:35,21720,Pacific cod,8,160,36,1,1,NA,NA,NA,NA,NA
-23041,134,202302,24,71,71,2023,64.332785,-166.0594,8/3/2023 13:28,21720,Pacific cod,10,140,20,1,2,NA,NA,NA,NA,NA
-23041,134,202302,24,71,71,2023,64.332785,-166.0594,8/3/2023 13:28,21720,Pacific cod,9,190,58,1,1,NA,NA,NA,NA,NA
-23041,134,202302,24,71,71,2023,64.332785,-166.0594,8/3/2023 13:28,21720,Pacific cod,11,160,30,1,1,NA,NA,NA,NA,NA
-23041,134,202302,24,71,71,2023,64.332785,-166.0594,8/3/2023 13:28,21720,Pacific cod,12,160,34,1,2,NA,NA,NA,NA,NA
-23042,134,202302,25,71,71,2023,64.001535,-166.81582,8/9/2023 8:10,21720,Pacific cod,13,840,7050,8,1,NA,NA,NA,NA,NA
-23042,134,202302,25,71,71,2023,64.001535,-166.81582,8/9/2023 8:10,21720,Pacific cod,14,820,6600,8,1,NA,NA,NA,NA,NA
-23042,134,202302,25,71,71,2023,64.001535,-166.81582,8/9/2023 8:10,21720,Pacific cod,15,160,35,1,1,NA,NA,NA,NA,NA
-23043,134,202302,26,71,71,2023,63.99407,-167.541905,8/9/2023 12:17,21720,Pacific cod,16,930,10155,8,2,NA,NA,NA,NA,NA
-23043,134,202302,26,71,71,2023,63.99407,-167.541905,8/9/2023 12:17,21720,Pacific cod,17,330,365,2,2,NA,NA,NA,NA,NA
-23043,134,202302,26,71,71,2023,63.99407,-167.541905,8/9/2023 12:17,21720,Pacific cod,18,790,5560,8,1,NA,NA,NA,NA,NA
-23043,134,202302,26,71,71,2023,63.99407,-167.541905,8/9/2023 12:17,21720,Pacific cod,19,640,3185,5,1,NA,NA,NA,NA,NA
-23044,134,202302,27,71,71,2023,63.66915,-167.52462,8/9/2023 15:17,21720,Pacific cod,20,600,2456,3,1,NA,NA,NA,NA,NA
-23044,134,202302,27,71,71,2023,63.66915,-167.52462,8/9/2023 15:17,21720,Pacific cod,21,760,4350,NA,1,NA,NA,NA,NA,NA
-23044,134,202302,27,71,71,2023,63.66915,-167.52462,8/9/2023 15:17,21720,Pacific cod,22,590,2510,5,1,NA,NA,NA,NA,NA
-23044,134,202302,27,71,71,2023,63.66915,-167.52462,8/9/2023 15:17,21720,Pacific cod,23,660,3580,5,1,NA,NA,NA,NA,NA
-23059,134,202302,28,71,71,2023,63.66499,-166.779695,8/10/2023 7:34,21720,Pacific cod,24,610,2364,4,1,NA,NA,NA,NA,NA
-23059,134,202302,28,71,71,2023,63.66499,-166.779695,8/10/2023 7:34,21720,Pacific cod,25,820,6965,9,1,NA,NA,NA,NA,NA
-23059,134,202302,28,71,71,2023,63.66499,-166.779695,8/10/2023 7:34,21720,Pacific cod,26,250,155,1,1,NA,NA,NA,NA,NA
-23059,134,202302,28,71,71,2023,63.66499,-166.779695,8/10/2023 7:34,21720,Pacific cod,27,150,25,1,3,NA,NA,NA,NA,NA
-23060,134,202302,29,71,71,2023,63.332325,-166.76024,8/10/2023 11:32,21720,Pacific cod,28,280,216,2,1,NA,NA,NA,NA,NA
-23060,134,202302,29,71,71,2023,63.332325,-166.76024,8/10/2023 11:32,21720,Pacific cod,29,160,40,1,1,NA,NA,NA,NA,NA
-23060,134,202302,29,71,71,2023,63.332325,-166.76024,8/10/2023 11:32,21720,Pacific cod,30,170,42,1,2,NA,NA,NA,NA,NA
-23060,134,202302,29,71,71,2023,63.332325,-166.76024,8/10/2023 11:32,21720,Pacific cod,31,150,28,1,2,NA,NA,NA,NA,NA
-23061,134,202302,30,71,71,2023,63.339575,-167.51748,8/10/2023 14:40,21720,Pacific cod,32,780,6435,6,2,NA,NA,NA,NA,NA
-23061,134,202302,30,71,71,2023,63.339575,-167.51748,8/10/2023 14:40,21720,Pacific cod,33,550,2000,4,2,NA,NA,NA,NA,NA
-23061,134,202302,30,71,71,2023,63.339575,-167.51748,8/10/2023 14:40,21720,Pacific cod,34,680,3680,5,1,NA,NA,NA,NA,NA
-23061,134,202302,30,71,71,2023,63.339575,-167.51748,8/10/2023 14:40,21720,Pacific cod,35,340,415,2,1,NA,NA,NA,NA,NA
-23066,134,202302,31,70,70,2023,62.999425,-166.769245,8/11/2023 7:37,21720,Pacific cod,36,660,3276,5,1,NA,NA,NA,NA,NA
-23066,134,202302,31,70,70,2023,62.999425,-166.769245,8/11/2023 7:37,21720,Pacific cod,37,740,5260,6,2,NA,NA,NA,NA,NA
-23066,134,202302,31,70,70,2023,62.999425,-166.769245,8/11/2023 7:37,21720,Pacific cod,38,160,40,1,1,NA,NA,NA,NA,NA
-23066,134,202302,31,70,70,2023,62.999425,-166.769245,8/11/2023 7:37,21720,Pacific cod,39,140,24,1,2,NA,NA,NA,NA,NA
-23074,134,202302,34,70,70,2023,62.668125,-168.89322,8/12/2023 7:33,21720,Pacific cod,48,620,2606,5,2,NA,NA,NA,NA,NA
-23074,134,202302,34,70,70,2023,62.668125,-168.89322,8/12/2023 7:33,21720,Pacific cod,49,600,2406,4,1,NA,NA,NA,NA,NA
-23074,134,202302,34,70,70,2023,62.668125,-168.89322,8/12/2023 7:33,21720,Pacific cod,50,600,2140,4,2,NA,NA,NA,NA,NA
-23074,134,202302,34,70,70,2023,62.668125,-168.89322,8/12/2023 7:33,21720,Pacific cod,51,600,2204,4,1,NA,NA,NA,NA,NA
-23067,134,202302,32,70,70,2023,62.994445,-167.448095,8/11/2023 11:51,21720,Pacific cod,40,760,5305,6,2,NA,NA,NA,NA,NA
-23067,134,202302,32,70,70,2023,62.994445,-167.448095,8/11/2023 11:51,21720,Pacific cod,41,650,2700,5,1,NA,NA,NA,NA,NA
-23067,134,202302,32,70,70,2023,62.994445,-167.448095,8/11/2023 11:51,21720,Pacific cod,42,640,3365,4,2,NA,NA,NA,NA,NA
-23067,134,202302,32,70,70,2023,62.994445,-167.448095,8/11/2023 11:51,21720,Pacific cod,43,630,2995,5,2,NA,NA,NA,NA,NA
-23068,134,202302,33,71,71,2023,63.34754,-168.26787,8/11/2023 15:55,21720,Pacific cod,44,560,2060,4,2,NA,NA,NA,NA,NA
-23068,134,202302,33,71,71,2023,63.34754,-168.26787,8/11/2023 15:55,21720,Pacific cod,45,660,3300,4,2,NA,NA,NA,NA,NA
-23068,134,202302,33,71,71,2023,63.34754,-168.26787,8/11/2023 15:55,21720,Pacific cod,46,390,625,2,1,NA,NA,NA,NA,NA
-23068,134,202302,33,71,71,2023,63.34754,-168.26787,8/11/2023 15:55,21720,Pacific cod,47,340,425,2,2,NA,NA,NA,NA,NA
-23076,134,202302,36,70,70,2023,62.33088,-168.159735,8/12/2023 13:11,21720,Pacific cod,52,650,3064,4,1,NA,NA,NA,NA,NA
-23076,134,202302,36,70,70,2023,62.33088,-168.159735,8/12/2023 13:11,21720,Pacific cod,53,580,2244,3,1,NA,NA,NA,NA,NA
-23076,134,202302,36,70,70,2023,62.33088,-168.159735,8/12/2023 13:11,21720,Pacific cod,54,460,1032,2,1,NA,NA,NA,NA,NA
-23076,134,202302,36,70,70,2023,62.33088,-168.159735,8/12/2023 13:11,21720,Pacific cod,55,300,236,2,1,NA,NA,NA,NA,NA
-23081,134,202302,37,70,70,2023,62.329815,-169.596365,8/13/2023 7:55,21720,Pacific cod,56,460,1074,4,2,NA,NA,NA,NA,NA
-23081,134,202302,37,70,70,2023,62.329815,-169.596365,8/13/2023 7:55,21720,Pacific cod,57,760,6560,7,2,NA,NA,NA,NA,NA
-23081,134,202302,37,70,70,2023,62.329815,-169.596365,8/13/2023 7:55,21720,Pacific cod,58,520,1255,4,1,NA,NA,NA,NA,NA
-23081,134,202302,37,70,70,2023,62.329815,-169.596365,8/13/2023 7:55,21720,Pacific cod,59,680,3240,4,1,NA,NA,NA,NA,NA
-23082,134,202302,38,70,70,2023,61.99784,-169.5559,8/13/2023 10:46,21720,Pacific cod,60,650,2730,4,1,NA,NA,NA,NA,NA
-23082,134,202302,38,70,70,2023,61.99784,-169.5559,8/13/2023 10:46,21720,Pacific cod,61,360,470,2,1,NA,NA,NA,NA,NA
-23082,134,202302,38,70,70,2023,61.99784,-169.5559,8/13/2023 10:46,21720,Pacific cod,62,660,3065,4,2,NA,NA,NA,NA,NA
-23082,134,202302,38,70,70,2023,61.99784,-169.5559,8/13/2023 10:46,21720,Pacific cod,63,660,3520,4,2,NA,NA,NA,NA,NA
-23083,134,202302,39,70,70,2023,61.99084,-168.8428,8/13/2023 14:04,21720,Pacific cod,64,610,2464,5,2,NA,NA,NA,NA,NA
-23083,134,202302,39,70,70,2023,61.99084,-168.8428,8/13/2023 14:04,21720,Pacific cod,65,430,785,3,2,NA,NA,NA,NA,NA
-23083,134,202302,39,70,70,2023,61.99084,-168.8428,8/13/2023 14:04,21720,Pacific cod,66,540,1640,3,1,NA,NA,NA,NA,NA
-23083,134,202302,39,70,70,2023,61.99084,-168.8428,8/13/2023 14:04,21720,Pacific cod,67,540,1560,4,1,NA,NA,NA,NA,NA
-23091,134,202302,41,70,70,2023,62.33305,-167.450805,8/14/2023 8:44,21720,Pacific cod,68,200,68,1,2,NA,NA,NA,NA,NA
-23091,134,202302,41,70,70,2023,62.33305,-167.450805,8/14/2023 8:44,21720,Pacific cod,69,180,46,1,2,NA,NA,NA,NA,NA
-23091,134,202302,41,70,70,2023,62.33305,-167.450805,8/14/2023 8:44,21720,Pacific cod,70,750,4386,6,1,NA,NA,NA,NA,NA
-23091,134,202302,41,70,70,2023,62.33305,-167.450805,8/14/2023 8:44,21720,Pacific cod,71,900,9080,7,2,NA,NA,NA,NA,NA
-23096,134,202302,46,70,70,2023,61.664965,-167.418785,8/15/2023 13:18,21720,Pacific cod,72,870,7710,7,2,NA,NA,NA,NA,NA
-23099,134,202302,47,70,70,2023,61.66776,-168.80278,8/16/2023 8:01,21720,Pacific cod,73,250,178,1,2,NA,NA,NA,NA,NA
-23099,134,202302,47,70,70,2023,61.66776,-168.80278,8/16/2023 8:01,21720,Pacific cod,74,330,324,2,1,NA,NA,NA,NA,NA
-23099,134,202302,47,70,70,2023,61.66776,-168.80278,8/16/2023 8:01,21720,Pacific cod,75,540,1690,4,1,NA,NA,NA,NA,NA
-23099,134,202302,47,70,70,2023,61.66776,-168.80278,8/16/2023 8:01,21720,Pacific cod,76,670,2786,4,2,NA,NA,NA,NA,NA
-23100,134,202302,48,70,70,2023,61.33499,-168.77836,8/16/2023 10:52,21720,Pacific cod,77,180,54,1,1,NA,NA,NA,NA,NA
-23100,134,202302,48,70,70,2023,61.33499,-168.77836,8/16/2023 10:52,21720,Pacific cod,78,710,3850,4,1,NA,NA,NA,NA,NA
-23100,134,202302,48,70,70,2023,61.33499,-168.77836,8/16/2023 10:52,21720,Pacific cod,79,650,2990,4,2,NA,NA,NA,NA,NA
-23100,134,202302,48,70,70,2023,61.33499,-168.77836,8/16/2023 10:52,21720,Pacific cod,80,610,2500,4,1,NA,NA,NA,NA,NA
-23101,134,202302,49,70,70,2023,61.33398,-168.04926,8/16/2023 13:31,21720,Pacific cod,81,600,2062,4,1,NA,NA,NA,NA,NA
-23101,134,202302,49,70,70,2023,61.33398,-168.04926,8/16/2023 13:31,21720,Pacific cod,82,680,3428,5,2,NA,NA,NA,NA,NA
-23101,134,202302,49,70,70,2023,61.33398,-168.04926,8/16/2023 13:31,21720,Pacific cod,83,790,5535,7,2,NA,NA,NA,NA,NA
-23101,134,202302,49,70,70,2023,61.33398,-168.04926,8/16/2023 13:31,21720,Pacific cod,84,150,30,1,1,NA,NA,NA,NA,NA
-23119,134,202302,53,70,70,2023,60.66684,-167.998665,8/18/2023 7:59,21720,Pacific cod,93,690,3884,4,1,NA,NA,NA,NA,NA
-23119,134,202302,53,70,70,2023,60.66684,-167.998665,8/18/2023 7:59,21720,Pacific cod,94,730,4314,5,2,NA,NA,NA,NA,NA
-23119,134,202302,53,70,70,2023,60.66684,-167.998665,8/18/2023 7:59,21720,Pacific cod,95,180,50,1,1,NA,NA,NA,NA,NA
-23119,134,202302,53,70,70,2023,60.66684,-167.998665,8/18/2023 7:59,21720,Pacific cod,96,170,36,1,1,NA,NA,NA,NA,NA
-23116,134,202302,50,70,70,2023,61.33718,-167.37634,8/17/2023 7:58,21720,Pacific cod,85,190,54,1,1,NA,NA,NA,NA,NA
-23116,134,202302,50,70,70,2023,61.33718,-167.37634,8/17/2023 7:58,21720,Pacific cod,86,160,38,1,1,NA,NA,NA,NA,NA
-23116,134,202302,50,70,70,2023,61.33718,-167.37634,8/17/2023 7:58,21720,Pacific cod,87,150,24,1,2,NA,NA,NA,NA,NA
-23116,134,202302,50,70,70,2023,61.33718,-167.37634,8/17/2023 7:58,21720,Pacific cod,88,130,14,1,2,NA,NA,NA,NA,NA
-23117,134,202302,51,70,70,2023,61.000775,-167.33965,8/17/2023 10:43,21720,Pacific cod,89,170,52,1,2,NA,NA,NA,NA,NA
-23117,134,202302,51,70,70,2023,61.000775,-167.33965,8/17/2023 10:43,21720,Pacific cod,90,170,46,1,1,NA,NA,NA,NA,NA
-23117,134,202302,51,70,70,2023,61.000775,-167.33965,8/17/2023 10:43,21720,Pacific cod,91,230,110,1,2,NA,NA,NA,NA,NA
-23118,134,202302,52,70,70,2023,60.672065,-167.33131,8/17/2023 13:31,21720,Pacific cod,92,760,4980,6,1,NA,NA,NA,NA,NA
-23120,134,202302,54,70,70,2023,60.67053,-168.69543,8/18/2023 10:55,21720,Pacific cod,97,200,76,1,1,NA,NA,NA,NA,NA
-23120,134,202302,54,70,70,2023,60.67053,-168.69543,8/18/2023 10:55,21720,Pacific cod,98,200,72,1,1,NA,NA,NA,NA,NA
-23120,134,202302,54,70,70,2023,60.67053,-168.69543,8/18/2023 10:55,21720,Pacific cod,99,540,1672,4,1,NA,NA,NA,NA,NA
-23120,134,202302,54,70,70,2023,60.67053,-168.69543,8/18/2023 10:55,21720,Pacific cod,100,610,2326,4,1,NA,NA,NA,NA,NA
-23024,162,202302,3,70,70,2023,63.54793,-172.005705,8/4/2023 8:14,21720,Pacific cod,1,290,222,2,1,NA,NA,NA,NA,NA
-23024,162,202302,3,70,70,2023,63.54793,-172.005705,8/4/2023 8:14,21720,Pacific cod,2,510,1222,4,2,NA,NA,NA,NA,NA
-23024,162,202302,3,70,70,2023,63.54793,-172.005705,8/4/2023 8:14,21720,Pacific cod,3,570,1902,4,1,NA,NA,NA,NA,NA
-23024,162,202302,3,70,70,2023,63.54793,-172.005705,8/4/2023 8:14,21720,Pacific cod,4,750,4830,7,1,NA,NA,NA,NA,NA
-23027,162,202302,6,71,71,2023,63.69833,-171.06283,8/4/2023 17:55,21720,Pacific cod,5,150,24,1,2,NA,NA,NA,NA,NA
-23028,162,202302,7,71,71,2023,63.99256,-170.542745,8/5/2023 13:30,21720,Pacific cod,6,690,4176,4,2,NA,NA,NA,NA,NA
-23030,162,202302,9,71,71,2023,63.66424,-169.76115,8/6/2023 8:12,21720,Pacific cod,7,860,8145,8,1,NA,NA,NA,NA,NA
-23030,162,202302,9,71,71,2023,63.66424,-169.76115,8/6/2023 8:12,21720,Pacific cod,8,620,2808,5,2,NA,NA,NA,NA,NA
-23030,162,202302,9,71,71,2023,63.66424,-169.76115,8/6/2023 8:12,21720,Pacific cod,9,300,280,2,1,NA,NA,NA,NA,NA
-23030,162,202302,9,71,71,2023,63.66424,-169.76115,8/6/2023 8:12,21720,Pacific cod,10,140,18,1,2,NA,NA,NA,NA,NA
-23031,162,202302,10,71,71,2023,63.667625,-169.03946,8/6/2023 11:16,21720,Pacific cod,11,770,4790,7,1,NA,NA,NA,NA,NA
-23031,162,202302,10,71,71,2023,63.667625,-169.03946,8/6/2023 11:16,21720,Pacific cod,12,670,3440,NA,1,NA,NA,NA,NA,NA
-23031,162,202302,10,71,71,2023,63.667625,-169.03946,8/6/2023 11:16,21720,Pacific cod,13,600,2850,4,1,NA,NA,NA,NA,NA
-23031,162,202302,10,71,71,2023,63.667625,-169.03946,8/6/2023 11:16,21720,Pacific cod,14,650,3165,5,1,NA,NA,NA,NA,NA
-23032,162,202302,11,71,71,2023,64.0034,-169.05327,8/6/2023 13:53,21720,Pacific cod,15,620,2488,5,2,NA,NA,NA,NA,NA
-23032,162,202302,11,71,71,2023,64.0034,-169.05327,8/6/2023 13:53,21720,Pacific cod,16,700,3052,5,1,NA,NA,NA,NA,NA
-23033,162,202302,12,71,71,2023,64.311145,-169.095205,8/6/2023 18:05,21720,Pacific cod,17,770,5545,6,1,NA,NA,NA,NA,NA
-23033,162,202302,12,71,71,2023,64.311145,-169.095205,8/6/2023 18:05,21720,Pacific cod,18,650,3300,5,2,NA,NA,NA,NA,NA
-23033,162,202302,12,71,71,2023,64.311145,-169.095205,8/6/2023 18:05,21720,Pacific cod,19,150,40,1,3,NA,NA,NA,NA,NA
-23046,162,202302,14,71,71,2023,64.65517,-169.907815,8/7/2023 11:20,21720,Pacific cod,20,840,7336,6,1,NA,NA,NA,NA,NA
-23046,162,202302,14,71,71,2023,64.65517,-169.907815,8/7/2023 11:20,21720,Pacific cod,21,590,2434,5,2,NA,NA,NA,NA,NA
-23048,162,202302,16,71,71,2023,64.335485,-170.5984,8/7/2023 16:38,21720,Pacific cod,22,240,124,2,2,NA,NA,NA,NA,NA
-23049,162,202302,17,71,71,2023,64.238655,-171.08973,8/7/2023 19:53,21720,Pacific cod,23,170,38,1,2,NA,NA,NA,NA,NA
-23052,162,202302,20,71,71,2023,65.00504,-169.124595,8/8/2023 13:58,21720,Pacific cod,24,790,4372,6,2,NA,NA,NA,NA,NA
-23052,162,202302,20,71,71,2023,65.00504,-169.124595,8/8/2023 13:58,21720,Pacific cod,25,890,8525,9,2,NA,NA,NA,NA,NA
-23053,162,202302,22,71,71,2023,65.22058,-168.89404,8/8/2023 18:23,21720,Pacific cod,26,810,5755,6,2,NA,NA,NA,NA,NA
-23053,162,202302,22,71,71,2023,65.22058,-168.89404,8/8/2023 18:23,21720,Pacific cod,27,960,10660,7,1,NA,NA,NA,NA,NA
-23055,162,202302,23,71,71,2023,65.334355,-168.380475,8/9/2023 8:06,21720,Pacific cod,28,240,142,2,1,NA,NA,NA,NA,NA
-23055,162,202302,23,71,71,2023,65.334355,-168.380475,8/9/2023 8:06,21720,Pacific cod,29,630,3448,5,2,NA,NA,NA,NA,NA
-23055,162,202302,23,71,71,2023,65.334355,-168.380475,8/9/2023 8:06,21720,Pacific cod,30,920,10000,9,2,NA,NA,NA,NA,NA
-23055,162,202302,23,71,71,2023,65.334355,-168.380475,8/9/2023 8:06,21720,Pacific cod,31,850,8805,NA,2,NA,NA,NA,NA,NA
-23055,162,202302,23,71,71,2023,65.334355,-168.380475,8/9/2023 8:06,21720,Pacific cod,32,210,112,NA,2,NA,NA,NA,NA,NA
-23056,162,202302,24,71,71,2023,65.309555,-167.671965,8/9/2023 11:14,21720,Pacific cod,33,150,26,1,3,NA,NA,NA,NA,NA
-23056,162,202302,24,71,71,2023,65.309555,-167.671965,8/9/2023 11:14,21720,Pacific cod,35,120,12,1,3,NA,NA,NA,NA,NA
-23057,162,202302,25,71,71,2023,65.00305,-167.634765,8/9/2023 14:25,21720,Pacific cod,36,160,34,1,3,NA,NA,NA,NA,NA
-23057,162,202302,25,71,71,2023,65.00305,-167.634765,8/9/2023 14:25,21720,Pacific cod,37,130,18,1,3,NA,NA,NA,NA,NA
-23057,162,202302,25,71,71,2023,65.00305,-167.634765,8/9/2023 14:25,21720,Pacific cod,38,130,14,1,3,NA,NA,NA,NA,NA
-23058,162,202302,26,71,71,2023,64.998255,-168.35851,8/9/2023 17:16,21720,Pacific cod,39,650,3154,5,2,NA,NA,NA,NA,NA
-23058,162,202302,26,71,71,2023,64.998255,-168.35851,8/9/2023 17:16,21720,Pacific cod,40,650,3440,4,2,NA,NA,NA,NA,NA
-23058,162,202302,26,71,71,2023,64.998255,-168.35851,8/9/2023 17:16,21720,Pacific cod,41,660,3884,6,1,NA,NA,NA,NA,NA
-23058,162,202302,26,71,71,2023,64.998255,-168.35851,8/9/2023 17:16,21720,Pacific cod,42,860,7206,7,1,NA,NA,NA,NA,NA
-23062,162,202302,27,71,71,2023,64.665385,-168.339855,8/10/2023 8:08,21720,Pacific cod,43,630,2810,5,2,NA,NA,NA,NA,NA
-23062,162,202302,27,71,71,2023,64.665385,-168.339855,8/10/2023 8:08,21720,Pacific cod,44,910,8775,8,2,NA,NA,NA,NA,NA
-23062,162,202302,27,71,71,2023,64.665385,-168.339855,8/10/2023 8:08,21720,Pacific cod,45,880,7570,8,1,NA,NA,NA,NA,NA
-23062,162,202302,27,71,71,2023,64.665385,-168.339855,8/10/2023 8:08,21720,Pacific cod,46,800,6080,6,1,NA,NA,NA,NA,NA
-23063,162,202302,28,71,71,2023,64.66966,-167.623415,8/10/2023 12:07,21720,Pacific cod,47,860,7005,7,2,NA,NA,NA,NA,NA
-23063,162,202302,28,71,71,2023,64.66966,-167.623415,8/10/2023 12:07,21720,Pacific cod,48,610,2938,4,2,NA,NA,NA,NA,NA
-23063,162,202302,28,71,71,2023,64.66966,-167.623415,8/10/2023 12:07,21720,Pacific cod,49,650,3260,5,2,NA,NA,NA,NA,NA
-23063,162,202302,28,71,71,2023,64.66966,-167.623415,8/10/2023 12:07,21720,Pacific cod,50,730,4030,5,2,NA,NA,NA,NA,NA
-23064,162,202302,29,71,71,2023,64.687975,-166.861775,8/10/2023 14:49,21720,Pacific cod,51,270,194,2,2,NA,NA,NA,NA,NA
-23064,162,202302,29,71,71,2023,64.687975,-166.861775,8/10/2023 14:49,21720,Pacific cod,52,140,20,1,1,NA,NA,NA,NA,NA
-23064,162,202302,29,71,71,2023,64.687975,-166.861775,8/10/2023 14:49,21720,Pacific cod,53,300,252,2,2,NA,NA,NA,NA,NA
-23064,162,202302,29,71,71,2023,64.687975,-166.861775,8/10/2023 14:49,21720,Pacific cod,54,130,16,1,2,NA,NA,NA,NA,NA
-23065,162,202302,30,71,71,2023,64.335255,-166.830965,8/10/2023 18:02,21720,Pacific cod,55,970,10840,NA,2,NA,NA,NA,NA,NA
-23065,162,202302,30,71,71,2023,64.335255,-166.830965,8/10/2023 18:02,21720,Pacific cod,56,750,4335,8,1,NA,NA,NA,NA,NA
-23065,162,202302,30,71,71,2023,64.335255,-166.830965,8/10/2023 18:02,21720,Pacific cod,57,360,465,2,2,NA,NA,NA,NA,NA
-23065,162,202302,30,71,71,2023,64.335255,-166.830965,8/10/2023 18:02,21720,Pacific cod,58,170,45,1,2,NA,NA,NA,NA,NA
-23065,162,202302,30,71,71,2023,64.335255,-166.830965,8/10/2023 18:02,21720,Pacific cod,59,170,45,1,1,NA,NA,NA,NA,NA
-23069,162,202302,31,71,71,2023,64.343155,-167.564375,8/11/2023 8:04,21720,Pacific cod,60,900,9715,7,2,NA,NA,NA,NA,NA
-23069,162,202302,31,71,71,2023,64.343155,-167.564375,8/11/2023 8:04,21720,Pacific cod,61,310,308,2,1,NA,NA,NA,NA,NA
-23069,162,202302,31,71,71,2023,64.343155,-167.564375,8/11/2023 8:04,21720,Pacific cod,62,370,582,2,1,NA,NA,NA,NA,NA
-23069,162,202302,31,71,71,2023,64.343155,-167.564375,8/11/2023 8:04,21720,Pacific cod,63,720,5040,7,1,NA,NA,NA,NA,NA
-23070,162,202302,33,71,71,2023,64.326695,-168.33837,8/11/2023 12:09,21720,Pacific cod,64,240,115,2,2,NA,NA,NA,NA,NA
-23071,162,202302,34,71,71,2023,64.012625,-168.303565,8/11/2023 14:31,21720,Pacific cod,65,720,4450,5,1,NA,NA,NA,NA,NA
-23071,162,202302,34,71,71,2023,64.012625,-168.303565,8/11/2023 14:31,21720,Pacific cod,66,780,6005,6,1,NA,NA,NA,NA,NA
-23072,162,202302,35,71,71,2023,63.685195,-168.2721,8/11/2023 17:00,21720,Pacific cod,67,620,2490,3,2,NA,NA,NA,NA,NA
-23072,162,202302,35,71,71,2023,63.685195,-168.2721,8/11/2023 17:00,21720,Pacific cod,68,700,4560,4,2,NA,NA,NA,NA,NA
-23072,162,202302,35,71,71,2023,63.685195,-168.2721,8/11/2023 17:00,21720,Pacific cod,69,360,425,2,1,NA,NA,NA,NA,NA
-23072,162,202302,35,71,71,2023,63.685195,-168.2721,8/11/2023 17:00,21720,Pacific cod,70,390,605,2,1,NA,NA,NA,NA,NA
-23077,162,202302,36,70,70,2023,63.010525,-168.216655,8/12/2023 8:05,21720,Pacific cod,71,560,2026,4,2,NA,NA,NA,NA,NA
-23077,162,202302,36,70,70,2023,63.010525,-168.216655,8/12/2023 8:05,21720,Pacific cod,72,690,4316,6,2,NA,NA,NA,NA,NA
-23077,162,202302,36,70,70,2023,63.010525,-168.216655,8/12/2023 8:05,21720,Pacific cod,73,630,3040,4,2,NA,NA,NA,NA,NA
-23077,162,202302,36,70,70,2023,63.010525,-168.216655,8/12/2023 8:05,21720,Pacific cod,74,950,9135,9,2,NA,NA,NA,NA,NA
-23078,162,202302,37,70,70,2023,62.868295,-168.83146,8/12/2023 10:48,21720,Pacific cod,75,280,222,2,1,NA,NA,NA,NA,NA
-23078,162,202302,37,70,70,2023,62.868295,-168.83146,8/12/2023 10:48,21720,Pacific cod,76,580,2308,4,1,NA,NA,NA,NA,NA
-23078,162,202302,37,70,70,2023,62.868295,-168.83146,8/12/2023 10:48,21720,Pacific cod,77,680,3420,6,1,NA,NA,NA,NA,NA
-23078,162,202302,37,70,70,2023,62.868295,-168.83146,8/12/2023 10:48,21720,Pacific cod,78,550,1850,3,2,NA,NA,NA,NA,NA
-23079,162,202302,38,70,70,2023,62.672485,-169.580125,8/12/2023 13:47,21720,Pacific cod,81,470,1025,3,1,NA,NA,NA,NA,NA
-23079,162,202302,38,70,70,2023,62.672485,-169.580125,8/12/2023 13:47,21720,Pacific cod,79,710,4046,5,2,NA,NA,NA,NA,NA
-23079,162,202302,38,70,70,2023,62.672485,-169.580125,8/12/2023 13:47,21720,Pacific cod,80,600,2370,5,1,NA,NA,NA,NA,NA
-23079,162,202302,38,70,70,2023,62.672485,-169.580125,8/12/2023 13:47,21720,Pacific cod,82,280,195,2,1,NA,NA,NA,NA,NA
-23080,162,202302,39,70,70,2023,62.67057,-170.337955,8/12/2023 16:36,21720,Pacific cod,83,530,1556,4,2,NA,NA,NA,NA,NA
-23080,162,202302,39,70,70,2023,62.67057,-170.337955,8/12/2023 16:36,21720,Pacific cod,84,700,3106,7,2,NA,NA,NA,NA,NA
-23080,162,202302,39,70,70,2023,62.67057,-170.337955,8/12/2023 16:36,21720,Pacific cod,85,250,158,2,1,NA,NA,NA,NA,NA
-23080,162,202302,39,70,70,2023,62.67057,-170.337955,8/12/2023 16:36,21720,Pacific cod,86,680,3408,7,1,NA,NA,NA,NA,NA
-23084,162,202302,40,70,70,2023,62.99212,-171.129155,8/13/2023 8:05,21720,Pacific cod,87,490,1222,3,1,NA,NA,NA,NA,NA
-23084,162,202302,40,70,70,2023,62.99212,-171.129155,8/13/2023 8:05,21720,Pacific cod,88,530,1710,5,1,NA,NA,NA,NA,NA
-23084,162,202302,40,70,70,2023,62.99212,-171.129155,8/13/2023 8:05,21720,Pacific cod,89,570,2090,4,1,NA,NA,NA,NA,NA
-23084,162,202302,40,70,70,2023,62.99212,-171.129155,8/13/2023 8:05,21720,Pacific cod,90,800,6730,NA,1,NA,NA,NA,NA,NA
-23085,162,202302,41,70,70,2023,62.98291,-171.796425,8/13/2023 10:53,21720,Pacific cod,91,610,2468,4,2,NA,NA,NA,NA,NA
-23085,162,202302,41,70,70,2023,62.98291,-171.796425,8/13/2023 10:53,21720,Pacific cod,92,570,1788,3,2,NA,NA,NA,NA,NA
-23085,162,202302,41,70,70,2023,62.98291,-171.796425,8/13/2023 10:53,21720,Pacific cod,93,600,2370,4,2,NA,NA,NA,NA,NA
-23085,162,202302,41,70,70,2023,62.98291,-171.796425,8/13/2023 10:53,21720,Pacific cod,94,670,3235,4,1,NA,NA,NA,NA,NA
-23086,162,202302,42,81,81,2023,63.325215,-172.58325,8/13/2023 15:29,21720,Pacific cod,95,840,7090,7,1,NA,NA,NA,NA,NA
-23098,162,202302,47,81,81,2023,62.66519,-172.5057,8/15/2023 15:28,21720,Pacific cod,96,590,2096,5,1,NA,NA,NA,NA,NA
-23102,162,202302,48,81,81,2023,62.332475,-172.420025,8/16/2023 8:21,21720,Pacific cod,97,870,7200,6,2,NA,NA,NA,NA,NA
-23102,162,202302,48,81,81,2023,62.332475,-172.420025,8/16/2023 8:21,21720,Pacific cod,98,630,2678,4,2,NA,NA,NA,NA,NA
-23102,162,202302,48,81,81,2023,62.332475,-172.420025,8/16/2023 8:21,21720,Pacific cod,99,600,1794,4,1,NA,NA,NA,NA,NA
-23102,162,202302,48,81,81,2023,62.332475,-172.420025,8/16/2023 8:21,21720,Pacific cod,100,710,4120,4,1,NA,NA,NA,NA,NA
-23103,162,202302,49,81,81,2023,62.33095,-171.745325,8/16/2023 10:47,21720,Pacific cod,101,530,1956,4,1,NA,NA,NA,NA,NA
-23103,162,202302,49,81,81,2023,62.33095,-171.745325,8/16/2023 10:47,21720,Pacific cod,102,830,5065,6,1,NA,NA,NA,NA,NA
-23103,162,202302,49,81,81,2023,62.33095,-171.745325,8/16/2023 10:47,21720,Pacific cod,103,540,1538,5,2,NA,NA,NA,NA,NA
-23103,162,202302,49,81,81,2023,62.33095,-171.745325,8/16/2023 10:47,21720,Pacific cod,104,630,3182,5,2,NA,NA,NA,NA,NA
-23104,162,202302,50,70,70,2023,62.331915,-171.05822,8/16/2023 13:10,21720,Pacific cod,105,570,2212,5,2,NA,NA,NA,NA,NA
-23104,162,202302,50,70,70,2023,62.331915,-171.05822,8/16/2023 13:10,21720,Pacific cod,106,560,2112,4,2,NA,NA,NA,NA,NA
-23104,162,202302,50,70,70,2023,62.331915,-171.05822,8/16/2023 13:10,21720,Pacific cod,107,530,1614,3,1,NA,NA,NA,NA,NA
-23104,162,202302,50,70,70,2023,62.331915,-171.05822,8/16/2023 13:10,21720,Pacific cod,108,530,1716,3,1,NA,NA,NA,NA,NA
-23105,162,202302,51,70,70,2023,62.33869,-170.315925,8/16/2023 15:46,21720,Pacific cod,109,570,1908,4,2,NA,NA,NA,NA,NA
-23105,162,202302,51,70,70,2023,62.33869,-170.315925,8/16/2023 15:46,21720,Pacific cod,110,310,276,2,1,NA,NA,NA,NA,NA
-23105,162,202302,51,70,70,2023,62.33869,-170.315925,8/16/2023 15:46,21720,Pacific cod,111,530,1472,4,2,NA,NA,NA,NA,NA
-23105,162,202302,51,70,70,2023,62.33869,-170.315925,8/16/2023 15:46,21720,Pacific cod,112,910,9805,7,1,NA,NA,NA,NA,NA
-23106,162,202302,52,70,70,2023,62.000045,-170.261115,8/16/2023 18:26,21720,Pacific cod,113,610,2372,5,1,NA,NA,NA,NA,NA
-23106,162,202302,52,70,70,2023,62.000045,-170.261115,8/16/2023 18:26,21720,Pacific cod,114,810,6210,8,1,NA,NA,NA,NA,NA
-23106,162,202302,52,70,70,2023,62.000045,-170.261115,8/16/2023 18:26,21720,Pacific cod,115,760,5500,7,2,NA,NA,NA,NA,NA
-23106,162,202302,52,70,70,2023,62.000045,-170.261115,8/16/2023 18:26,21720,Pacific cod,116,270,158,2,2,NA,NA,NA,NA,NA
-23107,162,202302,53,70,70,2023,62.00501,-170.9444,8/17/2023 8:17,21720,Pacific cod,117,620,2730,5,2,NA,NA,NA,NA,NA
-23107,162,202302,53,70,70,2023,62.00501,-170.9444,8/17/2023 8:17,21720,Pacific cod,118,660,3008,5,2,NA,NA,NA,NA,NA
-23107,162,202302,53,70,70,2023,62.00501,-170.9444,8/17/2023 8:17,21720,Pacific cod,119,920,9646,7,2,NA,NA,NA,NA,NA
-23107,162,202302,53,70,70,2023,62.00501,-170.9444,8/17/2023 8:17,21720,Pacific cod,120,920,9700,6,2,NA,NA,NA,NA,NA
-23107,162,202302,53,70,70,2023,62.00501,-170.9444,8/17/2023 8:17,21720,Pacific cod,121,550,1755,4,2,NA,NA,NA,NA,NA
-23108,162,202302,54,70,70,2023,62.002845,-171.61872,8/17/2023 11:15,21720,Pacific cod,122,650,3370,5,2,NA,NA,NA,NA,NA
-23108,162,202302,54,70,70,2023,62.002845,-171.61872,8/17/2023 11:15,21720,Pacific cod,123,520,1545,3,2,NA,NA,NA,NA,NA
-23108,162,202302,54,70,70,2023,62.002845,-171.61872,8/17/2023 11:15,21720,Pacific cod,124,630,3815,5,1,NA,NA,NA,NA,NA
-23108,162,202302,54,70,70,2023,62.002845,-171.61872,8/17/2023 11:15,21720,Pacific cod,125,550,1760,4,1,NA,NA,NA,NA,NA
-23109,162,202302,55,81,81,2023,62.001605,-172.33696,8/17/2023 14:16,21720,Pacific cod,129,640,2760,5,1,NA,NA,NA,NA,NA
-23109,162,202302,55,81,81,2023,62.001605,-172.33696,8/17/2023 14:16,21720,Pacific cod,126,810,7025,7,2,NA,NA,NA,NA,NA
-23109,162,202302,55,81,81,2023,62.001605,-172.33696,8/17/2023 14:16,21720,Pacific cod,127,750,5135,6,2,NA,NA,NA,NA,NA
-23109,162,202302,55,81,81,2023,62.001605,-172.33696,8/17/2023 14:16,21720,Pacific cod,128,710,3855,6,1,NA,NA,NA,NA,NA
-23110,162,202302,56,81,81,2023,62.006165,-173.052805,8/17/2023 17:13,21720,Pacific cod,130,700,3395,6,1,NA,NA,NA,NA,NA
-23110,162,202302,56,81,81,2023,62.006165,-173.052805,8/17/2023 17:13,21720,Pacific cod,131,560,1650,4,1,NA,NA,NA,NA,NA
-23110,162,202302,56,81,81,2023,62.006165,-173.052805,8/17/2023 17:13,21720,Pacific cod,132,780,4930,7,2,NA,NA,NA,NA,NA
-23112,162,202302,58,81,81,2023,61.333845,-172.26464,8/18/2023 11:00,21720,Pacific cod,133,590,2100,4,1,NA,NA,NA,NA,NA
-23112,162,202302,58,81,81,2023,61.333845,-172.26464,8/18/2023 11:00,21720,Pacific cod,134,150,28,1,1,NA,NA,NA,NA,NA
-23112,162,202302,58,81,81,2023,61.333845,-172.26464,8/18/2023 11:00,21720,Pacific cod,135,380,612,2,2,NA,NA,NA,NA,NA
-23113,162,202302,59,81,81,2023,61.333615,-171.527505,8/18/2023 13:42,21720,Pacific cod,136,270,192,2,1,NA,NA,NA,NA,NA
-23113,162,202302,59,81,81,2023,61.333615,-171.527505,8/18/2023 13:42,21720,Pacific cod,137,610,2446,4,1,NA,NA,NA,NA,NA
-23113,162,202302,59,81,81,2023,61.333615,-171.527505,8/18/2023 13:42,21720,Pacific cod,138,930,9095,8,2,NA,NA,NA,NA,NA
-23113,162,202302,59,81,81,2023,61.333615,-171.527505,8/18/2023 13:42,21720,Pacific cod,139,740,5425,6,2,NA,NA,NA,NA,NA
-23114,162,202302,60,81,81,2023,61.653885,-171.581645,8/18/2023 16:27,21720,Pacific cod,140,570,2090,5,2,NA,NA,NA,NA,NA
-23114,162,202302,60,81,81,2023,61.653885,-171.581645,8/18/2023 16:27,21720,Pacific cod,141,570,2005,4,2,NA,NA,NA,NA,NA
-23114,162,202302,60,81,81,2023,61.653885,-171.581645,8/18/2023 16:27,21720,Pacific cod,142,490,1260,3,2,NA,NA,NA,NA,NA
-23114,162,202302,60,81,81,2023,61.653885,-171.581645,8/18/2023 16:27,21720,Pacific cod,143,660,3445,5,2,NA,NA,NA,NA,NA
-23114,162,202302,60,81,81,2023,61.653885,-171.581645,8/18/2023 16:27,21720,Pacific cod,144,150,26,1,2,NA,NA,NA,NA,NA
-23115,162,202302,61,81,81,2023,61.667885,-170.89998,8/18/2023 19:05,21720,Pacific cod,145,590,2200,5,2,NA,NA,NA,NA,NA
-23115,162,202302,61,81,81,2023,61.667885,-170.89998,8/18/2023 19:05,21720,Pacific cod,146,800,5935,6,1,NA,NA,NA,NA,NA
-23115,162,202302,61,81,81,2023,61.667885,-170.89998,8/18/2023 19:05,21720,Pacific cod,147,280,205,2,2,NA,NA,NA,NA,NA
-23115,162,202302,61,81,81,2023,61.667885,-170.89998,8/18/2023 19:05,21720,Pacific cod,148,290,225,2,1,NA,NA,NA,NA,NA
-23121,162,202302,62,81,81,2023,61.003975,-170.821735,8/19/2023 8:26,21720,Pacific cod,149,610,2522,5,2,NA,NA,NA,NA,NA
-23121,162,202302,62,81,81,2023,61.003975,-170.821735,8/19/2023 8:26,21720,Pacific cod,150,530,1678,5,2,NA,NA,NA,NA,NA
-23121,162,202302,62,81,81,2023,61.003975,-170.821735,8/19/2023 8:26,21720,Pacific cod,151,560,1798,4,2,NA,NA,NA,NA,NA
-23121,162,202302,62,81,81,2023,61.003975,-170.821735,8/19/2023 8:26,21720,Pacific cod,152,840,7675,7,2,NA,NA,NA,NA,NA
-23121,162,202302,62,81,81,2023,61.003975,-170.821735,8/19/2023 8:26,21720,Pacific cod,153,860,7800,8,2,NA,NA,NA,NA,NA
-23122,162,202302,63,70,70,2023,61.334315,-170.173255,8/19/2023 11:43,21720,Pacific cod,154,640,2508,4,2,NA,NA,NA,NA,NA
-23122,162,202302,63,70,70,2023,61.334315,-170.173255,8/19/2023 11:43,21720,Pacific cod,155,540,1586,4,2,NA,NA,NA,NA,NA
-23122,162,202302,63,70,70,2023,61.334315,-170.173255,8/19/2023 11:43,21720,Pacific cod,156,770,4910,7,1,NA,NA,NA,NA,NA
-23122,162,202302,63,70,70,2023,61.334315,-170.173255,8/19/2023 11:43,21720,Pacific cod,157,630,3005,5,1,NA,NA,NA,NA,NA
-23123,162,202302,64,70,70,2023,61.335715,-169.448875,8/19/2023 14:30,21720,Pacific cod,158,310,272,2,1,NA,NA,NA,NA,NA
-23123,162,202302,64,70,70,2023,61.335715,-169.448875,8/19/2023 14:30,21720,Pacific cod,159,360,448,2,1,NA,NA,NA,NA,NA
-23123,162,202302,64,70,70,2023,61.335715,-169.448875,8/19/2023 14:30,21720,Pacific cod,160,760,5340,6,1,NA,NA,NA,NA,NA
-23123,162,202302,64,70,70,2023,61.335715,-169.448875,8/19/2023 14:30,21720,Pacific cod,161,340,398,2,1,NA,NA,NA,NA,NA
-23124,162,202302,65,70,70,2023,61.02178,-168.73981,8/19/2023 18:04,21720,Pacific cod,162,190,58,1,1,NA,NA,NA,NA,NA
-23124,162,202302,65,70,70,2023,61.02178,-168.73981,8/19/2023 18:04,21720,Pacific cod,163,190,58,1,1,NA,NA,NA,NA,NA
-23124,162,202302,65,70,70,2023,61.02178,-168.73981,8/19/2023 18:04,21720,Pacific cod,164,620,2360,5,2,NA,NA,NA,NA,NA
-23124,162,202302,65,70,70,2023,61.02178,-168.73981,8/19/2023 18:04,21720,Pacific cod,165,640,2874,5,1,NA,NA,NA,NA,NA
-23125,162,202302,66,70,70,2023,60.6709,-170.053705,8/20/2023 8:18,21720,Pacific cod,166,390,600,2,1,NA,NA,NA,NA,NA
-23125,162,202302,66,70,70,2023,60.6709,-170.053705,8/20/2023 8:18,21720,Pacific cod,167,520,1416,4,2,NA,NA,NA,NA,NA
-23125,162,202302,66,70,70,2023,60.6709,-170.053705,8/20/2023 8:18,21720,Pacific cod,168,280,204,2,2,NA,NA,NA,NA,NA
-23125,162,202302,66,70,70,2023,60.6709,-170.053705,8/20/2023 8:18,21720,Pacific cod,169,330,356,2,1,NA,NA,NA,NA,NA
-23125,162,202302,66,70,70,2023,60.6709,-170.053705,8/20/2023 8:18,21720,Pacific cod,170,200,70,1,1,NA,NA,NA,NA,NA
-23126,162,202302,67,70,70,2023,60.67695,-169.368495,8/20/2023 10:57,21720,Pacific cod,171,670,3232,4,2,NA,NA,NA,NA,NA
-23126,162,202302,67,70,70,2023,60.67695,-169.368495,8/20/2023 10:57,21720,Pacific cod,172,490,1204,4,1,NA,NA,NA,NA,NA
-23126,162,202302,67,70,70,2023,60.67695,-169.368495,8/20/2023 10:57,21720,Pacific cod,173,300,240,2,1,NA,NA,NA,NA,NA
-23126,162,202302,67,70,70,2023,60.67695,-169.368495,8/20/2023 10:57,21720,Pacific cod,174,280,194,2,2,NA,NA,NA,NA,NA
-24788,134,202502,1,81,81,2025,62.003165,-173.01432,7/27/2025 8:10,21720,Pacific cod,1,290,202,NA,1,NA,NA,NA,NA,NA
-24788,134,202502,1,81,81,2025,62.003165,-173.01432,7/27/2025 8:10,21720,Pacific cod,2,150,24,NA,3,NA,NA,NA,NA,NA
-24798,134,202502,2,81,81,2025,61.99319,-172.369015,7/27/2025 11:10,21720,Pacific cod,3,520,1167,NA,1,NA,NA,NA,NA,NA
-24798,134,202502,2,81,81,2025,61.99319,-172.369015,7/27/2025 11:10,21720,Pacific cod,4,250,128,NA,2,NA,NA,NA,NA,NA
-24798,134,202502,2,81,81,2025,61.99319,-172.369015,7/27/2025 11:10,21720,Pacific cod,5,280,196,NA,1,NA,NA,NA,NA,NA
-24799,134,202502,3,81,81,2025,61.673935,-172.268045,7/27/2025 13:57,21720,Pacific cod,6,290,229,NA,1,NA,NA,NA,NA,NA
-24799,134,202502,3,81,81,2025,61.673935,-172.268045,7/27/2025 13:57,21720,Pacific cod,7,450,1035,NA,1,NA,NA,NA,NA,NA
-24799,134,202502,3,81,81,2025,61.673935,-172.268045,7/27/2025 13:57,21720,Pacific cod,8,430,755,NA,1,NA,NA,NA,NA,NA
-24799,134,202502,3,81,81,2025,61.673935,-172.268045,7/27/2025 13:57,21720,Pacific cod,9,800,6366,NA,2,NA,NA,NA,NA,NA
-24800,134,202502,4,81,81,2025,61.665955,-171.59011,7/27/2025 16:34,21720,Pacific cod,10,480,1122,NA,1,NA,NA,NA,NA,NA
-24800,134,202502,4,81,81,2025,61.665955,-171.59011,7/27/2025 16:34,21720,Pacific cod,11,570,1630,NA,1,NA,NA,NA,NA,NA
-24800,134,202502,4,81,81,2025,61.665955,-171.59011,7/27/2025 16:34,21720,Pacific cod,12,520,1736,NA,1,NA,NA,NA,NA,NA
-24800,134,202502,4,81,81,2025,61.665955,-171.59011,7/27/2025 16:34,21720,Pacific cod,13,640,3262,NA,1,NA,NA,NA,NA,NA
-24805,134,202502,5,70,70,2025,61.66155,-170.19268,7/28/2025 7:51,21720,Pacific cod,14,340,319,NA,2,NA,NA,NA,NA,NA
-24805,134,202502,5,70,70,2025,61.66155,-170.19268,7/28/2025 7:51,21720,Pacific cod,15,460,1055,NA,2,NA,NA,NA,NA,NA
-24805,134,202502,5,70,70,2025,61.66155,-170.19268,7/28/2025 7:51,21720,Pacific cod,16,250,128,NA,2,NA,NA,NA,NA,NA
-24805,134,202502,5,70,70,2025,61.66155,-170.19268,7/28/2025 7:51,21720,Pacific cod,17,190,53,NA,1,NA,NA,NA,NA,NA
-24806,134,202502,6,70,70,2025,62.00012,-170.25527,7/28/2025 10:38,21720,Pacific cod,18,600,2132,NA,1,NA,NA,NA,NA,NA
-24806,134,202502,6,70,70,2025,62.00012,-170.25527,7/28/2025 10:38,21720,Pacific cod,19,550,1507,NA,2,NA,NA,NA,NA,NA
-24806,134,202502,6,70,70,2025,62.00012,-170.25527,7/28/2025 10:38,21720,Pacific cod,20,720,4157,NA,1,NA,NA,NA,NA,NA
-24806,134,202502,6,70,70,2025,62.00012,-170.25527,7/28/2025 10:38,21720,Pacific cod,21,290,230,NA,1,NA,NA,NA,NA,NA
-24807,134,202502,7,70,70,2025,62.02468,-169.57123,7/28/2025 13:22,21720,Pacific cod,22,300,241,NA,2,NA,NA,NA,NA,NA
-24807,134,202502,7,70,70,2025,62.02468,-169.57123,7/28/2025 13:22,21720,Pacific cod,23,300,222,NA,2,NA,NA,NA,NA,NA
-24807,134,202502,7,70,70,2025,62.02468,-169.57123,7/28/2025 13:22,21720,Pacific cod,24,170,42,NA,1,NA,NA,NA,NA,NA
-24808,134,202502,8,70,70,2025,62.314935,-169.55421,7/28/2025 16:00,21720,Pacific cod,25,690,3566,NA,2,NA,NA,NA,NA,NA
-24808,134,202502,8,70,70,2025,62.314935,-169.55421,7/28/2025 16:00,21720,Pacific cod,26,680,3267,NA,2,NA,NA,NA,NA,NA
-24808,134,202502,8,70,70,2025,62.314935,-169.55421,7/28/2025 16:00,21720,Pacific cod,27,570,2079,NA,1,NA,NA,NA,NA,NA
-24808,134,202502,8,70,70,2025,62.314935,-169.55421,7/28/2025 16:00,21720,Pacific cod,28,340,353,NA,1,NA,NA,NA,NA,NA
-24823,134,202502,9,70,70,2025,62.661645,-168.20034,7/29/2025 7:50,21720,Pacific cod,29,650,2899,NA,1,NA,NA,NA,NA,NA
-24823,134,202502,9,70,70,2025,62.661645,-168.20034,7/29/2025 7:50,21720,Pacific cod,30,290,243,NA,1,NA,NA,NA,NA,NA
-24823,134,202502,9,70,70,2025,62.661645,-168.20034,7/29/2025 7:50,21720,Pacific cod,31,310,268,NA,2,NA,NA,NA,NA,NA
-24823,134,202502,9,70,70,2025,62.661645,-168.20034,7/29/2025 7:50,21720,Pacific cod,32,320,285,NA,2,NA,NA,NA,NA,NA
-24825,134,202502,11,70,70,2025,62.9992,-167.482925,7/29/2025 13:21,21720,Pacific cod,33,790,6687,NA,2,NA,NA,NA,NA,NA
-24825,134,202502,11,70,70,2025,62.9992,-167.482925,7/29/2025 13:21,21720,Pacific cod,34,810,6637,NA,2,NA,NA,NA,NA,NA
-24825,134,202502,11,70,70,2025,62.9992,-167.482925,7/29/2025 13:21,21720,Pacific cod,35,720,4325,NA,2,NA,NA,NA,NA,NA
-24825,134,202502,11,70,70,2025,62.9992,-167.482925,7/29/2025 13:21,21720,Pacific cod,36,810,6383,NA,2,NA,NA,NA,NA,NA
-24826,134,202502,12,71,71,2025,63.33477,-167.502915,7/29/2025 16:01,21720,Pacific cod,37,120,17,NA,1,NA,NA,NA,NA,NA
-24826,134,202502,12,71,71,2025,63.33477,-167.502915,7/29/2025 16:01,21720,Pacific cod,38,140,27,NA,2,NA,NA,NA,NA,NA
-24851,134,202502,16,71,71,2025,64.69391,-167.60511,8/3/2025 7:19,21720,Pacific cod,48,820,6425,NA,2,NA,NA,NA,NA,NA
-24834,134,202502,13,71,71,2025,63.335755,-166.72391,7/30/2025 7:50,21720,Pacific cod,39,800,6233,NA,2,NA,NA,NA,NA,NA
-24834,134,202502,13,71,71,2025,63.335755,-166.72391,7/30/2025 7:50,21720,Pacific cod,40,740,4554,NA,2,NA,NA,NA,NA,NA
-24834,134,202502,13,71,71,2025,63.335755,-166.72391,7/30/2025 7:50,21720,Pacific cod,41,780,5342,NA,1,NA,NA,NA,NA,NA
-24834,134,202502,13,71,71,2025,63.335755,-166.72391,7/30/2025 7:50,21720,Pacific cod,42,170,43,NA,1,NA,NA,NA,NA,NA
-24835,134,202502,14,71,71,2025,63.333165,-166.04532,7/30/2025 10:21,21720,Pacific cod,43,790,5919,NA,2,NA,NA,NA,NA,NA
-24835,134,202502,14,71,71,2025,63.333165,-166.04532,7/30/2025 10:21,21720,Pacific cod,44,720,4010,NA,1,NA,NA,NA,NA,NA
-24835,134,202502,14,71,71,2025,63.333165,-166.04532,7/30/2025 10:21,21720,Pacific cod,45,750,5330,NA,2,NA,NA,NA,NA,NA
-24835,134,202502,14,71,71,2025,63.333165,-166.04532,7/30/2025 10:21,21720,Pacific cod,46,750,4999,NA,2,NA,NA,NA,NA,NA
-24842,134,202502,15,71,71,2025,64.663575,-166.823615,8/2/2025 12:46,21720,Pacific cod,47,280,207,NA,1,NA,NA,NA,NA,NA
-24859,134,202502,20,71,71,2025,64.997205,-168.356555,8/4/2025 7:25,21720,Pacific cod,52,720,3778,NA,1,NA,NA,NA,NA,NA
-24859,134,202502,20,71,71,2025,64.997205,-168.356555,8/4/2025 7:25,21720,Pacific cod,53,450,1123,NA,2,NA,NA,NA,NA,NA
-24859,134,202502,20,71,71,2025,64.997205,-168.356555,8/4/2025 7:25,21720,Pacific cod,49,210,85,NA,1,NA,NA,NA,NA,NA
-24859,134,202502,20,71,71,2025,64.997205,-168.356555,8/4/2025 7:25,21720,Pacific cod,50,620,2462,NA,2,NA,NA,NA,NA,NA
-24859,134,202502,20,71,71,2025,64.997205,-168.356555,8/4/2025 7:25,21720,Pacific cod,51,760,5102,NA,1,NA,NA,NA,NA,NA
-24860,134,202502,21,71,71,2025,64.668805,-168.36763,8/4/2025 10:35,21720,Pacific cod,54,640,2749,NA,2,NA,NA,NA,NA,NA
-24860,134,202502,21,71,71,2025,64.668805,-168.36763,8/4/2025 10:35,21720,Pacific cod,55,790,6300,NA,2,NA,NA,NA,NA,NA
-24860,134,202502,21,71,71,2025,64.668805,-168.36763,8/4/2025 10:35,21720,Pacific cod,56,300,261,NA,1,NA,NA,NA,NA,NA
-24860,134,202502,21,71,71,2025,64.668805,-168.36763,8/4/2025 10:35,21720,Pacific cod,57,200,116,NA,1,NA,NA,NA,NA,NA
-24860,134,202502,21,71,71,2025,64.668805,-168.36763,8/4/2025 10:35,21720,Pacific cod,58,220,106,NA,2,NA,NA,NA,NA,NA
-24862,134,202502,23,71,71,2025,65.0165,-169.117765,8/4/2025 16:08,21720,Pacific cod,59,870,9305,NA,1,NA,NA,NA,NA,NA
-24862,134,202502,23,71,71,2025,65.0165,-169.117765,8/4/2025 16:08,21720,Pacific cod,60,890,10519,NA,2,NA,NA,NA,NA,NA
-24862,134,202502,23,71,71,2025,65.0165,-169.117765,8/4/2025 16:08,21720,Pacific cod,61,270,188,NA,2,NA,NA,NA,NA,NA
-24863,134,202502,24,71,71,2025,65.227095,-168.89809,8/5/2025 7:22,21720,Pacific cod,62,820,7277,NA,1,NA,NA,NA,NA,NA
-24864,134,202502,25,71,71,2025,64.959485,-169.85947,8/5/2025 11:15,21720,Pacific cod,63,140,20,NA,3,NA,NA,NA,NA,NA
-24865,134,202502,26,71,71,2025,64.65416,-169.901115,8/5/2025 13:45,21720,Pacific cod,64,1010,11637,NA,2,NA,NA,NA,NA,NA
-24865,134,202502,26,71,71,2025,64.65416,-169.901115,8/5/2025 13:45,21720,Pacific cod,65,610,3099,NA,2,NA,NA,NA,NA,NA
-24865,134,202502,26,71,71,2025,64.65416,-169.901115,8/5/2025 13:45,21720,Pacific cod,66,270,173,NA,1,NA,NA,NA,NA,NA
-24871,134,202502,28,71,71,2025,64.241165,-171.083035,8/6/2025 7:21,21720,Pacific cod,67,230,116,NA,2,NA,NA,NA,NA,NA
-24872,134,202502,29,71,71,2025,64.01314,-171.79293,8/6/2025 10:36,21720,Pacific cod,68,450,1038,NA,2,NA,NA,NA,NA,NA
-24872,134,202502,29,71,71,2025,64.01314,-171.79293,8/6/2025 10:36,21720,Pacific cod,69,360,626,NA,2,NA,NA,NA,NA,NA
-24873,134,202502,30,71,71,2025,63.994965,-171.328945,8/6/2025 13:29,21720,Pacific cod,70,270,177,NA,2,NA,NA,NA,NA,NA
-24873,134,202502,30,71,71,2025,63.994965,-171.328945,8/6/2025 13:29,21720,Pacific cod,71,270,186,NA,2,NA,NA,NA,NA,NA
-24874,134,202502,31,71,71,2025,63.699575,-171.03617,8/6/2025 16:12,21720,Pacific cod,72,160,33,NA,2,NA,NA,NA,NA,NA
-24874,134,202502,31,71,71,2025,63.699575,-171.03617,8/6/2025 16:12,21720,Pacific cod,73,290,235,NA,1,NA,NA,NA,NA,NA
-24874,134,202502,31,71,71,2025,63.699575,-171.03617,8/6/2025 16:12,21720,Pacific cod,74,290,228,NA,2,NA,NA,NA,NA,NA
-24882,134,202502,35,81,81,2025,63.339,-173.37675,8/7/2025 16:01,21720,Pacific cod,81,280,214,NA,1,NA,NA,NA,NA,NA
-24882,134,202502,35,81,81,2025,63.339,-173.37675,8/7/2025 16:01,21720,Pacific cod,82,250,123,NA,1,NA,NA,NA,NA,NA
-24882,134,202502,35,81,81,2025,63.339,-173.37675,8/7/2025 16:01,21720,Pacific cod,83,140,21,NA,3,NA,NA,NA,NA,NA
-24882,134,202502,35,81,81,2025,63.339,-173.37675,8/7/2025 16:01,21720,Pacific cod,84,140,18,NA,3,NA,NA,NA,NA,NA
-24879,134,202502,32,70,70,2025,63.532495,-171.997175,8/7/2025 7:37,21720,Pacific cod,75,800,4745,NA,2,NA,NA,NA,NA,NA
-24879,134,202502,32,70,70,2025,63.532495,-171.997175,8/7/2025 7:37,21720,Pacific cod,76,690,3937,NA,2,NA,NA,NA,NA,NA
-24879,134,202502,32,70,70,2025,63.532495,-171.997175,8/7/2025 7:37,21720,Pacific cod,77,770,4243,NA,2,NA,NA,NA,NA,NA
-24879,134,202502,32,70,70,2025,63.532495,-171.997175,8/7/2025 7:37,21720,Pacific cod,78,660,3208,NA,1,NA,NA,NA,NA,NA
-24881,134,202502,34,81,81,2025,63.328585,-172.683035,8/7/2025 13:23,21720,Pacific cod,79,330,314,NA,2,NA,NA,NA,NA,NA
-24881,134,202502,34,81,81,2025,63.328585,-172.683035,8/7/2025 13:23,21720,Pacific cod,80,250,144,NA,2,NA,NA,NA,NA,NA
-24896,134,202502,40,81,81,2025,62.334525,-175.273895,8/9/2025 8:08,21720,Pacific cod,85,610,2578,NA,1,NA,NA,NA,NA,NA
-24896,134,202502,40,81,81,2025,62.334525,-175.273895,8/9/2025 8:08,21720,Pacific cod,86,200,67,NA,1,NA,NA,NA,NA,NA
-24896,134,202502,40,81,81,2025,62.334525,-175.273895,8/9/2025 8:08,21720,Pacific cod,87,180,55,NA,1,NA,NA,NA,NA,NA
-24898,134,202502,42,81,81,2025,62.33217,-173.827395,8/9/2025 13:44,21720,Pacific cod,88,270,175,NA,2,NA,NA,NA,NA,NA
-24899,134,202502,43,81,81,2025,62.333705,-173.14897,8/9/2025 16:21,21720,Pacific cod,89,440,750,NA,2,NA,NA,NA,NA,NA
-24899,134,202502,43,81,81,2025,62.333705,-173.14897,8/9/2025 16:21,21720,Pacific cod,90,480,1750,NA,2,NA,NA,NA,NA,NA
-24912,134,202502,48,70,70,2025,63.203655,-171.16944,8/12/2025 8:06,21720,Pacific cod,97,620,1678,NA,2,NA,NA,NA,NA,NA
-24912,134,202502,48,70,70,2025,63.203655,-171.16944,8/12/2025 8:06,21720,Pacific cod,98,240,118,NA,2,NA,NA,NA,NA,NA
-24912,134,202502,48,70,70,2025,63.203655,-171.16944,8/12/2025 8:06,21720,Pacific cod,99,160,28,NA,2,NA,NA,NA,NA,NA
-24906,134,202502,46,70,70,2025,63.016155,-171.8951,8/10/2025 14:19,21720,Pacific cod,91,470,1091,NA,2,NA,NA,NA,NA,NA
-24906,134,202502,46,70,70,2025,63.016155,-171.8951,8/10/2025 14:19,21720,Pacific cod,92,280,179,NA,2,NA,NA,NA,NA,NA
-24907,134,202502,47,70,70,2025,63.24507,-172.010785,8/10/2025 16:41,21720,Pacific cod,93,270,189,NA,1,NA,NA,NA,NA,NA
-24907,134,202502,47,70,70,2025,63.24507,-172.010785,8/10/2025 16:41,21720,Pacific cod,94,680,3119,NA,1,NA,NA,NA,NA,NA
-24907,134,202502,47,70,70,2025,63.24507,-172.010785,8/10/2025 16:41,21720,Pacific cod,95,270,148,NA,2,NA,NA,NA,NA,NA
-24907,134,202502,47,70,70,2025,63.24507,-172.010785,8/10/2025 16:41,21720,Pacific cod,96,150,27,NA,1,NA,NA,NA,NA,NA
-24913,134,202502,49,70,70,2025,63.000405,-171.124265,8/12/2025 10:05,21720,Pacific cod,101,620,2333,NA,1,NA,NA,NA,NA,NA
-24913,134,202502,49,70,70,2025,63.000405,-171.124265,8/12/2025 10:05,21720,Pacific cod,102,680,3331,NA,1,NA,NA,NA,NA,NA
-24913,134,202502,49,70,70,2025,63.000405,-171.124265,8/12/2025 10:05,21720,Pacific cod,103,600,2329,NA,1,NA,NA,NA,NA,NA
-24915,134,202502,51,70,70,2025,62.669035,-169.64025,8/12/2025 16:19,21720,Pacific cod,109,340,358,NA,1,NA,NA,NA,NA,NA
-24915,134,202502,51,70,70,2025,62.669035,-169.64025,8/12/2025 16:19,21720,Pacific cod,110,300,260,NA,1,NA,NA,NA,NA,NA
-24915,134,202502,51,70,70,2025,62.669035,-169.64025,8/12/2025 16:19,21720,Pacific cod,111,730,4658,NA,1,NA,NA,NA,NA,NA
-24915,134,202502,51,70,70,2025,62.669035,-169.64025,8/12/2025 16:19,21720,Pacific cod,112,600,2453,NA,2,NA,NA,NA,NA,NA
-24915,134,202502,51,70,70,2025,62.669035,-169.64025,8/12/2025 16:19,21720,Pacific cod,113,150,26,NA,3,NA,NA,NA,NA,NA
-24920,134,202502,52,70,70,2025,62.666685,-170.365395,8/13/2025 7:56,21720,Pacific cod,114,620,2400,NA,1,NA,NA,NA,NA,NA
-24920,134,202502,52,70,70,2025,62.666685,-170.365395,8/13/2025 7:56,21720,Pacific cod,115,750,4865,NA,1,NA,NA,NA,NA,NA
-24920,134,202502,52,70,70,2025,62.666685,-170.365395,8/13/2025 7:56,21720,Pacific cod,116,840,7472,NA,2,NA,NA,NA,NA,NA
-24920,134,202502,52,70,70,2025,62.666685,-170.365395,8/13/2025 7:56,21720,Pacific cod,117,590,2105,NA,2,NA,NA,NA,NA,NA
-24920,134,202502,52,70,70,2025,62.666685,-170.365395,8/13/2025 7:56,21720,Pacific cod,118,310,256,NA,2,NA,NA,NA,NA,NA
-24920,134,202502,52,70,70,2025,62.666685,-170.365395,8/13/2025 7:56,21720,Pacific cod,119,160,38,NA,1,NA,NA,NA,NA,NA
-24921,134,202502,53,70,70,2025,62.67005,-171.07992,8/13/2025 11:02,21720,Pacific cod,120,650,3175,NA,1,NA,NA,NA,NA,NA
-24921,134,202502,53,70,70,2025,62.67005,-171.07992,8/13/2025 11:02,21720,Pacific cod,121,600,2076,NA,2,NA,NA,NA,NA,NA
-24921,134,202502,53,70,70,2025,62.67005,-171.07992,8/13/2025 11:02,21720,Pacific cod,122,520,1555,NA,1,NA,NA,NA,NA,NA
-24921,134,202502,53,70,70,2025,62.67005,-171.07992,8/13/2025 11:02,21720,Pacific cod,123,720,4222,NA,2,NA,NA,NA,NA,NA
-24921,134,202502,53,70,70,2025,62.67005,-171.07992,8/13/2025 11:02,21720,Pacific cod,124,290,223,NA,2,NA,NA,NA,NA,NA
-24922,134,202502,54,70,70,2025,62.66747,-171.820455,8/13/2025 14:35,21720,Pacific cod,125,390,554,NA,1,NA,NA,NA,NA,NA
-24922,134,202502,54,70,70,2025,62.66747,-171.820455,8/13/2025 14:35,21720,Pacific cod,126,700,3493,NA,1,NA,NA,NA,NA,NA
-24923,134,202502,55,81,81,2025,62.66599,-172.463955,8/13/2025 17:10,21720,Pacific cod,127,390,518,NA,2,NA,NA,NA,NA,NA
-24923,134,202502,55,81,81,2025,62.66599,-172.463955,8/13/2025 17:10,21720,Pacific cod,128,280,190,NA,1,NA,NA,NA,NA,NA
-24923,134,202502,55,81,81,2025,62.66599,-172.463955,8/13/2025 17:10,21720,Pacific cod,129,260,150,NA,1,NA,NA,NA,NA,NA
-24923,134,202502,55,81,81,2025,62.66599,-172.463955,8/13/2025 17:10,21720,Pacific cod,130,180,45,NA,1,NA,NA,NA,NA,NA
-24928,134,202502,56,81,81,2025,62.3331,-172.403725,8/14/2025 8:06,21720,Pacific cod,131,520,1471,NA,2,NA,NA,NA,NA,NA
-24929,134,202502,57,81,81,2025,62.337195,-171.731475,8/14/2025 11:14,21720,Pacific cod,132,410,712,NA,2,NA,NA,NA,NA,NA
-24929,134,202502,57,81,81,2025,62.337195,-171.731475,8/14/2025 11:14,21720,Pacific cod,133,280,190,NA,2,NA,NA,NA,NA,NA
-24929,134,202502,57,81,81,2025,62.337195,-171.731475,8/14/2025 11:14,21720,Pacific cod,134,740,4115,NA,2,NA,NA,NA,NA,NA
-24930,134,202502,58,70,70,2025,62.34269,-171.02377,8/14/2025 13:49,21720,Pacific cod,135,560,1698,NA,1,NA,NA,NA,NA,NA
-24930,134,202502,58,70,70,2025,62.34269,-171.02377,8/14/2025 13:49,21720,Pacific cod,136,680,3365,NA,2,NA,NA,NA,NA,NA
-24930,134,202502,58,70,70,2025,62.34269,-171.02377,8/14/2025 13:49,21720,Pacific cod,137,620,2432,NA,2,NA,NA,NA,NA,NA
-24930,134,202502,58,70,70,2025,62.34269,-171.02377,8/14/2025 13:49,21720,Pacific cod,138,740,4493,NA,2,NA,NA,NA,NA,NA
-24937,134,202502,61,70,70,2025,61.99383,-170.97078,8/15/2025 10:50,21720,Pacific cod,146,290,193,NA,2,NA,NA,NA,NA,NA
-24937,134,202502,61,70,70,2025,61.99383,-170.97078,8/15/2025 10:50,21720,Pacific cod,147,290,225,NA,2,NA,NA,NA,NA,NA
-24937,134,202502,61,70,70,2025,61.99383,-170.97078,8/15/2025 10:50,21720,Pacific cod,148,250,125,NA,1,NA,NA,NA,NA,NA
-24931,134,202502,59,70,70,2025,62.3312,-170.2849,8/14/2025 16:25,21720,Pacific cod,139,630,2389,NA,1,NA,NA,NA,NA,NA
-24931,134,202502,59,70,70,2025,62.3312,-170.2849,8/14/2025 16:25,21720,Pacific cod,140,890,7905,NA,2,NA,NA,NA,NA,NA
-24931,134,202502,59,70,70,2025,62.3312,-170.2849,8/14/2025 16:25,21720,Pacific cod,141,680,3394,NA,1,NA,NA,NA,NA,NA
-24931,134,202502,59,70,70,2025,62.3312,-170.2849,8/14/2025 16:25,21720,Pacific cod,142,310,275,NA,2,NA,NA,NA,NA,NA
-24936,134,202502,60,70,70,2025,62.003565,-171.63108,8/15/2025 8:06,21720,Pacific cod,143,410,629,NA,1,NA,NA,NA,NA,NA
-24936,134,202502,60,70,70,2025,62.003565,-171.63108,8/15/2025 8:06,21720,Pacific cod,144,230,108,NA,2,NA,NA,NA,NA,NA
-24936,134,202502,60,70,70,2025,62.003565,-171.63108,8/15/2025 8:06,21720,Pacific cod,145,150,28,NA,1,NA,NA,NA,NA,NA
-24938,134,202502,62,81,81,2025,61.66572,-170.908655,8/15/2025 13:38,21720,Pacific cod,152,390,582,NA,2,NA,NA,NA,NA,NA
-24938,134,202502,62,81,81,2025,61.66572,-170.908655,8/15/2025 13:38,21720,Pacific cod,149,540,1606,NA,1,NA,NA,NA,NA,NA
-24938,134,202502,62,81,81,2025,61.66572,-170.908655,8/15/2025 13:38,21720,Pacific cod,150,620,2554,NA,1,NA,NA,NA,NA,NA
-24938,134,202502,62,81,81,2025,61.66572,-170.908655,8/15/2025 13:38,21720,Pacific cod,151,290,210,NA,2,NA,NA,NA,NA,NA
-24938,134,202502,62,81,81,2025,61.66572,-170.908655,8/15/2025 13:38,21720,Pacific cod,153,280,202,NA,2,NA,NA,NA,NA,NA
-24944,134,202502,64,70,70,2025,61.32719,-170.177555,8/16/2025 8:08,21720,Pacific cod,162,580,1985,NA,2,NA,NA,NA,NA,NA
-24944,134,202502,64,70,70,2025,61.32719,-170.177555,8/16/2025 8:08,21720,Pacific cod,159,620,2616,NA,1,NA,NA,NA,NA,NA
-24944,134,202502,64,70,70,2025,61.32719,-170.177555,8/16/2025 8:08,21720,Pacific cod,160,460,905,NA,2,NA,NA,NA,NA,NA
-24944,134,202502,64,70,70,2025,61.32719,-170.177555,8/16/2025 8:08,21720,Pacific cod,161,430,822,NA,1,NA,NA,NA,NA,NA
-24944,134,202502,64,70,70,2025,61.32719,-170.177555,8/16/2025 8:08,21720,Pacific cod,163,150,29,NA,3,NA,NA,NA,NA,NA
-24945,134,202502,65,70,70,2025,61.003515,-170.109185,8/16/2025 10:53,21720,Pacific cod,164,770,5547,NA,2,NA,NA,NA,NA,NA
-24945,134,202502,65,70,70,2025,61.003515,-170.109185,8/16/2025 10:53,21720,Pacific cod,165,550,1760,NA,2,NA,NA,NA,NA,NA
-24945,134,202502,65,70,70,2025,61.003515,-170.109185,8/16/2025 10:53,21720,Pacific cod,166,940,9825,NA,1,NA,NA,NA,NA,NA
-24945,134,202502,65,70,70,2025,61.003515,-170.109185,8/16/2025 10:53,21720,Pacific cod,167,310,245,NA,1,NA,NA,NA,NA,NA
-24946,134,202502,66,81,81,2025,60.993765,-170.787825,8/16/2025 13:47,21720,Pacific cod,168,520,1330,NA,2,NA,NA,NA,NA,NA
-24946,134,202502,66,81,81,2025,60.993765,-170.787825,8/16/2025 13:47,21720,Pacific cod,169,570,1973,NA,1,NA,NA,NA,NA,NA
-24946,134,202502,66,81,81,2025,60.993765,-170.787825,8/16/2025 13:47,21720,Pacific cod,170,750,4627,NA,1,NA,NA,NA,NA,NA
-24946,134,202502,66,81,81,2025,60.993765,-170.787825,8/16/2025 13:47,21720,Pacific cod,171,510,1369,NA,1,NA,NA,NA,NA,NA
-24947,134,202502,67,81,81,2025,60.66237,-170.746595,8/16/2025 16:39,21720,Pacific cod,172,730,5344,NA,2,NA,NA,NA,NA,NA
-24947,134,202502,67,81,81,2025,60.66237,-170.746595,8/16/2025 16:39,21720,Pacific cod,173,330,389,NA,1,NA,NA,NA,NA,NA
-24947,134,202502,67,81,81,2025,60.66237,-170.746595,8/16/2025 16:39,21720,Pacific cod,174,750,6693,NA,1,NA,NA,NA,NA,NA
-24947,134,202502,67,81,81,2025,60.66237,-170.746595,8/16/2025 16:39,21720,Pacific cod,175,490,1265,NA,2,NA,NA,NA,NA,NA
-24952,134,202502,68,70,70,2025,60.668445,-170.080695,8/17/2025 8:23,21720,Pacific cod,176,680,4014,NA,2,NA,NA,NA,NA,NA
-24952,134,202502,68,70,70,2025,60.668445,-170.080695,8/17/2025 8:23,21720,Pacific cod,177,600,2373,NA,2,NA,NA,NA,NA,NA
-24952,134,202502,68,70,70,2025,60.668445,-170.080695,8/17/2025 8:23,21720,Pacific cod,178,900,7671,NA,1,NA,NA,NA,NA,NA
-24952,134,202502,68,70,70,2025,60.668445,-170.080695,8/17/2025 8:23,21720,Pacific cod,179,450,926,NA,1,NA,NA,NA,NA,NA
-24953,134,202502,69,70,70,2025,60.676995,-169.372645,8/17/2025 11:17,21720,Pacific cod,180,640,2593,NA,2,NA,NA,NA,NA,NA
-24953,134,202502,69,70,70,2025,60.676995,-169.372645,8/17/2025 11:17,21720,Pacific cod,181,300,241,NA,2,NA,NA,NA,NA,NA
-24953,134,202502,69,70,70,2025,60.676995,-169.372645,8/17/2025 11:17,21720,Pacific cod,182,510,1108,NA,1,NA,NA,NA,NA,NA
-24953,134,202502,69,70,70,2025,60.676995,-169.372645,8/17/2025 11:17,21720,Pacific cod,183,380,524,NA,1,NA,NA,NA,NA,NA
-24801,162,202502,1,81,81,2025,61.66009,-173.12051,7/27/2025 8:09,21720,Pacific cod,1,130,18,NA,3,NA,NA,NA,NA,NA
-24802,162,202502,2,81,81,2025,61.34168,-172.925195,7/27/2025 11:04,21720,Pacific cod,2,570,1852,NA,1,NA,NA,NA,NA,NA
-24802,162,202502,2,81,81,2025,61.34168,-172.925195,7/27/2025 11:04,21720,Pacific cod,3,510,1488,NA,1,NA,NA,NA,NA,NA
-24802,162,202502,2,81,81,2025,61.34168,-172.925195,7/27/2025 11:04,21720,Pacific cod,4,650,2707,NA,2,NA,NA,NA,NA,NA
-24802,162,202502,2,81,81,2025,61.34168,-172.925195,7/27/2025 11:04,21720,Pacific cod,5,300,217,NA,1,NA,NA,NA,NA,NA
-24803,162,202502,3,81,81,2025,61.332595,-172.186995,7/27/2025 13:58,21720,Pacific cod,6,710,3280,NA,1,NA,NA,NA,NA,NA
-24803,162,202502,3,81,81,2025,61.332595,-172.186995,7/27/2025 13:58,21720,Pacific cod,7,540,1663,NA,1,NA,NA,NA,NA,NA
-24803,162,202502,3,81,81,2025,61.332595,-172.186995,7/27/2025 13:58,21720,Pacific cod,8,420,758,NA,1,NA,NA,NA,NA,NA
-24803,162,202502,3,81,81,2025,61.332595,-172.186995,7/27/2025 13:58,21720,Pacific cod,9,390,541,NA,1,NA,NA,NA,NA,NA
-24803,162,202502,3,81,81,2025,61.332595,-172.186995,7/27/2025 13:58,21720,Pacific cod,10,140,21,NA,3,NA,NA,NA,NA,NA
-24804,162,202502,4,81,81,2025,61.336995,-171.538585,7/27/2025 16:30,21720,Pacific cod,11,590,1898,NA,2,NA,NA,NA,NA,NA
-24804,162,202502,4,81,81,2025,61.336995,-171.538585,7/27/2025 16:30,21720,Pacific cod,12,290,261,NA,2,NA,NA,NA,NA,NA
-24804,162,202502,4,81,81,2025,61.336995,-171.538585,7/27/2025 16:30,21720,Pacific cod,13,540,1712,NA,2,NA,NA,NA,NA,NA
-24804,162,202502,4,81,81,2025,61.336995,-171.538585,7/27/2025 16:30,21720,Pacific cod,14,200,75,NA,2,NA,NA,NA,NA,NA
-24804,162,202502,4,81,81,2025,61.336995,-171.538585,7/27/2025 16:30,21720,Pacific cod,15,530,1534,NA,2,NA,NA,NA,NA,NA
-24813,162,202502,5,70,70,2025,61.32906,-169.46402,7/28/2025 8:06,21720,Pacific cod,16,290,198,NA,2,NA,NA,NA,NA,NA
-24813,162,202502,5,70,70,2025,61.32906,-169.46402,7/28/2025 8:06,21720,Pacific cod,17,900,9128,NA,2,NA,NA,NA,NA,NA
-24813,162,202502,5,70,70,2025,61.32906,-169.46402,7/28/2025 8:06,21720,Pacific cod,18,680,2455,NA,2,NA,NA,NA,NA,NA
-24813,162,202502,5,70,70,2025,61.32906,-169.46402,7/28/2025 8:06,21720,Pacific cod,19,280,197,NA,1,NA,NA,NA,NA,NA
-24814,162,202502,6,70,70,2025,61.663305,-169.49351,7/28/2025 11:03,21720,Pacific cod,20,820,7131,NA,2,NA,NA,NA,NA,NA
-24814,162,202502,6,70,70,2025,61.663305,-169.49351,7/28/2025 11:03,21720,Pacific cod,21,290,202,NA,2,NA,NA,NA,NA,NA
-24815,162,202502,7,70,70,2025,61.6647,-168.817745,7/28/2025 13:35,21720,Pacific cod,22,810,6169,NA,2,NA,NA,NA,NA,NA
-24815,162,202502,7,70,70,2025,61.6647,-168.817745,7/28/2025 13:35,21720,Pacific cod,23,700,3552,NA,2,NA,NA,NA,NA,NA
-24815,162,202502,7,70,70,2025,61.6647,-168.817745,7/28/2025 13:35,21720,Pacific cod,24,830,5766,NA,1,NA,NA,NA,NA,NA
-24815,162,202502,7,70,70,2025,61.6647,-168.817745,7/28/2025 13:35,21720,Pacific cod,25,310,265,NA,2,NA,NA,NA,NA,NA
-24816,162,202502,8,70,70,2025,61.985225,-168.844215,7/28/2025 16:28,21720,Pacific cod,26,880,7387,NA,1,NA,NA,NA,NA,NA
-24816,162,202502,8,70,70,2025,61.985225,-168.844215,7/28/2025 16:28,21720,Pacific cod,27,690,4032,NA,1,NA,NA,NA,NA,NA
-24816,162,202502,8,70,70,2025,61.985225,-168.844215,7/28/2025 16:28,21720,Pacific cod,28,720,3589,NA,2,NA,NA,NA,NA,NA
-24816,162,202502,8,70,70,2025,61.985225,-168.844215,7/28/2025 16:28,21720,Pacific cod,29,280,195,NA,2,NA,NA,NA,NA,NA
-24827,162,202502,9,70,70,2025,62.336855,-167.482055,7/29/2025 8:08,21720,Pacific cod,30,570,1861,NA,1,NA,NA,NA,NA,NA
-24827,162,202502,9,70,70,2025,62.336855,-167.482055,7/29/2025 8:08,21720,Pacific cod,31,710,4076,NA,2,NA,NA,NA,NA,NA
-24827,162,202502,9,70,70,2025,62.336855,-167.482055,7/29/2025 8:08,21720,Pacific cod,32,790,6496,NA,2,NA,NA,NA,NA,NA
-24827,162,202502,9,70,70,2025,62.336855,-167.482055,7/29/2025 8:08,21720,Pacific cod,33,180,42,NA,1,NA,NA,NA,NA,NA
-24829,162,202502,11,70,70,2025,62.63132,-166.751575,7/29/2025 13:47,21720,Pacific cod,34,710,4257,NA,2,NA,NA,NA,NA,NA
-24829,162,202502,11,70,70,2025,62.63132,-166.751575,7/29/2025 13:47,21720,Pacific cod,35,790,5733,NA,2,NA,NA,NA,NA,NA
-24829,162,202502,11,70,70,2025,62.63132,-166.751575,7/29/2025 13:47,21720,Pacific cod,36,310,247,NA,2,NA,NA,NA,NA,NA
-24829,162,202502,11,70,70,2025,62.63132,-166.751575,7/29/2025 13:47,21720,Pacific cod,37,140,20,NA,3,NA,NA,NA,NA,NA
-24836,162,202502,12,70,70,2025,63.005375,-166.73155,7/30/2025 8:04,21720,Pacific cod,38,760,4771,NA,2,NA,NA,NA,NA,NA
-24836,162,202502,12,70,70,2025,63.005375,-166.73155,7/30/2025 8:04,21720,Pacific cod,39,690,3740,NA,1,NA,NA,NA,NA,NA
-24836,162,202502,12,70,70,2025,63.005375,-166.73155,7/30/2025 8:04,21720,Pacific cod,40,730,4518,NA,1,NA,NA,NA,NA,NA
-24836,162,202502,12,70,70,2025,63.005375,-166.73155,7/30/2025 8:04,21720,Pacific cod,41,110,11,NA,3,NA,NA,NA,NA,NA
-24843,162,202502,14,71,71,2025,64.330365,-166.05457,8/2/2025 11:51,21720,Pacific cod,42,140,19,NA,3,NA,NA,NA,NA,NA
-24844,162,202502,15,71,71,2025,64.32543,-165.311355,8/2/2025 14:39,21720,Pacific cod,43,140,22,NA,3,NA,NA,NA,NA,NA
-24844,162,202502,15,71,71,2025,64.32543,-165.311355,8/2/2025 14:39,21720,Pacific cod,44,140,20,NA,3,NA,NA,NA,NA,NA
-24883,162,202502,34,71,71,2025,63.999825,-166.047145,8/7/2025 7:36,21720,Pacific cod,45,700,4227,NA,2,NA,NA,NA,NA,NA
-24883,162,202502,34,71,71,2025,63.999825,-166.047145,8/7/2025 7:36,21720,Pacific cod,46,600,2781,NA,2,NA,NA,NA,NA,NA
-24883,162,202502,34,71,71,2025,63.999825,-166.047145,8/7/2025 7:36,21720,Pacific cod,47,650,3310,NA,2,NA,NA,NA,NA,NA
-24883,162,202502,34,71,71,2025,63.999825,-166.047145,8/7/2025 7:36,21720,Pacific cod,48,680,3411,NA,1,NA,NA,NA,NA,NA
-24885,162,202502,36,71,71,2025,63.676605,-166.06485,8/7/2025 12:39,21720,Pacific cod,49,700,3775,NA,1,NA,NA,NA,NA,NA
-24885,162,202502,36,71,71,2025,63.676605,-166.06485,8/7/2025 12:39,21720,Pacific cod,50,710,4008,NA,2,NA,NA,NA,NA,NA
-24885,162,202502,36,71,71,2025,63.676605,-166.06485,8/7/2025 12:39,21720,Pacific cod,51,660,3936,NA,2,NA,NA,NA,NA,NA
-24885,162,202502,36,71,71,2025,63.676605,-166.06485,8/7/2025 12:39,21720,Pacific cod,52,130,18,NA,3,NA,NA,NA,NA,NA
-24886,162,202502,37,71,71,2025,63.668625,-166.781755,8/7/2025 15:31,21720,Pacific cod,53,330,355,NA,1,NA,NA,NA,NA,NA
-24886,162,202502,37,71,71,2025,63.668625,-166.781755,8/7/2025 15:31,21720,Pacific cod,54,270,187,NA,2,NA,NA,NA,NA,NA
-24886,162,202502,37,71,71,2025,63.668625,-166.781755,8/7/2025 15:31,21720,Pacific cod,55,810,6649,NA,2,NA,NA,NA,NA,NA
-24886,162,202502,37,71,71,2025,63.668625,-166.781755,8/7/2025 15:31,21720,Pacific cod,56,750,5555,NA,2,NA,NA,NA,NA,NA
-24887,162,202502,38,71,71,2025,64.001145,-166.81084,8/7/2025 18:18,21720,Pacific cod,57,900,8294,NA,2,NA,NA,NA,NA,NA
-24892,162,202502,39,71,71,2025,64.337765,-166.830945,8/8/2025 7:37,21720,Pacific cod,58,150,26,NA,1,NA,NA,NA,NA,NA
-24892,162,202502,39,71,71,2025,64.337765,-166.830945,8/8/2025 7:37,21720,Pacific cod,59,140,18,NA,1,NA,NA,NA,NA,NA
-24892,162,202502,39,71,71,2025,64.337765,-166.830945,8/8/2025 7:37,21720,Pacific cod,60,260,179,NA,1,NA,NA,NA,NA,NA
-24892,162,202502,39,71,71,2025,64.337765,-166.830945,8/8/2025 7:37,21720,Pacific cod,61,740,5387,NA,1,NA,NA,NA,NA,NA
-24893,162,202502,40,71,71,2025,64.33837,-167.576135,8/8/2025 11:53,21720,Pacific cod,62,930,9070,NA,2,NA,NA,NA,NA,NA
-24893,162,202502,40,71,71,2025,64.33837,-167.576135,8/8/2025 11:53,21720,Pacific cod,63,430,930,NA,2,NA,NA,NA,NA,NA
-24893,162,202502,40,71,71,2025,64.33837,-167.576135,8/8/2025 11:53,21720,Pacific cod,64,320,339,NA,2,NA,NA,NA,NA,NA
-24894,162,202502,41,71,71,2025,64.029825,-167.567285,8/8/2025 14:29,21720,Pacific cod,65,750,4484,NA,1,NA,NA,NA,NA,NA
-24894,162,202502,41,71,71,2025,64.029825,-167.567285,8/8/2025 14:29,21720,Pacific cod,66,310,293,NA,2,NA,NA,NA,NA,NA
-24894,162,202502,41,71,71,2025,64.029825,-167.567285,8/8/2025 14:29,21720,Pacific cod,67,220,109,NA,2,NA,NA,NA,NA,NA
-24895,162,202502,42,71,71,2025,63.664065,-167.532885,8/8/2025 17:17,21720,Pacific cod,68,290,254,NA,2,NA,NA,NA,NA,NA
-24895,162,202502,42,71,71,2025,63.664065,-167.532885,8/8/2025 17:17,21720,Pacific cod,69,340,389,NA,1,NA,NA,NA,NA,NA
-24895,162,202502,42,71,71,2025,63.664065,-167.532885,8/8/2025 17:17,21720,Pacific cod,70,850,7328,NA,1,NA,NA,NA,NA,NA
-24895,162,202502,42,71,71,2025,63.664065,-167.532885,8/8/2025 17:17,21720,Pacific cod,71,630,2713,NA,1,NA,NA,NA,NA,NA
-24900,162,202502,43,71,71,2025,63.675475,-168.266635,8/9/2025 7:38,21720,Pacific cod,72,670,3850,NA,2,NA,NA,NA,NA,NA
-24900,162,202502,43,71,71,2025,63.675475,-168.266635,8/9/2025 7:38,21720,Pacific cod,73,640,2846,NA,2,NA,NA,NA,NA,NA
-24901,162,202502,44,71,71,2025,64.009465,-168.291745,8/9/2025 11:16,21720,Pacific cod,74,290,210,NA,1,NA,NA,NA,NA,NA
-24901,162,202502,44,71,71,2025,64.009465,-168.291745,8/9/2025 11:16,21720,Pacific cod,75,760,4747,NA,1,NA,NA,NA,NA,NA
-24901,162,202502,44,71,71,2025,64.009465,-168.291745,8/9/2025 11:16,21720,Pacific cod,76,760,5106,NA,1,NA,NA,NA,NA,NA
-24901,162,202502,44,71,71,2025,64.009465,-168.291745,8/9/2025 11:16,21720,Pacific cod,77,310,309,NA,1,NA,NA,NA,NA,NA
-24902,162,202502,45,71,71,2025,64.331595,-168.330255,8/9/2025 14:56,21720,Pacific cod,78,810,6254,NA,2,NA,NA,NA,NA,NA
-24902,162,202502,45,71,71,2025,64.331595,-168.330255,8/9/2025 14:56,21720,Pacific cod,79,840,6637,NA,2,NA,NA,NA,NA,NA
-24908,162,202502,47,71,71,2025,64.005005,-169.0522,8/10/2025 7:36,21720,Pacific cod,80,280,202,NA,2,NA,NA,NA,NA,NA
-24908,162,202502,47,71,71,2025,64.005005,-169.0522,8/10/2025 7:36,21720,Pacific cod,81,140,23,NA,3,NA,NA,NA,NA,NA
-24917,162,202502,52,71,71,2025,63.66456,-169.752935,8/12/2025 11:31,21720,Pacific cod,82,240,138,NA,2,NA,NA,NA,NA,NA
-24917,162,202502,52,71,71,2025,63.66456,-169.752935,8/12/2025 11:31,21720,Pacific cod,83,130,17,NA,3,NA,NA,NA,NA,NA
-24918,162,202502,53,71,71,2025,63.6723,-169.01189,8/12/2025 14:20,21720,Pacific cod,84,670,2955,NA,1,NA,NA,NA,NA,NA
-24918,162,202502,53,71,71,2025,63.6723,-169.01189,8/12/2025 14:20,21720,Pacific cod,85,170,41,NA,2,NA,NA,NA,NA,NA
-24918,162,202502,53,71,71,2025,63.6723,-169.01189,8/12/2025 14:20,21720,Pacific cod,86,150,31,NA,1,NA,NA,NA,NA,NA
-24918,162,202502,53,71,71,2025,63.6723,-169.01189,8/12/2025 14:20,21720,Pacific cod,87,160,35,NA,1,NA,NA,NA,NA,NA
-24919,162,202502,54,71,71,2025,63.35361,-168.27474,8/12/2025 17:52,21720,Pacific cod,88,700,3489,NA,2,NA,NA,NA,NA,NA
-24919,162,202502,54,71,71,2025,63.35361,-168.27474,8/12/2025 17:52,21720,Pacific cod,89,860,7675,NA,1,NA,NA,NA,NA,NA
-24924,162,202502,55,70,70,2025,63.001025,-168.214255,8/13/2025 7:42,21720,Pacific cod,90,670,2961,NA,2,NA,NA,NA,NA,NA
-24924,162,202502,55,70,70,2025,63.001025,-168.214255,8/13/2025 7:42,21720,Pacific cod,91,310,257,NA,2,NA,NA,NA,NA,NA
-24924,162,202502,55,70,70,2025,63.001025,-168.214255,8/13/2025 7:42,21720,Pacific cod,92,920,10849,NA,2,NA,NA,NA,NA,NA
-24925,162,202502,56,70,70,2025,62.871045,-168.82967,8/13/2025 11:33,21720,Pacific cod,93,570,1483,NA,1,NA,NA,NA,NA,NA
-24925,162,202502,56,70,70,2025,62.871045,-168.82967,8/13/2025 11:33,21720,Pacific cod,94,660,2893,NA,1,NA,NA,NA,NA,NA
-24925,162,202502,56,70,70,2025,62.871045,-168.82967,8/13/2025 11:33,21720,Pacific cod,95,710,3576,NA,1,NA,NA,NA,NA,NA
-24925,162,202502,56,70,70,2025,62.871045,-168.82967,8/13/2025 11:33,21720,Pacific cod,96,500,1083,NA,1,NA,NA,NA,NA,NA
-24926,162,202502,57,70,70,2025,62.66008,-168.899065,8/13/2025 13:31,21720,Pacific cod,97,740,4477,NA,2,NA,NA,NA,NA,NA
-24926,162,202502,57,70,70,2025,62.66008,-168.899065,8/13/2025 13:31,21720,Pacific cod,98,770,4975,NA,2,NA,NA,NA,NA,NA
-24926,162,202502,57,70,70,2025,62.66008,-168.899065,8/13/2025 13:31,21720,Pacific cod,99,700,3762,NA,2,NA,NA,NA,NA,NA
-24927,162,202502,58,70,70,2025,62.335865,-168.872135,8/13/2025 16:09,21720,Pacific cod,100,520,1535,NA,1,NA,NA,NA,NA,NA
-24927,162,202502,58,70,70,2025,62.335865,-168.872135,8/13/2025 16:09,21720,Pacific cod,101,350,409,NA,1,NA,NA,NA,NA,NA
-24927,162,202502,58,70,70,2025,62.335865,-168.872135,8/13/2025 16:09,21720,Pacific cod,102,610,2137,NA,1,NA,NA,NA,NA,NA
-24927,162,202502,58,70,70,2025,62.335865,-168.872135,8/13/2025 16:09,21720,Pacific cod,103,680,3708,NA,1,NA,NA,NA,NA,NA
-24932,162,202502,59,70,70,2025,62.330285,-168.15025,8/14/2025 7:38,21720,Pacific cod,104,710,4253,NA,2,NA,NA,NA,NA,NA
-24932,162,202502,59,70,70,2025,62.330285,-168.15025,8/14/2025 7:38,21720,Pacific cod,105,750,4871,NA,2,NA,NA,NA,NA,NA
-24932,162,202502,59,70,70,2025,62.330285,-168.15025,8/14/2025 7:38,21720,Pacific cod,106,780,5369,NA,2,NA,NA,NA,NA,NA
-24932,162,202502,59,70,70,2025,62.330285,-168.15025,8/14/2025 7:38,21720,Pacific cod,107,360,435,NA,2,NA,NA,NA,NA,NA
-24933,162,202502,60,70,70,2025,62.003825,-168.126385,8/14/2025 10:14,21720,Pacific cod,108,840,7632,NA,2,NA,NA,NA,NA,NA
-24933,162,202502,60,70,70,2025,62.003825,-168.126385,8/14/2025 10:14,21720,Pacific cod,109,640,2668,NA,1,NA,NA,NA,NA,NA
-24933,162,202502,60,70,70,2025,62.003825,-168.126385,8/14/2025 10:14,21720,Pacific cod,110,200,72,NA,1,NA,NA,NA,NA,NA
-24933,162,202502,60,70,70,2025,62.003825,-168.126385,8/14/2025 10:14,21720,Pacific cod,111,490,938,NA,2,NA,NA,NA,NA,NA
-24934,162,202502,61,70,70,2025,61.98861,-167.417565,8/14/2025 13:12,21720,Pacific cod,112,670,3905,NA,2,NA,NA,NA,NA,NA
-24934,162,202502,61,70,70,2025,61.98861,-167.417565,8/14/2025 13:12,21720,Pacific cod,113,830,6844,NA,2,NA,NA,NA,NA,NA
-24934,162,202502,61,70,70,2025,61.98861,-167.417565,8/14/2025 13:12,21720,Pacific cod,114,740,4626,NA,2,NA,NA,NA,NA,NA
-24934,162,202502,61,70,70,2025,61.98861,-167.417565,8/14/2025 13:12,21720,Pacific cod,115,210,83,NA,2,NA,NA,NA,NA,NA
-24941,162,202502,64,70,70,2025,61.66631,-167.397825,8/15/2025 10:25,21720,Pacific cod,117,750,4840,NA,2,NA,NA,NA,NA,NA
-24941,162,202502,64,70,70,2025,61.66631,-167.397825,8/15/2025 10:25,21720,Pacific cod,118,170,46,NA,1,NA,NA,NA,NA,NA
-24941,162,202502,64,70,70,2025,61.66631,-167.397825,8/15/2025 10:25,21720,Pacific cod,119,790,6026,NA,2,NA,NA,NA,NA,NA
-24941,162,202502,64,70,70,2025,61.66631,-167.397825,8/15/2025 10:25,21720,Pacific cod,116,680,3296,NA,1,NA,NA,NA,NA,NA
-24942,162,202502,65,70,70,2025,61.68055,-168.09182,8/15/2025 13:25,21720,Pacific cod,123,180,42,NA,1,NA,NA,NA,NA,NA
-24942,162,202502,65,70,70,2025,61.68055,-168.09182,8/15/2025 13:25,21720,Pacific cod,120,210,88,NA,1,NA,NA,NA,NA,NA
-24942,162,202502,65,70,70,2025,61.68055,-168.09182,8/15/2025 13:25,21720,Pacific cod,121,190,62,NA,1,NA,NA,NA,NA,NA
-24942,162,202502,65,70,70,2025,61.68055,-168.09182,8/15/2025 13:25,21720,Pacific cod,122,200,69,NA,1,NA,NA,NA,NA,NA
-24943,162,202502,66,70,70,2025,61.336725,-168.76633,8/15/2025 17:18,21720,Pacific cod,124,740,5123,NA,2,NA,NA,NA,NA,NA
-24943,162,202502,66,70,70,2025,61.336725,-168.76633,8/15/2025 17:18,21720,Pacific cod,125,600,2342,NA,2,NA,NA,NA,NA,NA
-24943,162,202502,66,70,70,2025,61.336725,-168.76633,8/15/2025 17:18,21720,Pacific cod,126,570,2257,NA,2,NA,NA,NA,NA,NA
-24943,162,202502,66,70,70,2025,61.336725,-168.76633,8/15/2025 17:18,21720,Pacific cod,127,260,162,NA,2,NA,NA,NA,NA,NA
-24948,162,202502,67,70,70,2025,61.33891,-168.068,8/16/2025 7:34,21720,Pacific cod,128,680,3166,NA,2,NA,NA,NA,NA,NA
-24948,162,202502,67,70,70,2025,61.33891,-168.068,8/16/2025 7:34,21720,Pacific cod,129,190,59,NA,1,NA,NA,NA,NA,NA
-24948,162,202502,67,70,70,2025,61.33891,-168.068,8/16/2025 7:34,21720,Pacific cod,130,180,60,NA,2,NA,NA,NA,NA,NA
-24948,162,202502,67,70,70,2025,61.33891,-168.068,8/16/2025 7:34,21720,Pacific cod,131,180,48,NA,2,NA,NA,NA,NA,NA
-24950,162,202502,69,70,70,2025,60.999605,-169.42391,8/16/2025 14:41,21720,Pacific cod,132,550,1877,NA,1,NA,NA,NA,NA,NA
-24950,162,202502,69,70,70,2025,60.999605,-169.42391,8/16/2025 14:41,21720,Pacific cod,133,490,1303,NA,2,NA,NA,NA,NA,NA
-24950,162,202502,69,70,70,2025,60.999605,-169.42391,8/16/2025 14:41,21720,Pacific cod,134,380,827,NA,2,NA,NA,NA,NA,NA
-24950,162,202502,69,70,70,2025,60.999605,-169.42391,8/16/2025 14:41,21720,Pacific cod,135,370,531,NA,2,NA,NA,NA,NA,NA
-24951,162,202502,70,70,70,2025,60.99577,-168.712895,8/16/2025 17:20,21720,Pacific cod,136,710,3795,NA,1,NA,NA,NA,NA,NA
-24951,162,202502,70,70,70,2025,60.99577,-168.712895,8/16/2025 17:20,21720,Pacific cod,137,380,562,NA,2,NA,NA,NA,NA,NA
-24951,162,202502,70,70,70,2025,60.99577,-168.712895,8/16/2025 17:20,21720,Pacific cod,138,340,387,NA,2,NA,NA,NA,NA,NA
-24951,162,202502,70,70,70,2025,60.99577,-168.712895,8/16/2025 17:20,21720,Pacific cod,139,350,429,NA,1,NA,NA,NA,NA,NA
-24951,162,202502,70,70,70,2025,60.99577,-168.712895,8/16/2025 17:20,21720,Pacific cod,140,170,44,NA,2,NA,NA,NA,NA,NA
-24954,162,202502,71,70,70,2025,61.028445,-168.05947,8/17/2025 8:08,21720,Pacific cod,141,290,236,NA,1,NA,NA,NA,NA,NA
-24954,162,202502,71,70,70,2025,61.028445,-168.05947,8/17/2025 8:08,21720,Pacific cod,142,710,4494,NA,1,NA,NA,NA,NA,NA
-24954,162,202502,71,70,70,2025,61.028445,-168.05947,8/17/2025 8:08,21720,Pacific cod,143,200,64,NA,2,NA,NA,NA,NA,NA
-24955,162,202502,72,70,70,2025,60.667425,-168.686245,8/17/2025 11:40,21720,Pacific cod,144,630,2607,NA,1,NA,NA,NA,NA,NA
-24955,162,202502,72,70,70,2025,60.667425,-168.686245,8/17/2025 11:40,21720,Pacific cod,145,800,6304,NA,2,NA,NA,NA,NA,NA
-24955,162,202502,72,70,70,2025,60.667425,-168.686245,8/17/2025 11:40,21720,Pacific cod,146,180,53,NA,1,NA,NA,NA,NA,NA
-24955,162,202502,72,70,70,2025,60.667425,-168.686245,8/17/2025 11:40,21720,Pacific cod,147,220,98,NA,1,NA,NA,NA,NA,NA
-24955,162,202502,72,70,70,2025,60.667425,-168.686245,8/17/2025 11:40,21720,Pacific cod,NA,NA,NA,NA,NA,R-18,350.1389228,13,298.4008127,0.043565565
-24954,162,202502,71,70,70,2025,61.028445,-168.05947,8/17/2025 8:08,21720,Pacific cod,NA,NA,NA,NA,NA,S-01,110.7753977,3,66.46523859,0.045136376
-24953,134,202502,69,70,70,2025,60.676995,-169.372645,8/17/2025 11:17,21720,Pacific cod,NA,NA,NA,NA,NA,R-19,257.0858104,13,304.9375488,0.04263168
-24952,134,202502,68,70,70,2025,60.668445,-170.080695,8/17/2025 8:23,21720,Pacific cod,NA,NA,NA,NA,NA,R-20,3682.873566,81,1827.336961,0.0443268
-24951,162,202502,70,70,70,2025,60.99577,-168.712895,8/16/2025 17:20,21720,Pacific cod,NA,NA,NA,NA,NA,S-18,505.0216767,145,3003.122668,0.048283076
-24950,162,202502,69,70,70,2025,60.999605,-169.42391,8/16/2025 14:41,21720,Pacific cod,NA,NA,NA,NA,NA,S-19,2584.611655,97,2058.352468,0.047125068
-24948,162,202502,67,70,70,2025,61.33891,-168.068,8/16/2025 7:34,21720,Pacific cod,NA,NA,NA,NA,NA,T-01,85.2885152,10,234.0519078,0.042725565
-24947,134,202502,67,81,81,2025,60.66237,-170.746595,8/16/2025 16:39,21720,Pacific cod,NA,NA,NA,NA,NA,R-21,2117.672384,74,1415.47969,0.052279097
-24946,134,202502,66,81,81,2025,60.993765,-170.787825,8/16/2025 13:47,21720,Pacific cod,NA,NA,NA,NA,NA,S-21,1592.804416,56,1315.978862,0.042553875
-24945,134,202502,65,70,70,2025,61.003515,-170.109185,8/16/2025 10:53,21720,Pacific cod,NA,NA,NA,NA,NA,S-20,1865.381197,37,858.5640359,0.043095213
-24944,134,202502,64,70,70,2025,61.32719,-170.177555,8/16/2025 8:08,21720,Pacific cod,NA,NA,NA,NA,NA,T-20,1010.414488,31,668.5630854,0.0463681
-24943,162,202502,66,70,70,2025,61.336725,-168.76633,8/15/2025 17:18,21720,Pacific cod,NA,NA,NA,NA,NA,T-18,1684.298657,58,1394.764736,0.041584074
-24942,162,202502,65,70,70,2025,61.68055,-168.09182,8/15/2025 13:25,21720,Pacific cod,NA,NA,NA,NA,NA,U-01,108.1821605,20,461.0362689,0.043380535
-24941,162,202502,64,70,70,2025,61.66631,-167.397825,8/15/2025 10:25,21720,Pacific cod,NA,NA,NA,NA,NA,U-02,555.506563,6,138.8766407,0.04320381
-24940,162,202502,63,70,70,2025,61.655835,-166.73387,8/15/2025 7:34,21720,Pacific cod,NA,NA,NA,NA,NA,U-03,0,0,0,0.039965601
-24939,134,202502,63,81,81,2025,61.334125,-170.838525,8/15/2025 16:21,21720,Pacific cod,NA,NA,NA,NA,NA,T-21,715.0751741,24,561.3936598,0.04275075
-24938,134,202502,62,81,81,2025,61.66572,-170.908655,8/15/2025 13:38,21720,Pacific cod,NA,NA,NA,NA,NA,U-21,309.1622895,12,255.1370245,0.04703355
-24937,134,202502,61,70,70,2025,61.99383,-170.97078,8/15/2025 10:50,21720,Pacific cod,NA,NA,NA,NA,NA,V-21,12.51060469,3,68.99230529,0.04348311
-24936,134,202502,60,70,70,2025,62.003565,-171.63108,8/15/2025 8:06,21720,Pacific cod,NA,NA,NA,NA,NA,V-22,17.76221469,3,68.57997952,0.043744545
-24935,162,202502,62,70,70,2025,62.00387,-166.698595,8/14/2025 16:05,21720,Pacific cod,NA,NA,NA,NA,NA,V-03,0,0,0,0.038777862
-24934,162,202502,61,70,70,2025,61.98861,-167.417565,8/14/2025 13:12,21720,Pacific cod,NA,NA,NA,NA,NA,V-02,382.9952304,31,705.9610026,0.043911774
-24933,162,202502,60,70,70,2025,62.003825,-168.126385,8/14/2025 10:14,21720,Pacific cod,NA,NA,NA,NA,NA,V-01,1947.339059,42,963.4273791,0.04359436
-24932,162,202502,59,70,70,2025,62.330285,-168.15025,8/14/2025 7:38,21720,Pacific cod,NA,NA,NA,NA,NA,W-01,2090.557657,45,1057.261121,0.042562806
-24931,134,202502,59,70,70,2025,62.3312,-170.2849,8/14/2025 16:25,21720,Pacific cod,NA,NA,NA,NA,NA,W-20,370.030498,5,127.0709128,0.039348108
-24930,134,202502,58,70,70,2025,62.34269,-171.02377,8/14/2025 13:49,21720,Pacific cod,NA,NA,NA,NA,NA,W-21,356.2035661,6,134.8149496,0.04450545
-24929,134,202502,57,81,81,2025,62.337195,-171.731475,8/14/2025 11:14,21720,Pacific cod,NA,NA,NA,NA,NA,W-22,121.584159,3,71.24071814,0.042110749
-24928,134,202502,56,81,81,2025,62.3331,-172.403725,8/14/2025 8:06,21720,Pacific cod,NA,NA,NA,NA,NA,W-23,38.58372788,1,24.7331589,0.040431552
-24927,162,202502,58,70,70,2025,62.335865,-168.872135,8/13/2025 16:09,21720,Pacific cod,NA,NA,NA,NA,NA,W-18,687.9870347,14,318.3019989,0.043983387
-24926,162,202502,57,70,70,2025,62.66008,-168.899065,8/13/2025 13:31,21720,Pacific cod,NA,NA,NA,NA,NA,X-18,3144.771082,51,1179.983264,0.043220952
-24925,162,202502,56,70,70,2025,62.871045,-168.82967,8/13/2025 11:33,21720,Pacific cod,NA,NA,NA,NA,NA,Y-18,353.8915707,18,403.2186526,0.044640792
-24924,162,202502,55,70,70,2025,63.001025,-168.214255,8/13/2025 7:42,21720,Pacific cod,NA,NA,NA,NA,NA,Y-01,583.3482665,7,166.8071024,0.04196464
-24923,134,202502,55,81,81,2025,62.66599,-172.463955,8/13/2025 17:10,21720,Pacific cod,NA,NA,NA,NA,NA,X-23,24.54037628,5,120.8885531,0.041360409
-24922,134,202502,54,70,70,2025,62.66747,-171.820455,8/13/2025 14:35,21720,Pacific cod,NA,NA,NA,NA,NA,X-22,103.5000013,2,49.16864669,0.040676328
-24921,134,202502,53,70,70,2025,62.67005,-171.07992,8/13/2025 11:02,21720,Pacific cod,NA,NA,NA,NA,NA,X-21,246.6132144,5,107.69136,0.04642898
-24920,134,202502,52,70,70,2025,62.666685,-170.365395,8/13/2025 7:56,21720,Pacific cod,NA,NA,NA,NA,NA,X-20,804.5780419,14,293.4427288,0.04770948
-24919,162,202502,54,71,71,2025,63.35361,-168.27474,8/12/2025 17:52,21720,Pacific cod,NA,NA,NA,NA,NA,ZZ-01,264.264144,2,46.36213052,0.043138656
-24918,162,202502,53,71,71,2025,63.6723,-169.01189,8/12/2025 14:20,21720,Pacific cod,NA,NA,NA,NA,NA,AA-18,77.61526758,6,142.5004913,0.042105118
-24917,162,202502,52,71,71,2025,63.66456,-169.752935,8/12/2025 11:31,21720,Pacific cod,NA,NA,NA,NA,NA,AA-19,3.872044045,2,48.40055057,0.041321844
-24916,162,202502,51,71,71,2025,63.990625,-170.55593,8/12/2025 7:43,21720,Pacific cod,NA,NA,NA,NA,NA,BB-20,0,0,0,0.038387505
-24915,134,202502,51,70,70,2025,62.669035,-169.64025,8/12/2025 16:19,21720,Pacific cod,NA,NA,NA,NA,NA,X-19,2419.375165,42,1056.495705,0.039754066
-24914,134,202502,50,70,70,2025,62.95024,-170.489205,8/12/2025 12:40,21720,Pacific cod,NA,NA,NA,NA,NA,Y-20,2847.359356,48,1113.999438,0.043087993
-24913,134,202502,49,70,70,2025,63.000405,-171.124265,8/12/2025 10:05,21720,Pacific cod,NA,NA,NA,NA,NA,Y-21,189.8049937,3,69.61063339,0.043096864
-24912,134,202502,48,70,70,2025,63.203655,-171.16944,8/12/2025 8:06,21720,Pacific cod,NA,NA,NA,NA,NA,ZZ-21,110.7263954,7,378.0901306,0.018514104
-24911,162,202502,50,71,71,2025,64.325425,-170.593555,8/10/2025 16:01,21720,Pacific cod,NA,NA,NA,NA,NA,CC-20,0,0,0,0.040920338
-24910,162,202502,49,71,71,2025,64.306655,-169.825655,8/10/2025 12:59,21720,Pacific cod,NA,NA,NA,NA,NA,CC-19,0,0,0,0.040463415
-24909,162,202502,48,71,71,2025,63.98537,-169.781615,8/10/2025 10:23,21720,Pacific cod,NA,NA,NA,NA,NA,BB-19,0,0,0,0.041610187
-24908,162,202502,47,71,71,2025,64.005005,-169.0522,8/10/2025 7:36,21720,Pacific cod,NA,NA,NA,NA,NA,BB-18,5.815490352,2,50.35056581,0.0397215
-24907,134,202502,47,70,70,2025,63.24507,-172.010785,8/10/2025 16:41,21720,Pacific cod,NA,NA,NA,NA,NA,ZZ-22,79.62604896,4,88.03322163,0.045437392
-24906,134,202502,46,70,70,2025,63.016155,-171.8951,8/10/2025 14:19,21720,Pacific cod,NA,NA,NA,NA,NA,Y-22,30.93028515,2,47.95393047,0.041706696
-24905,134,202502,45,81,81,2025,63.01589,-172.607925,8/10/2025 11:32,21720,Pacific cod,NA,NA,NA,NA,NA,Y-23,0,0,0,0.04176943
-24904,134,202502,44,81,81,2025,62.668485,-173.180835,8/10/2025 8:11,21720,Pacific cod,NA,NA,NA,NA,NA,X-24,0,0,0,0.03903458
-24903,162,202502,46,71,71,2025,64.316175,-169.123,8/9/2025 18:52,21720,Pacific cod,NA,NA,NA,NA,NA,CC-18,0,0,0,0.047199105
-24902,162,202502,45,71,71,2025,64.331595,-168.330255,8/9/2025 14:56,21720,Pacific cod,NA,NA,NA,NA,NA,CC-01,314.0279632,2,47.72461447,0.041907096
-24901,162,202502,44,71,71,2025,64.009465,-168.291745,8/9/2025 11:16,21720,Pacific cod,NA,NA,NA,NA,NA,BB-01,795.0718025,17,392.799205,0.04327911
-24900,162,202502,43,71,71,2025,63.675475,-168.266635,8/9/2025 7:38,21720,Pacific cod,NA,NA,NA,NA,NA,AA-01,151.1328687,2,44.84654856,0.04459652
-24899,134,202502,43,81,81,2025,62.333705,-173.14897,8/9/2025 16:21,21720,Pacific cod,NA,NA,NA,NA,NA,W-24,52.67236046,2,40.36196204,0.049551605
-24898,134,202502,42,81,81,2025,62.33217,-173.827395,8/9/2025 13:44,21720,Pacific cod,NA,NA,NA,NA,NA,W-25,3.891220983,1,21.98429934,0.045487008
-24897,134,202502,41,81,81,2025,62.331385,-174.558845,8/9/2025 10:57,21720,Pacific cod,NA,NA,NA,NA,NA,W-26,0,0,0,0.044754098
-24896,134,202502,40,81,81,2025,62.334525,-175.273895,8/9/2025 8:08,21720,Pacific cod,NA,NA,NA,NA,NA,W-27,54.90108082,3,56.09783462,0.053478
-24895,162,202502,42,71,71,2025,63.664065,-167.532885,8/8/2025 17:17,21720,Pacific cod,NA,NA,NA,NA,NA,AA-02,250.1843247,4,90.31925078,0.044287347
-24894,162,202502,41,71,71,2025,64.029825,-167.567285,8/8/2025 14:29,21720,Pacific cod,NA,NA,NA,NA,NA,BB-02,115.0067845,3,68.02451767,0.044101746
-24893,162,202502,40,71,71,2025,64.33837,-167.576135,8/8/2025 11:53,21720,Pacific cod,NA,NA,NA,NA,NA,CC-02,255.0620333,3,72.46080492,0.041401693
-24892,162,202502,39,71,71,2025,64.337765,-166.830945,8/8/2025 7:37,21720,Pacific cod,NA,NA,NA,NA,NA,CC-03,125.4943481,7,155.7001837,0.0449582
-24891,134,202502,39,81,81,2025,62.655045,-174.66067,8/8/2025 16:04,21720,Pacific cod,NA,NA,NA,NA,NA,X-26,0,0,0,0.047500674
-24890,134,202502,38,81,81,2025,62.65908,-173.97452,8/8/2025 13:22,21720,Pacific cod,NA,NA,NA,NA,NA,X-25,0,0,0,0.052307108
-24889,134,202502,37,81,81,2025,62.990745,-174.017025,8/8/2025 10:33,21720,Pacific cod,NA,NA,NA,NA,NA,Y-25,0,0,0,0.054328936
-24888,134,202502,36,81,81,2025,63.00058,-173.296825,8/8/2025 7:55,21720,Pacific cod,NA,NA,NA,NA,NA,Y-24,0,0,0,0.025600566
-24887,162,202502,38,71,71,2025,64.001145,-166.81084,8/7/2025 18:18,21720,Pacific cod,NA,NA,NA,NA,NA,BB-03,487.2438535,3,68.3052131,0.043920513
-24886,162,202502,37,71,71,2025,63.668625,-166.781755,8/7/2025 15:31,21720,Pacific cod,NA,NA,NA,NA,NA,AA-03,363.8482893,5,113.9875593,0.043864436
-24885,162,202502,36,71,71,2025,63.676605,-166.06485,8/7/2025 12:39,21720,Pacific cod,NA,NA,NA,NA,NA,AA-04,482.904638,10,219.5021082,0.045557649
-24883,162,202502,34,71,71,2025,63.999825,-166.047145,8/7/2025 7:36,21720,Pacific cod,NA,NA,NA,NA,NA,BB-04,279.0024529,5,98.58743917,0.0507164
-24882,134,202502,35,81,81,2025,63.339,-173.37675,8/7/2025 16:01,21720,Pacific cod,NA,NA,NA,NA,NA,ZZ-24,9.009859775,4,89.87391297,0.044506797
-24881,134,202502,34,81,81,2025,63.328585,-172.683035,8/7/2025 13:23,21720,Pacific cod,NA,NA,NA,NA,NA,ZZ-23,10.19107352,2,43.3662703,0.046118792
-24880,134,202502,33,81,81,2025,63.66601,-172.708765,8/7/2025 10:25,21720,Pacific cod,NA,NA,NA,NA,NA,AA-23,0,0,0,0.045812364
-24879,134,202502,32,70,70,2025,63.532495,-171.997175,8/7/2025 7:37,21720,Pacific cod,NA,NA,NA,NA,NA,AA-22,641.7421991,9,199.8505118,0.04503366
-24878,162,202502,33,71,71,2025,63.999535,-165.308255,8/6/2025 16:30,21720,Pacific cod,NA,NA,NA,NA,NA,BB-05,0,0,0,0.040514771
-24877,162,202502,32,71,71,2025,63.66277,-165.30376,8/6/2025 13:54,21720,Pacific cod,NA,NA,NA,NA,NA,AA-05,0,0,0,0.035487516
-24876,162,202502,31,71,71,2025,63.33647,-165.306415,8/6/2025 11:10,21720,Pacific cod,NA,NA,NA,NA,NA,ZZ-05,0,0,0,0.037849109
-24875,162,202502,30,71,71,2025,63.665845,-164.56358,8/6/2025 7:35,21720,Pacific cod,NA,NA,NA,NA,NA,AA-06,0,0,0,0.044626143
-24874,134,202502,31,71,71,2025,63.699575,-171.03617,8/6/2025 16:12,21720,Pacific cod,NA,NA,NA,NA,NA,AA-21,25.07988463,3,148.4016842,0.020215404
-24873,134,202502,30,71,71,2025,63.994965,-171.328945,8/6/2025 13:29,21720,Pacific cod,NA,NA,NA,NA,NA,BB-21,11.75308069,2,63.01919943,0.03173636
-24872,134,202502,29,71,71,2025,64.01314,-171.79293,8/6/2025 10:36,21720,Pacific cod,NA,NA,NA,NA,NA,BB-22,39.31214582,2,46.11395404,0.04337082
-24871,134,202502,28,71,71,2025,64.241165,-171.083035,8/6/2025 7:21,21720,Pacific cod,NA,NA,NA,NA,NA,CC-21,2.935280922,1,23.86407253,0.041903996
-24870,162,202502,29,71,71,2025,64.000455,-164.570405,8/5/2025 16:01,21720,Pacific cod,NA,NA,NA,NA,NA,BB-06,0,0,0,0.043449165
-24869,162,202502,28,71,71,2025,64.0019,-163.774825,8/5/2025 13:15,21720,Pacific cod,NA,NA,NA,NA,NA,BB-07,0,0,0,0.039177465
-24868,162,202502,27,71,71,2025,63.66738,-163.815605,8/5/2025 10:22,21720,Pacific cod,NA,NA,NA,NA,NA,AA-07,0,0,0,0.038811234
-24867,162,202502,26,71,71,2025,63.66739,-163.065275,8/5/2025 7:40,21720,Pacific cod,NA,NA,NA,NA,NA,AA-08,0,0,0,0.045597774
-24866,134,202502,27,71,71,2025,64.64311,-170.619415,8/5/2025 16:22,21720,Pacific cod,NA,NA,NA,NA,NA,DD-20,0,0,0,0.043538346
-24865,134,202502,26,71,71,2025,64.65416,-169.901115,8/5/2025 13:45,21720,Pacific cod,NA,NA,NA,NA,NA,DD-19,336.8540062,3,66.40134166,0.04517981
-24864,134,202502,25,71,71,2025,64.959485,-169.85947,8/5/2025 11:15,21720,Pacific cod,NA,NA,NA,NA,NA,EE-19,0.457774062,1,22.88870311,0.043689675
-24863,134,202502,24,71,71,2025,65.227095,-168.89809,8/5/2025 7:22,21720,Pacific cod,NA,NA,NA,NA,NA,FF-18,167.1344887,1,22.07853219,0.045292866
-24862,134,202502,23,71,71,2025,65.0165,-169.117765,8/4/2025 16:08,21720,Pacific cod,NA,NA,NA,NA,NA,EE-18,427.970759,3,62.93687633,0.047666808
-24861,134,202502,22,71,71,2025,64.685905,-169.14595,8/4/2025 13:31,21720,Pacific cod,NA,NA,NA,NA,NA,DD-18,1.350605447,1,21.43818171,0.046645747
-24860,134,202502,21,71,71,2025,64.668805,-168.36763,8/4/2025 10:35,21720,Pacific cod,NA,NA,NA,NA,NA,DD-01,423.1247891,7,168.2882684,0.041595294
-24859,134,202502,20,71,71,2025,64.997205,-168.356555,8/4/2025 7:25,21720,Pacific cod,NA,NA,NA,NA,NA,EE-01,1229.50903,17,367.6179451,0.046243662
-24858,162,202502,25,71,71,2025,63.999685,-163.06391,8/4/2025 15:57,21720,Pacific cod,NA,NA,NA,NA,NA,BB-08,0,0,0,0.041108774
-24857,162,202502,24,71,71,2025,63.998895,-162.3131,8/4/2025 13:10,21720,Pacific cod,NA,NA,NA,NA,NA,BB-09,0,0,0,0.02818782
-24856,162,202502,23,71,71,2025,63.99721,-161.52765,8/4/2025 10:20,21720,Pacific cod,NA,NA,NA,NA,NA,BB-10,0,0,0,0.038949118
-24855,162,202502,22,71,71,2025,64.31838,-161.571955,8/4/2025 7:38,21720,Pacific cod,NA,NA,NA,NA,NA,CC-10,0,0,0,0.037162736
-24854,134,202502,19,71,71,2025,65.338795,-168.395395,8/3/2025 15:40,21720,Pacific cod,NA,NA,NA,NA,NA,FF-01,0,0,0,0.0454104
-24853,134,202502,18,71,71,2025,65.305375,-167.67873,8/3/2025 12:02,21720,Pacific cod,NA,NA,NA,NA,NA,FF-02,0,0,0,0.04289445
-24852,134,202502,17,71,71,2025,65.02203,-167.65481,8/3/2025 9:51,21720,Pacific cod,NA,NA,NA,NA,NA,EE-02,0,0,0,0.04582607
-24851,134,202502,16,71,71,2025,64.69391,-167.60511,8/3/2025 7:19,21720,Pacific cod,NA,NA,NA,NA,NA,DD-02,134.450888,1,20.4955622,0.04879105
-24850,162,202502,21,71,71,2025,64.33126,-162.270835,8/3/2025 16:29,21720,Pacific cod,NA,NA,NA,NA,NA,CC-09,0,0,0,0.039140352
-24849,162,202502,20,71,71,2025,64.251405,-163.15037,8/3/2025 13:22,21720,Pacific cod,NA,NA,NA,NA,NA,CC-08,0,0,0,0.039594372
-24848,162,202502,19,71,71,2025,64.338635,-163.7891,8/3/2025 10:48,21720,Pacific cod,NA,NA,NA,NA,NA,CC-07,0,0,0,0.03806784
-24845,162,202502,16,71,71,2025,64.323155,-164.56156,8/2/2025 17:23,21720,Pacific cod,NA,NA,NA,NA,NA,CC-06,0,0,0,0.036766589
-24844,162,202502,15,71,71,2025,64.32543,-165.311355,8/2/2025 14:39,21720,Pacific cod,NA,NA,NA,NA,NA,CC-05,1.148664792,2,51.05176854,0.03917592
-24843,162,202502,14,71,71,2025,64.330365,-166.05457,8/2/2025 11:51,21720,Pacific cod,NA,NA,NA,NA,NA,CC-04,0.506015,1,24.0959524,0.041500746
-24842,134,202502,15,71,71,2025,64.663575,-166.823615,8/2/2025 12:46,21720,Pacific cod,NA,NA,NA,NA,NA,DD-03,4.959412193,2,44.28046601,0.045166643
-24837,162,202502,13,70,70,2025,63.002375,-166.050525,7/30/2025 10:38,21720,Pacific cod,NA,NA,NA,NA,NA,Y-04,0,0,0,0.036276528
-24836,162,202502,12,70,70,2025,63.005375,-166.73155,7/30/2025 8:04,21720,Pacific cod,NA,NA,NA,NA,NA,Y-03,895.6011012,39,895.4174258,0.043555105
-24835,134,202502,14,71,71,2025,63.333165,-166.04532,7/30/2025 10:21,21720,Pacific cod,NA,NA,NA,NA,NA,ZZ-04,753.9803761,7,202.7062501,0.034532729
-24834,134,202502,13,71,71,2025,63.335755,-166.72391,7/30/2025 7:50,21720,Pacific cod,NA,NA,NA,NA,NA,ZZ-03,380.7253772,4,92.35303267,0.043312059
-24829,162,202502,11,70,70,2025,62.63132,-166.751575,7/29/2025 13:47,21720,Pacific cod,NA,NA,NA,NA,NA,X-03,256.2319274,13,307.3175621,0.04230152
-24828,162,202502,10,70,70,2025,62.32092,-166.729565,7/29/2025 11:08,21720,Pacific cod,NA,NA,NA,NA,NA,W-03,0,0,0,0.042421585
-24827,162,202502,9,70,70,2025,62.336855,-167.482055,7/29/2025 8:08,21720,Pacific cod,NA,NA,NA,NA,NA,W-02,1259.746683,18,412.4307073,0.043643695
-24826,134,202502,12,71,71,2025,63.33477,-167.502915,7/29/2025 16:01,21720,Pacific cod,NA,NA,NA,NA,NA,ZZ-02,32.26688703,3,73.38943222,0.04087782
-24825,134,202502,11,70,70,2025,62.9992,-167.482925,7/29/2025 13:21,21720,Pacific cod,NA,NA,NA,NA,NA,Y-02,777.2773338,6,157.3860692,0.038122815
-24824,134,202502,10,70,70,2025,62.67492,-167.467735,7/29/2025 10:45,21720,Pacific cod,NA,NA,NA,NA,NA,X-02,0,0,0,0.0397437
-24823,134,202502,9,70,70,2025,62.661645,-168.20034,7/29/2025 7:50,21720,Pacific cod,NA,NA,NA,NA,NA,X-01,90.52527253,4,96.5602907,0.041424896
-24816,162,202502,8,70,70,2025,61.985225,-168.844215,7/28/2025 16:28,21720,Pacific cod,NA,NA,NA,NA,NA,V-18,376.9557412,5,119.2897915,0.041914735
-24815,162,202502,7,70,70,2025,61.6647,-168.817745,7/28/2025 13:35,21720,Pacific cod,NA,NA,NA,NA,NA,U-18,623.8861027,9,209.5843725,0.042942133
-24814,162,202502,6,70,70,2025,61.663305,-169.49351,7/28/2025 11:03,21720,Pacific cod,NA,NA,NA,NA,NA,U-19,172.6569938,2,46.59478985,0.042923254
-24813,162,202502,5,70,70,2025,61.32906,-169.46402,7/28/2025 8:06,21720,Pacific cod,NA,NA,NA,NA,NA,T-19,426.2442319,5,121.6936653,0.041086773
-24808,134,202502,8,70,70,2025,62.314935,-169.55421,7/28/2025 16:00,21720,Pacific cod,NA,NA,NA,NA,NA,W-19,227.3093764,9,212.7700871,0.042299179
-24807,134,202502,7,70,70,2025,62.02468,-169.57123,7/28/2025 13:22,21720,Pacific cod,NA,NA,NA,NA,NA,V-19,10.18601566,3,67.90677107,0.044178216
-24806,134,202502,6,70,70,2025,62.00012,-170.25527,7/28/2025 10:38,21720,Pacific cod,NA,NA,NA,NA,NA,V-20,226.7059624,9,201.2183098,0.04472754
-24805,134,202502,5,70,70,2025,61.66155,-170.19268,7/28/2025 7:51,21720,Pacific cod,NA,NA,NA,NA,NA,U-20,46.41520079,9,197.0456637,0.045674692
-24804,162,202502,4,81,81,2025,61.336995,-171.538585,7/27/2025 16:30,21720,Pacific cod,NA,NA,NA,NA,NA,T-22,303.5681172,8,168.4617743,0.047488518
-24803,162,202502,3,81,81,2025,61.332595,-172.186995,7/27/2025 13:58,21720,Pacific cod,NA,NA,NA,NA,NA,T-23,196.0352897,8,147.0494437,0.05440347
-24802,162,202502,2,81,81,2025,61.34168,-172.925195,7/27/2025 11:04,21720,Pacific cod,NA,NA,NA,NA,NA,T-24,125.0388304,4,78.14926901,0.0511841
-24801,162,202502,1,81,81,2025,61.66009,-173.12051,7/27/2025 8:09,21720,Pacific cod,NA,NA,NA,NA,NA,U-24,0.324651298,1,19.09713519,0.052363875
-24800,134,202502,4,81,81,2025,61.665955,-171.59011,7/27/2025 16:34,21720,Pacific cod,NA,NA,NA,NA,NA,U-22,1067.255606,24,590.5139834,0.04064256
-24799,134,202502,3,81,81,2025,61.673935,-172.268045,7/27/2025 13:57,21720,Pacific cod,NA,NA,NA,NA,NA,U-23,274.0913304,9,172.2400484,0.052252656
-24798,134,202502,2,81,81,2025,61.99319,-172.369015,7/27/2025 11:10,21720,Pacific cod,NA,NA,NA,NA,NA,V-23,35.37843449,3,67.17424271,0.044659975
-24788,134,202502,1,81,81,2025,62.003165,-173.01432,7/27/2025 8:10,21720,Pacific cod,NA,NA,NA,NA,NA,V-24,4.939330721,2,43.32746246,0.0461601
-23126,162,202302,67,70,70,2023,60.67695,-169.368495,8/20/2023 10:57,21720,Pacific cod,NA,NA,NA,NA,NA,R-19,2346.18446,68,1480.792123,0.045921368
-23125,162,202302,66,70,70,2023,60.6709,-170.053705,8/20/2023 8:18,21720,Pacific cod,NA,NA,NA,NA,NA,R-20,1907.302746,53,1170.124384,0.04529433
-23124,162,202302,65,70,70,2023,61.02178,-168.73981,8/19/2023 18:04,21720,Pacific cod,NA,NA,NA,NA,NA,S-18,1676.382233,34,791.6249434,0.042949632
-23123,162,202302,64,70,70,2023,61.335715,-169.448875,8/19/2023 14:30,21720,Pacific cod,NA,NA,NA,NA,NA,T-19,1480.407446,82,1939.191862,0.042285656
-23122,162,202302,63,70,70,2023,61.334315,-170.173255,8/19/2023 11:43,21720,Pacific cod,NA,NA,NA,NA,NA,T-20,373.4306803,6,130.1152196,0.046112976
-23121,162,202302,62,81,81,2023,61.003975,-170.821735,8/19/2023 8:26,21720,Pacific cod,NA,NA,NA,NA,NA,S-21,896.2092667,17,379.0882691,0.044844437
-23120,134,202302,54,70,70,2023,60.67053,-168.69543,8/18/2023 10:55,21720,Pacific cod,NA,NA,NA,NA,NA,R-18,745.9908658,49,1057.867466,0.046319602
-23119,134,202302,53,70,70,2023,60.66684,-167.998665,8/18/2023 7:59,21720,Pacific cod,NA,NA,NA,NA,NA,R-01,366.8400898,7,142.9300138,0.048975018
-23118,134,202302,52,70,70,2023,60.672065,-167.33131,8/17/2023 13:31,21720,Pacific cod,NA,NA,NA,NA,NA,R-02,118.4486092,1,23.83271815,0.041959125
-23117,134,202302,51,70,70,2023,61.000775,-167.33965,8/17/2023 10:43,21720,Pacific cod,NA,NA,NA,NA,NA,S-02,4.894863004,3,69.92661435,0.04290212
-23116,134,202302,50,70,70,2023,61.33718,-167.37634,8/17/2023 7:58,21720,Pacific cod,NA,NA,NA,NA,NA,T-02,5.408735814,7,164.6136987,0.0425238
-23115,162,202302,61,81,81,2023,61.667885,-170.89998,8/18/2023 19:05,21720,Pacific cod,NA,NA,NA,NA,NA,U-21,1588.41153,17,376.1386824,0.045196096
-23114,162,202302,60,81,81,2023,61.653885,-171.581645,8/18/2023 16:27,21720,Pacific cod,NA,NA,NA,NA,NA,U-22,364.7044813,9,196.8774191,0.045713724
-23113,162,202302,59,81,81,2023,61.333615,-171.527505,8/18/2023 13:42,21720,Pacific cod,NA,NA,NA,NA,NA,T-22,920.5416232,16,342.2087819,0.046755083
-23112,162,202302,58,81,81,2023,61.333845,-172.26464,8/18/2023 11:00,21720,Pacific cod,NA,NA,NA,NA,NA,T-23,54.52018692,3,58.41448598,0.051357124
-23111,162,202302,57,81,81,2023,61.33713,-172.93205,8/18/2023 8:29,21720,Pacific cod,NA,NA,NA,NA,NA,T-24,0,0,0,0.047260909
-23110,162,202302,56,81,81,2023,62.006165,-173.052805,8/17/2023 17:13,21720,Pacific cod,NA,NA,NA,NA,NA,V-24,200.6357903,3,61.41911946,0.048844725
-23109,162,202302,55,81,81,2023,62.001605,-172.33696,8/17/2023 14:16,21720,Pacific cod,NA,NA,NA,NA,NA,V-23,550.2797943,7,135.4415809,0.051682799
-23108,162,202302,54,70,70,2023,62.002845,-171.61872,8/17/2023 11:15,21720,Pacific cod,NA,NA,NA,NA,NA,V-22,269.264314,6,129.8702479,0.046199958
-23107,162,202302,53,70,70,2023,62.00501,-170.9444,8/17/2023 8:17,21720,Pacific cod,NA,NA,NA,NA,NA,V-21,1395.319228,17,359.1827207,0.047329671
-23106,162,202302,52,70,70,2023,62.000045,-170.261115,8/16/2023 18:26,21720,Pacific cod,NA,NA,NA,NA,NA,V-20,872.3214624,13,283.4336169,0.045866119
-23105,162,202302,51,70,70,2023,62.33869,-170.315925,8/16/2023 15:46,21720,Pacific cod,NA,NA,NA,NA,NA,W-20,996.2552406,17,425.1089129,0.039989752
-23104,162,202302,50,70,70,2023,62.331915,-171.05822,8/16/2023 13:10,21720,Pacific cod,NA,NA,NA,NA,NA,W-21,371.4750058,9,194.8295485,0.046194225
-23103,162,202302,49,81,81,2023,62.33095,-171.745325,8/16/2023 10:47,21720,Pacific cod,NA,NA,NA,NA,NA,W-22,663.4631362,11,255.7145935,0.043016708
-23102,162,202302,48,81,81,2023,62.332475,-172.420025,8/16/2023 8:21,21720,Pacific cod,NA,NA,NA,NA,NA,W-23,429.9743971,4,91.38669439,0.043770048
-23101,134,202302,49,70,70,2023,61.33398,-168.04926,8/16/2023 13:31,21720,Pacific cod,NA,NA,NA,NA,NA,T-01,943.7962803,29,623.2657496,0.046529109
-23100,134,202302,48,70,70,2023,61.33499,-168.77836,8/16/2023 10:52,21720,Pacific cod,NA,NA,NA,NA,NA,T-18,315.1093001,19,366.1820613,0.051886758
-23099,134,202302,47,70,70,2023,61.66776,-168.80278,8/16/2023 8:01,21720,Pacific cod,NA,NA,NA,NA,NA,U-18,1188.296035,42,908.9133759,0.046209024
-23098,162,202302,47,81,81,2023,62.66519,-172.5057,8/15/2023 15:28,21720,Pacific cod,NA,NA,NA,NA,NA,X-23,50.2390121,1,19.93611591,0.050160222
-23097,162,202302,46,81,81,2023,62.66809,-173.266645,8/15/2023 13:03,21720,Pacific cod,NA,NA,NA,NA,NA,X-24,0,0,0,0.02263904
-23096,134,202302,46,70,70,2023,61.664965,-167.418785,8/15/2023 13:18,21720,Pacific cod,NA,NA,NA,NA,NA,U-02,160.6296426,1,20.00369148,0.049990773
-23095,134,202302,45,70,70,2023,61.65765,-166.75407,8/15/2023 10:48,21720,Pacific cod,NA,NA,NA,NA,NA,U-03,0,0,0,0.032027086
-23094,134,202302,44,70,70,2023,61.332755,-166.74057,8/15/2023 7:53,21720,Pacific cod,NA,NA,NA,NA,NA,T-03,0,0,0,0.040830522
-23093,134,202302,43,70,70,2023,62.004165,-166.69662,8/14/2023 14:17,21720,Pacific cod,NA,NA,NA,NA,NA,V-03,0,0,0,0.043656984
-23092,134,202302,42,70,70,2023,62.331235,-166.720475,8/14/2023 11:32,21720,Pacific cod,NA,NA,NA,NA,NA,W-03,0,0,0,0.041632136
-23091,134,202302,41,70,70,2023,62.33305,-167.450805,8/14/2023 8:44,21720,Pacific cod,NA,NA,NA,NA,NA,W-02,419.7281218,8,171.4400579,0.04666354
-23089,162,202302,45,81,81,2023,62.64986,-173.9089,8/14/2023 11:05,21720,Pacific cod,NA,NA,NA,NA,NA,X-25,0,0,0,0.047874705
-23088,162,202302,44,81,81,2023,62.9977,-174.01748,8/14/2023 8:23,21720,Pacific cod,NA,NA,NA,NA,NA,Y-25,0,0,0,0.052880289
-23087,162,202302,43,81,81,2023,63.339365,-173.382295,8/13/2023 18:12,21720,Pacific cod,NA,NA,NA,NA,NA,ZZ-24,0,0,0,0.046812755
-23086,162,202302,42,81,81,2023,63.325215,-172.58325,8/13/2023 15:29,21720,Pacific cod,NA,NA,NA,NA,NA,ZZ-23,151.4334,1,20.97415512,0.047677725
-23085,162,202302,41,70,70,2023,62.98291,-171.796425,8/13/2023 10:53,21720,Pacific cod,NA,NA,NA,NA,NA,Y-22,705.6403088,11,229.0228785,0.048030136
-23084,162,202302,40,70,70,2023,62.99212,-171.129155,8/13/2023 8:05,21720,Pacific cod,NA,NA,NA,NA,NA,Y-21,662.7647589,13,283.0467104,0.045928815
-23083,134,202302,39,70,70,2023,61.99084,-168.8428,8/13/2023 14:04,21720,Pacific cod,NA,NA,NA,NA,NA,V-18,3839.914055,63,1370.077507,0.0459828
-23082,134,202302,38,70,70,2023,61.99784,-169.5559,8/13/2023 10:46,21720,Pacific cod,NA,NA,NA,NA,NA,V-19,1682.296653,NA,NA,0.047120108
-23081,134,202302,37,70,70,2023,62.329815,-169.596365,8/13/2023 7:55,21720,Pacific cod,NA,NA,NA,NA,NA,W-19,1914.157258,46,960.1050472,0.047911424
-23080,162,202302,39,70,70,2023,62.67057,-170.337955,8/12/2023 16:36,21720,Pacific cod,NA,NA,NA,NA,NA,X-20,649.3270063,22,447.2509123,0.049189391
-23079,162,202302,38,70,70,2023,62.672485,-169.580125,8/12/2023 13:47,21720,Pacific cod,NA,NA,NA,NA,NA,X-19,466.1704925,11,260.2982445,0.042259217
-23078,162,202302,37,70,70,2023,62.868295,-168.83146,8/12/2023 10:48,21720,Pacific cod,NA,NA,NA,NA,NA,Y-18,1114.271961,18,409.9937713,0.043903106
-23077,162,202302,36,70,70,2023,63.010525,-168.216655,8/12/2023 8:05,21720,Pacific cod,NA,NA,NA,NA,NA,Y-01,5759.365634,84,2241.62132,0.037472877
-23076,134,202302,36,70,70,2023,62.33088,-168.159735,8/12/2023 13:11,21720,Pacific cod,NA,NA,NA,NA,NA,W-01,2763.906313,59,1313.178229,0.044929164
-23075,134,202302,35,70,70,2023,62.663675,-168.17895,8/12/2023 10:33,21720,Pacific cod,NA,NA,NA,NA,NA,X-01,0,0,0,0.032726335
-23074,134,202302,34,70,70,2023,62.668125,-168.89322,8/12/2023 7:33,21720,Pacific cod,NA,NA,NA,NA,NA,X-18,1446.412835,25,587.1135067,0.042581204
-23072,162,202302,35,71,71,2023,63.685195,-168.2721,8/11/2023 17:00,21720,Pacific cod,NA,NA,NA,NA,NA,AA-01,328.4125385,6,144.4629935,0.041533128
-23071,162,202302,34,71,71,2023,64.012625,-168.303565,8/11/2023 14:31,21720,Pacific cod,NA,NA,NA,NA,NA,BB-01,249.7048064,2,47.74470486,0.041889462
-23070,162,202302,33,71,71,2023,64.326695,-168.33837,8/11/2023 12:09,21720,Pacific cod,NA,NA,NA,NA,NA,CC-01,3.052392641,1,25.43660534,0.039313422
-23069,162,202302,31,71,71,2023,64.343155,-167.564375,8/11/2023 8:04,21720,Pacific cod,NA,NA,NA,NA,NA,CC-02,573.5258638,11,265.2533006,0.041469795
-23068,134,202302,33,71,71,2023,63.34754,-168.26787,8/11/2023 15:55,21720,Pacific cod,NA,NA,NA,NA,NA,ZZ-01,339.9579381,7,164.230888,0.04262292
-23067,134,202302,32,70,70,2023,62.994445,-167.448095,8/11/2023 11:51,21720,Pacific cod,NA,NA,NA,NA,NA,Y-02,710.9083168,12,257.7311118,0.046560153
-23066,134,202302,31,70,70,2023,62.999425,-166.769245,8/11/2023 7:37,21720,Pacific cod,NA,NA,NA,NA,NA,Y-03,556.1434419,20,428.9575332,0.046624662
-23065,162,202302,30,71,71,2023,64.335255,-166.830965,8/10/2023 18:02,21720,Pacific cod,NA,NA,NA,NA,NA,CC-03,487.2099278,20,463.7444583,0.0431272
-23064,162,202302,29,71,71,2023,64.687975,-166.861775,8/10/2023 14:49,21720,Pacific cod,NA,NA,NA,NA,NA,DD-03,20.54956351,10,236.7461234,0.04223934
-23063,162,202302,28,71,71,2023,64.66966,-167.623415,8/10/2023 12:07,21720,Pacific cod,NA,NA,NA,NA,NA,DD-02,1006.745831,15,365.6461855,0.041023264
-23062,162,202302,27,71,71,2023,64.665385,-168.339855,8/10/2023 8:08,21720,Pacific cod,NA,NA,NA,NA,NA,DD-01,642.7766837,4,99.57810747,0.040169472
-23061,134,202302,30,71,71,2023,63.339575,-167.51748,8/10/2023 14:40,21720,Pacific cod,NA,NA,NA,NA,NA,ZZ-02,540.9850926,15,344.1380996,0.043587153
-23060,134,202302,29,71,71,2023,63.332325,-166.76024,8/10/2023 11:32,21720,Pacific cod,NA,NA,NA,NA,NA,ZZ-03,252.7560048,5,101.5084357,0.04925699
-23059,134,202302,28,71,71,2023,63.66499,-166.779695,8/10/2023 7:34,21720,Pacific cod,NA,NA,NA,NA,NA,AA-03,757.8746638,36,777.7061712,0.046289976
-23058,162,202302,26,71,71,2023,64.998255,-168.35851,8/9/2023 17:16,21720,Pacific cod,NA,NA,NA,NA,NA,EE-01,605.3713532,7,150.696994,0.046450827
-23057,162,202302,25,71,71,2023,65.00305,-167.634765,8/9/2023 14:25,21720,Pacific cod,NA,NA,NA,NA,NA,EE-02,1.858840833,3,75.35841214,0.039809756
-23056,162,202302,24,71,71,2023,65.309555,-167.671965,8/9/2023 11:14,21720,Pacific cod,NA,NA,NA,NA,NA,FF-02,0.981211757,2,49.06058786,0.04076592
-23055,162,202302,23,71,71,2023,65.334355,-168.380475,8/9/2023 8:06,21720,Pacific cod,NA,NA,NA,NA,NA,FF-01,2990.049878,23,528.1881015,0.043545093
-23053,162,202302,22,71,71,2023,65.22058,-168.89404,8/8/2023 18:23,21720,Pacific cod,NA,NA,NA,NA,NA,FF-18,734.4165327,2,88.69764887,0.022548512
-23052,162,202302,20,71,71,2023,65.00504,-169.124595,8/8/2023 13:58,21720,Pacific cod,NA,NA,NA,NA,NA,EE-18,286.619096,2,43.55913313,0.045914596
-23051,162,202302,19,71,71,2023,64.97509,-169.874555,8/8/2023 11:26,21720,Pacific cod,NA,NA,NA,NA,NA,EE-19,0,0,0,0.047867391
-23050,162,202302,18,71,71,2023,64.648075,-170.61273,8/8/2023 8:09,21720,Pacific cod,NA,NA,NA,NA,NA,DD-20,0,0,0,0.045265025
-23049,162,202302,17,71,71,2023,64.238655,-171.08973,8/7/2023 19:53,21720,Pacific cod,NA,NA,NA,NA,NA,CC-21,0.719382298,1,23.97940994,0.041702444
-23048,162,202302,16,71,71,2023,64.335485,-170.5984,8/7/2023 16:38,21720,Pacific cod,NA,NA,NA,NA,NA,CC-20,3.474294415,1,27.14292512,0.036842013
-23047,162,202302,15,71,71,2023,64.33681,-169.844335,8/7/2023 13:58,21720,Pacific cod,NA,NA,NA,NA,NA,CC-19,0,0,0,0.043173944
-23046,162,202302,14,71,71,2023,64.65517,-169.907815,8/7/2023 11:20,21720,Pacific cod,NA,NA,NA,NA,NA,DD-19,206.2643926,2,40.84443417,0.04896628
-23045,162,202302,13,71,71,2023,64.667855,-169.14426,8/7/2023 8:08,21720,Pacific cod,NA,NA,NA,NA,NA,DD-18,0,0,0,0.04662188
-23044,134,202302,27,71,71,2023,63.66915,-167.52462,8/9/2023 15:17,21720,Pacific cod,NA,NA,NA,NA,NA,AA-02,941.8581286,13,325.5558541,0.039931704
-23043,134,202302,26,71,71,2023,63.99407,-167.541905,8/9/2023 12:17,21720,Pacific cod,NA,NA,NA,NA,NA,BB-02,451.4408205,4,91.10813734,0.043903872
-23042,134,202302,25,71,71,2023,64.001535,-166.81582,8/9/2023 8:10,21720,Pacific cod,NA,NA,NA,NA,NA,BB-03,299.1633441,3,63.38206442,0.047332002
-23041,134,202302,24,71,71,2023,64.332785,-166.0594,8/3/2023 13:28,21720,Pacific cod,NA,NA,NA,NA,NA,CC-04,3.07406797,5,114.7040287,0.043590448
-23040,134,202302,23,71,71,2023,64.00675,-166.03931,8/3/2023 10:35,21720,Pacific cod,NA,NA,NA,NA,NA,BB-04,273.6598752,12,301.5535814,0.039793923
-23039,134,202302,22,71,71,2023,63.669355,-166.046845,8/3/2023 7:25,21720,Pacific cod,NA,NA,NA,NA,NA,AA-04,303.7561528,25,545.6174609,0.045819648
-23038,134,202302,21,70,70,2023,63.00634,-166.02392,8/2/2023 16:58,21720,Pacific cod,NA,NA,NA,NA,NA,Y-04,0,0,0,0.040874859
-23037,134,202302,20,71,71,2023,63.32436,-166.029845,8/2/2023 13:58,21720,Pacific cod,NA,NA,NA,NA,NA,ZZ-04,0,0,0,0.03676885
-23036,134,202302,19,71,71,2023,63.32683,-165.354495,8/2/2023 10:57,21720,Pacific cod,NA,NA,NA,NA,NA,ZZ-05,0,0,0,0.034809425
-23034,134,202302,17,71,71,2023,63.667235,-165.28458,8/2/2023 7:26,21720,Pacific cod,NA,NA,NA,NA,NA,AA-05,0,0,0,0.041680008
-23033,162,202302,12,71,71,2023,64.311145,-169.095205,8/6/2023 18:05,21720,Pacific cod,NA,NA,NA,NA,NA,CC-18,202.9696936,3,67.3571992,0.044538669
-23032,162,202302,11,71,71,2023,64.0034,-169.05327,8/6/2023 13:53,21720,Pacific cod,NA,NA,NA,NA,NA,BB-18,124.8551261,2,44.11841913,0.04533254
-23031,162,202302,10,71,71,2023,63.667625,-169.03946,8/6/2023 11:16,21720,Pacific cod,NA,NA,NA,NA,NA,AA-18,317.7037829,4,86.80431226,0.04608066
-23030,162,202302,9,71,71,2023,63.66424,-169.76115,8/6/2023 8:12,21720,Pacific cod,NA,NA,NA,NA,NA,AA-19,614.6109407,12,266.4498298,0.045036621
-23029,162,202302,8,71,71,2023,63.989585,-169.78633,8/5/2023 17:52,21720,Pacific cod,NA,NA,NA,NA,NA,BB-19,0,0,0,0.046122696
-23028,162,202302,7,71,71,2023,63.99256,-170.542745,8/5/2023 13:30,21720,Pacific cod,NA,NA,NA,NA,NA,BB-20,87.88325674,2,42.86988134,0.0466528
-23027,162,202302,6,71,71,2023,63.69833,-171.06283,8/4/2023 17:55,21720,Pacific cod,NA,NA,NA,NA,NA,AA-21,0.754239296,1,25.14130987,0.039775175
-23026,162,202302,5,71,71,2023,63.999665,-171.338195,8/4/2023 14:33,21720,Pacific cod,NA,NA,NA,NA,NA,BB-21,0,0,0,0.043350748
-23025,162,202302,4,71,71,2023,64.01139,-172.00107,8/4/2023 11:28,21720,Pacific cod,NA,NA,NA,NA,NA,BB-22,0,0,0,0.04638654
-23024,162,202302,3,70,70,2023,63.54793,-172.005705,8/4/2023 8:14,21720,Pacific cod,NA,NA,NA,NA,NA,AA-22,483.5950031,11,246.503477,0.044624117
-23021,162,202302,2,81,81,2023,62.32472,-174.577415,8/3/2023 17:10,21720,Pacific cod,NA,NA,NA,NA,NA,W-26,0,0,0,0.053628507
-23020,162,202302,1,81,81,2023,62.333175,-175.274615,8/3/2023 14:16,21720,Pacific cod,NA,NA,NA,NA,NA,W-27,0,0,0,0.05645222
-23002,134,202302,16,71,71,2023,64.00829,-165.325525,8/1/2023 16:34,21720,Pacific cod,NA,NA,NA,NA,NA,BB-05,0,0,0,0.04187682
-23000,134,202302,14,71,71,2023,64.0023,-164.58072,8/1/2023 13:05,21720,Pacific cod,NA,NA,NA,NA,NA,BB-06,0,0,0,0.04330665
-22999,134,202302,13,71,71,2023,63.672145,-164.562725,8/1/2023 10:20,21720,Pacific cod,NA,NA,NA,NA,NA,AA-06,0,0,0,0.044297586
-22998,134,202302,12,71,71,2023,63.665185,-163.794375,8/1/2023 7:24,21720,Pacific cod,NA,NA,NA,NA,NA,AA-07,0,0,0,0.039801024
-22994,134,202302,11,71,71,2023,63.678085,-163.078815,7/31/2023 16:44,21720,Pacific cod,NA,NA,NA,NA,NA,AA-08,0,0,0,0.04185812
-22993,134,202302,10,71,71,2023,64.002385,-163.849765,7/31/2023 12:46,21720,Pacific cod,NA,NA,NA,NA,NA,BB-07,0,0,0,0.043596168
-22992,134,202302,9,71,71,2023,64.000955,-163.070585,7/31/2023 10:16,21720,Pacific cod,NA,NA,NA,NA,NA,BB-08,0,0,0,0.046863696
-22991,134,202302,8,71,71,2023,63.99862,-162.273305,7/31/2023 7:31,21720,Pacific cod,NA,NA,NA,NA,NA,BB-09,0,0,0,0.04150824
-22981,134,202302,7,71,71,2023,63.991735,-161.545545,7/30/2023 15:48,21720,Pacific cod,NA,NA,NA,NA,NA,BB-10,0,0,0,0.040633088
-22980,134,202302,6,71,71,2023,64.29604,-161.571605,7/30/2023 13:17,21720,Pacific cod,NA,NA,NA,NA,NA,CC-10,0,0,0,0.04395937
-22979,134,202302,5,71,71,2023,64.3324,-162.254515,7/30/2023 10:43,21720,Pacific cod,NA,NA,NA,NA,NA,CC-09,0,0,0,0.04074144
-22978,134,202302,4,71,71,2023,64.249565,-163.129415,7/30/2023 7:28,21720,Pacific cod,NA,NA,NA,NA,NA,CC-08,0,0,0,0.04154927
-22968,134,202302,3,71,71,2023,64.33521,-163.78499,7/29/2023 14:56,21720,Pacific cod,NA,NA,NA,NA,NA,CC-07,0,0,0,0.041516416
-22967,134,202302,2,71,71,2023,64.324075,-164.53386,7/29/2023 11:21,21720,Pacific cod,NA,NA,NA,NA,NA,CC-06,0,0,0,0.041792456
-22966,134,202302,1,71,71,2023,64.311,-165.314135,7/29/2023 7:34,21720,Pacific cod,NA,NA,NA,NA,NA,CC-05,0,0,0,0.043145052
-22026,162,202202,75,70,70,2022,60.665715,-167.344555,8/20/2022 13:41,21720,Pacific cod,NA,NA,NA,NA,NA,R-02,0.04488705,1,22.44352485,0.044556281
-22025,162,202202,74,70,70,2022,60.670495,-168.0241,8/20/2022 10:47,21720,Pacific cod,NA,NA,NA,NA,NA,R-01,115.2581941,2,45.04032596,0.044404652
-22024,162,202202,73,70,70,2022,60.66605,-168.67883,8/20/2022 7:57,21720,Pacific cod,NA,NA,NA,NA,NA,R-18,2289.299683,65,1505.05188,0.04318788
-22023,162,202202,72,70,70,2022,60.670395,-170.060395,8/19/2022 16:08,21720,Pacific cod,NA,NA,NA,NA,NA,R-20,2653.140069,76,1606.042575,0.047321286
-22022,162,202202,71,70,70,2022,60.66884,-169.38777,8/19/2022 13:21,21720,Pacific cod,NA,NA,NA,NA,NA,R-19,136.9675709,4,78.44648965,0.050990172
-22021,162,202202,70,70,70,2022,60.999665,-169.439805,8/19/2022 10:31,21720,Pacific cod,NA,NA,NA,NA,NA,S-19,1310.338779,50,1147.648174,0.043567359
-22020,162,202202,69,70,70,2022,61.326755,-169.46998,8/19/2022 7:58,21720,Pacific cod,NA,NA,NA,NA,NA,T-19,3503.685198,152,3553.575528,0.04277382
-22019,94,202202,71,70,70,2022,60.682975,-166.73338,8/19/2022 14:07,21720,Pacific cod,NA,NA,NA,NA,NA,R-03,1.014097141,1,22.04559002,0.045360546
-22018,94,202202,70,70,70,2022,61.016565,-166.70998,8/19/2022 11:09,21720,Pacific cod,NA,NA,NA,NA,NA,S-03,0,0,0,0.036935028
-22017,94,202202,69,70,70,2022,61.334085,-166.751865,8/19/2022 8:05,21720,Pacific cod,NA,NA,NA,NA,NA,T-03,0,0,0,0.040153413
-22016,162,202202,68,70,70,2022,61.999875,-170.24128,8/18/2022 16:06,21720,Pacific cod,NA,NA,NA,NA,NA,V-20,1042.397127,24,493.8320378,0.04859952
-22015,162,202202,67,70,70,2022,61.658755,-170.188225,8/18/2022 13:29,21720,Pacific cod,NA,NA,NA,NA,NA,U-20,1151.33258,39,802.7096184,0.04858544
-22014,162,202202,66,70,70,2022,61.3246,-170.15793,8/18/2022 10:48,21720,Pacific cod,NA,NA,NA,NA,NA,T-20,2069.59897,47,972.906097,0.048308876
-22013,162,202202,65,70,70,2022,60.986185,-170.115145,8/18/2022 7:58,21720,Pacific cod,NA,NA,NA,NA,NA,S-20,2758.887764,96,2088.583119,0.045964175
-22012,162,202202,64,81,81,2022,60.659335,-170.74741,8/17/2022 16:26,21720,Pacific cod,NA,NA,NA,NA,NA,R-21,678.758317,16,312.0727894,0.05127009
-22011,162,202202,63,81,81,2022,60.995915,-170.80126,8/17/2022 13:46,21720,Pacific cod,NA,NA,NA,NA,NA,S-21,1830.918547,34,714.3490152,0.047595782
-22010,162,202202,62,81,81,2022,61.338255,-170.855905,8/17/2022 10:40,21720,Pacific cod,NA,NA,NA,NA,NA,T-21,3955.357418,98,2142.758579,0.045735437
-22009,162,202202,61,81,81,2022,61.662985,-170.93239,8/17/2022 7:59,21720,Pacific cod,NA,NA,NA,NA,NA,U-21,771.5497079,29,603.4234501,0.04805912
-22007,94,202202,68,70,70,2022,61.656945,-166.73058,8/18/2022 17:10,21720,Pacific cod,NA,NA,NA,NA,NA,U-03,0,0,0,0.042468225
-22006,94,202202,67,70,70,2022,61.992735,-166.698285,8/18/2022 14:32,21720,Pacific cod,NA,NA,NA,NA,NA,V-03,0,0,0,0.043617145
-22005,94,202202,66,70,70,2022,61.986085,-167.41514,8/18/2022 11:27,21720,Pacific cod,NA,NA,NA,NA,NA,V-02,5.256909741,1,21.72276752,0.04603465
-22004,94,202202,65,70,70,2022,61.68254,-167.422495,8/18/2022 8:45,21720,Pacific cod,NA,NA,NA,NA,NA,U-02,0.921869777,1,20.95158583,0.047729084
-22003,94,202202,63,70,70,2022,61.29893,-167.38324,8/17/2022 18:10,21720,Pacific cod,NA,NA,NA,NA,NA,T-02,2.026964418,1,24.13052879,0.04144128
-22002,94,202202,62,70,70,2022,60.99004,-167.41167,8/17/2022 14:08,21720,Pacific cod,NA,NA,NA,NA,NA,S-02,2.510433991,2,47.36667908,0.042223775
-22001,94,202202,61,70,70,2022,61.03059,-168.05216,8/17/2022 10:30,21720,Pacific cod,NA,NA,NA,NA,NA,S-01,4.705846015,3,64.17062747,0.046750361
-22000,94,202202,60,70,70,2022,61.32989,-168.106955,8/17/2022 8:07,21720,Pacific cod,NA,NA,NA,NA,NA,T-01,25.79402418,16,358.8733798,0.04458397
-21999,162,202202,60,70,70,2022,61.996715,-170.977865,8/16/2022 11:11,21720,Pacific cod,NA,NA,NA,NA,NA,V-21,1739.557103,39,822.136779,0.047437362
-21998,162,202202,59,70,70,2022,62.335195,-171.05191,8/16/2022 8:00,21720,Pacific cod,NA,NA,NA,NA,NA,W-21,1765.216711,40,928.0844958,0.043099524
-21997,162,202202,58,81,81,2022,62.31962,-171.704235,8/15/2022 16:02,21720,Pacific cod,NA,NA,NA,NA,NA,W-22,4651.467701,112,2327.916272,0.048111696
-21996,162,202202,57,70,70,2022,62.000225,-171.60421,8/15/2022 13:17,21720,Pacific cod,NA,NA,NA,NA,NA,V-22,824.8245336,22,457.1737312,0.04812175
-21995,162,202202,56,81,81,2022,61.672025,-171.559255,8/15/2022 10:41,21720,Pacific cod,NA,NA,NA,NA,NA,U-22,600.6780491,17,358.5508018,0.047413086
-21994,162,202202,55,81,81,2022,61.331085,-171.51256,8/15/2022 7:58,21720,Pacific cod,NA,NA,NA,NA,NA,T-22,2438.627292,63,1322.124571,0.047650578
-21993,94,202202,59,70,70,2022,61.01698,-168.74834,8/16/2022 15:37,21720,Pacific cod,NA,NA,NA,NA,NA,S-18,552.9839011,35,781.9974359,0.04475718
-21992,94,202202,58,70,70,2022,61.33809,-168.767095,8/16/2022 13:01,21720,Pacific cod,NA,NA,NA,NA,NA,T-18,813.9112255,76,1702.180879,0.044648604
-21991,94,202202,57,70,70,2022,61.67958,-168.10485,8/15/2022 16:43,21720,Pacific cod,NA,NA,NA,NA,NA,U-01,0,0,0,0.0459424
-21990,94,202202,56,70,70,2022,62.000115,-168.123685,8/15/2022 13:14,21720,Pacific cod,NA,NA,NA,NA,NA,V-01,325.3983422,13,294.5806719,0.044130526
-21989,94,202202,55,70,70,2022,61.991995,-168.83506,8/15/2022 10:29,21720,Pacific cod,NA,NA,NA,NA,NA,V-18,2265.992022,45,1053.405382,0.042718597
-21988,94,202202,54,70,70,2022,61.658665,-168.797375,8/15/2022 7:52,21720,Pacific cod,NA,NA,NA,NA,NA,U-18,0,0,0,0.041706378
-21987,94,202202,53,70,70,2022,61.67318,-169.5082,8/14/2022 15:57,21720,Pacific cod,NA,NA,NA,NA,NA,U-19,1747.761977,39,898.9478023,0.043384054
-21986,94,202202,52,70,70,2022,62.031705,-169.55111,8/14/2022 13:12,21720,Pacific cod,NA,NA,NA,NA,NA,V-19,2558.951704,44,1030.136093,0.042712803
-21985,162,202202,54,81,81,2022,61.32958,-172.923725,8/14/2022 17:46,21720,Pacific cod,NA,NA,NA,NA,NA,T-24,1233.740544,37,725.9605616,0.050966956
-21984,162,202202,53,81,81,2022,61.34158,-172.23197,8/14/2022 15:25,21720,Pacific cod,NA,NA,NA,NA,NA,T-23,985.7528564,5,228.3950084,0.021891897
-21983,162,202202,52,81,81,2022,61.661095,-172.309445,8/14/2022 12:55,21720,Pacific cod,NA,NA,NA,NA,NA,U-23,415.3249749,15,298.0801255,0.05032204
-21982,162,202202,51,81,81,2022,61.998495,-172.366005,8/14/2022 10:19,21720,Pacific cod,NA,NA,NA,NA,NA,V-23,369.7116465,8,182.1239638,0.043926125
-21981,162,202202,50,81,81,2022,62.325695,-172.417795,8/14/2022 7:45,21720,Pacific cod,NA,NA,NA,NA,NA,W-23,1401.146876,23,513.9773228,0.044749056
-21980,162,202202,49,70,70,2022,62.671815,-171.789965,8/13/2022 16:20,21720,Pacific cod,NA,NA,NA,NA,NA,X-22,254.72866,7,145.2036336,0.04820816
-21979,162,202202,48,70,70,2022,62.981565,-171.13945,8/13/2022 13:13,21720,Pacific cod,NA,NA,NA,NA,NA,Y-21,3247.66558,70,1518.208833,0.046106964
-21978,162,202202,47,70,70,2022,63.263795,-171.11828,8/13/2022 11:04,21720,Pacific cod,NA,NA,NA,NA,NA,ZZ-21,61.83286753,3,132.4990018,0.02264168
-21977,162,202202,46,70,70,2022,62.94916,-170.4893,8/13/2022 7:46,21720,Pacific cod,NA,NA,NA,NA,NA,Y-20,206.858994,4,130.5104063,0.030648897
-21975,162,202202,44,70,70,2022,62.66412,-171.06394,8/12/2022 7:43,21720,Pacific cod,NA,NA,NA,NA,NA,X-21,827.0358779,26,530.5697993,0.04900392
-21972,94,202202,51,70,70,2022,62.357455,-167.42937,8/13/2022 15:19,21720,Pacific cod,NA,NA,NA,NA,NA,W-02,940.7214752,13,292.9894389,0.0443702
-21971,94,202202,50,70,70,2022,62.65413,-167.393235,8/13/2022 12:55,21720,Pacific cod,NA,NA,NA,NA,NA,X-02,86.72879785,10,226.4459474,0.044160649
-21970,94,202202,49,70,70,2022,62.63388,-166.75536,8/13/2022 10:14,21720,Pacific cod,NA,NA,NA,NA,NA,X-03,0,0,0,0.038453056
-21969,94,202202,48,70,70,2022,62.321945,-166.74467,8/13/2022 7:36,21720,Pacific cod,NA,NA,NA,NA,NA,W-03,0,0,0,0.041149786
-21968,94,202202,47,70,70,2022,63.002495,-167.45715,8/12/2022 18:37,21720,Pacific cod,NA,NA,NA,NA,NA,Y-02,1153.653794,11,258.7722621,0.04250842
-21967,94,202202,46,70,70,2022,63.00431,-166.743765,8/12/2022 15:55,21720,Pacific cod,NA,NA,NA,NA,NA,Y-03,0,0,0,0.0453966
-21966,94,202202,45,70,70,2022,63.00918,-165.997665,8/12/2022 13:02,21720,Pacific cod,NA,NA,NA,NA,NA,Y-04,0,0,0,0.039127445
-21965,94,202202,44,71,71,2022,63.33164,-166.044755,8/12/2022 10:20,21720,Pacific cod,NA,NA,NA,NA,NA,ZZ-04,0,0,0,0.042053988
-21964,94,202202,43,71,71,2022,63.331575,-165.300145,8/12/2022 7:37,21720,Pacific cod,NA,NA,NA,NA,NA,ZZ-05,0,0,0,0.041560722
-21959,162,202202,43,70,70,2022,63.00125,-171.849185,8/11/2022 15:14,21720,Pacific cod,NA,NA,NA,NA,NA,Y-22,150.9523749,4,78.01156326,0.05127445
-21958,162,202202,42,81,81,2022,62.99895,-172.583205,8/11/2022 12:40,21720,Pacific cod,NA,NA,NA,NA,NA,Y-23,0,0,0,0.053799175
-21957,162,202202,41,81,81,2022,63.00087,-173.279055,8/11/2022 10:17,21720,Pacific cod,NA,NA,NA,NA,NA,Y-24,0,0,0,0.054279
-21956,162,202202,40,81,81,2022,62.993045,-174.02492,8/11/2022 7:44,21720,Pacific cod,NA,NA,NA,NA,NA,Y-25,0,0,0,0.057515743
-21955,162,202202,39,81,81,2022,63.33898,-173.43322,8/10/2022 16:15,21720,Pacific cod,NA,NA,NA,NA,NA,ZZ-24,0,0,0,0.052499397
-21954,162,202202,38,81,81,2022,63.325925,-172.627455,8/10/2022 13:27,21720,Pacific cod,NA,NA,NA,NA,NA,ZZ-23,1.661514838,1,18.88085043,0.052963716
-21953,162,202202,37,70,70,2022,63.29589,-171.9903,8/10/2022 10:58,21720,Pacific cod,NA,NA,NA,NA,NA,ZZ-22,54.09570225,1,41.35757052,0.02417937
-21952,162,202202,36,81,81,2022,63.66676,-172.694685,8/10/2022 7:30,21720,Pacific cod,NA,NA,NA,NA,NA,AA-23,95.14008935,2,43.26516114,0.04622657
-21951,162,202202,35,70,70,2022,63.697055,-172.077605,8/9/2022 16:02,21720,Pacific cod,NA,NA,NA,NA,NA,AA-22,457.120241,5,162.0993763,0.030845276
-21950,162,202202,34,71,71,2022,64.0026,-172.042465,8/9/2022 13:09,21720,Pacific cod,NA,NA,NA,NA,NA,BB-22,143.7088993,2,41.65475341,0.048013728
-21949,162,202202,33,71,71,2022,63.99876,-171.332535,8/9/2022 10:15,21720,Pacific cod,NA,NA,NA,NA,NA,BB-21,504.0884317,10,217.8428832,0.045904644
-21948,162,202202,32,71,71,2022,63.699535,-171.031235,8/9/2022 7:28,21720,Pacific cod,NA,NA,NA,NA,NA,AA-21,12.99525352,13,521.4144932,0.02493218
-21947,162,202202,31,71,71,2022,63.97803,-170.55256,8/8/2022 13:12,21720,Pacific cod,NA,NA,NA,NA,NA,BB-20,2.848987376,3,66.77314163,0.044928244
-21946,162,202202,30,71,71,2022,64.31873,-170.59913,8/8/2022 9:49,21720,Pacific cod,NA,NA,NA,NA,NA,CC-20,97.47972177,3,68.93898286,0.043516743
-21945,162,202202,29,71,71,2022,64.332535,-171.348475,8/8/2022 7:17,21720,Pacific cod,NA,NA,NA,NA,NA,CC-21,0,0,0,0.018481159
-21944,94,202202,42,71,71,2022,63.670615,-166.05882,8/11/2022 16:14,21720,Pacific cod,NA,NA,NA,NA,NA,AA-04,170.3294097,5,115.243173,0.043386518
-21943,94,202202,41,71,71,2022,63.66568,-166.78848,8/11/2022 13:24,21720,Pacific cod,NA,NA,NA,NA,NA,AA-03,1091.948355,11,256.7917028,0.042836275
-21942,94,202202,40,71,71,2022,63.328655,-166.76869,8/11/2022 10:42,21720,Pacific cod,NA,NA,NA,NA,NA,ZZ-03,522.8425012,4,95.34831789,0.041951448
-21941,94,202202,39,71,71,2022,63.32786,-167.56633,8/11/2022 7:37,21720,Pacific cod,NA,NA,NA,NA,NA,ZZ-02,246.0065342,7,159.6852503,0.043836234
-21937,94,202202,38,71,71,2022,63.66443,-168.27987,8/10/2022 16:50,21720,Pacific cod,NA,NA,NA,NA,NA,AA-01,236.6615833,2,47.19074442,0.042381192
-21936,94,202202,37,71,71,2022,63.34629,-168.254575,8/10/2022 13:46,21720,Pacific cod,NA,NA,NA,NA,NA,ZZ-01,1210.590738,21,514.623593,0.040806524
-21935,94,202202,36,70,70,2022,62.9865,-168.20187,8/10/2022 10:27,21720,Pacific cod,NA,NA,NA,NA,NA,Y-01,1273.283652,22,531.7433627,0.041373342
-21934,94,202202,35,70,70,2022,62.664035,-168.198525,8/10/2022 7:40,21720,Pacific cod,NA,NA,NA,NA,NA,X-01,1700.075987,35,834.8672628,0.041922832
-21923,94,202202,34,70,70,2022,62.3406,-168.16825,8/9/2022 16:10,21720,Pacific cod,NA,NA,NA,NA,NA,W-01,2502.152328,49,1136.772526,0.04310449
-21922,94,202202,33,70,70,2022,62.33632,-168.87414,8/9/2022 13:00,21720,Pacific cod,NA,NA,NA,NA,NA,W-18,5925.63356,119,2823.990363,0.042138954
-21921,94,202202,32,70,70,2022,62.35028,-169.586915,8/9/2022 10:14,21720,Pacific cod,NA,NA,NA,NA,NA,W-19,2441.412921,56,1319.109688,0.042452876
-21920,94,202202,31,70,70,2022,62.333215,-170.27695,8/9/2022 7:40,21720,Pacific cod,NA,NA,NA,NA,NA,W-20,4397.679192,123,2782.353392,0.044207181
-21919,94,202202,30,70,70,2022,62.684015,-170.301315,8/8/2022 17:44,21720,Pacific cod,NA,NA,NA,NA,NA,X-20,8332.770582,272,6116.620154,0.044469003
-21918,94,202202,29,70,70,2022,62.66045,-169.601185,8/8/2022 14:04,21720,Pacific cod,NA,NA,NA,NA,NA,X-19,4736.382215,136,3246.877268,0.0418864
-21917,94,202202,28,70,70,2022,62.665555,-168.889095,8/8/2022 10:14,21720,Pacific cod,NA,NA,NA,NA,NA,X-18,1234.963694,26,594.2819924,0.043750274
-21916,94,202202,27,70,70,2022,62.86239,-168.82471,8/8/2022 7:18,21720,Pacific cod,NA,NA,NA,NA,NA,Y-18,962.7774722,20,475.6805693,0.042045022
-21911,162,202202,28,71,71,2022,64.64899,-170.648605,8/7/2022 17:39,21720,Pacific cod,NA,NA,NA,NA,NA,DD-20,0,0,0,0.031559
-21910,162,202202,27,71,71,2022,64.65893,-169.88696,8/7/2022 14:49,21720,Pacific cod,NA,NA,NA,NA,NA,DD-19,0,0,0,0.047466153
-21909,162,202202,26,71,71,2022,64.32179,-169.82796,8/7/2022 12:11,21720,Pacific cod,NA,NA,NA,NA,NA,CC-19,130.0306975,4,93.8510989,0.042620705
-21908,162,202202,25,71,71,2022,63.990815,-169.784375,8/7/2022 9:49,21720,Pacific cod,NA,NA,NA,NA,NA,BB-19,1.461230584,1,45.66345576,0.02189935
-21907,162,202202,24,71,71,2022,63.662105,-169.73702,8/7/2022 7:15,21720,Pacific cod,NA,NA,NA,NA,NA,AA-19,317.2518062,10,229.4934941,0.04357422
-21906,162,202202,23,71,71,2022,63.670525,-169.001755,8/6/2022 15:58,21720,Pacific cod,NA,NA,NA,NA,NA,AA-18,1530.159952,16,369.603853,0.043289592
-21905,162,202202,22,71,71,2022,64.00589,-169.051885,8/6/2022 13:02,21720,Pacific cod,NA,NA,NA,NA,NA,BB-18,195.2465383,6,131.9233367,0.04548096
-21904,162,202202,21,71,71,2022,64.31985,-169.11643,8/6/2022 10:01,21720,Pacific cod,NA,NA,NA,NA,NA,CC-18,0,0,0,0.043472102
-21903,162,202202,20,71,71,2022,64.638305,-169.136445,8/6/2022 7:16,21720,Pacific cod,NA,NA,NA,NA,NA,DD-18,179.414071,2,41.53103496,0.048156758
-21902,162,202202,19,71,71,2022,64.664575,-168.3688,8/5/2022 16:22,21720,Pacific cod,NA,NA,NA,NA,NA,DD-01,1299.059619,10,229.9220564,0.043493
-21901,162,202202,18,71,71,2022,64.994625,-168.357535,8/5/2022 13:23,21720,Pacific cod,NA,NA,NA,NA,NA,EE-01,172.1194565,2,40.12108544,0.0498491
-21900,162,202202,17,71,71,2022,65.005145,-169.116815,8/5/2022 10:10,21720,Pacific cod,NA,NA,NA,NA,NA,EE-18,75.64334113,1,19.95866521,0.050103551
-21899,162,202202,16,71,71,2022,65.003085,-169.863215,8/5/2022 7:17,21720,Pacific cod,NA,NA,NA,NA,NA,EE-19,250.5664891,3,62.64162227,0.04789148
-21898,94,202202,26,71,71,2022,63.68443,-167.53972,8/7/2022 15:46,21720,Pacific cod,NA,NA,NA,NA,NA,AA-02,656.5170774,8,178.098902,0.044918862
-21897,94,202202,25,71,71,2022,64.013565,-167.57013,8/7/2022 12:53,21720,Pacific cod,NA,NA,NA,NA,NA,BB-02,273.7563557,4,87.04494616,0.045953271
-21896,94,202202,24,71,71,2022,64.023125,-168.29402,8/7/2022 10:01,21720,Pacific cod,NA,NA,NA,NA,NA,BB-01,163.7251894,4,89.51623257,0.044684633
-21895,94,202202,23,71,71,2022,64.33917,-168.36378,8/7/2022 7:08,21720,Pacific cod,NA,NA,NA,NA,NA,CC-01,2132.9855,20,491.6979022,0.040675382
-21882,94,202202,22,71,71,2022,64.344405,-167.576195,8/6/2022 16:45,21720,Pacific cod,NA,NA,NA,NA,NA,CC-02,99.03622481,1,23.13930486,0.04321651
-21881,94,202202,21,71,71,2022,64.33481,-166.8288,8/6/2022 13:45,21720,Pacific cod,NA,NA,NA,NA,NA,CC-03,1306.648181,22,472.2255803,0.046587904
-21880,94,202202,20,71,71,2022,64.00197,-166.80728,8/6/2022 10:59,21720,Pacific cod,NA,NA,NA,NA,NA,BB-03,1911.091221,25,545.6020524,0.045820942
-21879,94,202202,19,71,71,2022,63.9939,-166.04531,8/6/2022 8:13,21720,Pacific cod,NA,NA,NA,NA,NA,BB-04,207.3637442,10,235.9623853,0.042379636
-21871,94,202202,18,71,71,2022,63.670305,-163.86013,8/5/2022 20:05,21720,Pacific cod,NA,NA,NA,NA,NA,AA-07,0,0,0,0.042772203
-21870,94,202202,17,71,71,2022,63.677525,-164.62849,8/5/2022 17:18,21720,Pacific cod,NA,NA,NA,NA,NA,AA-06,0,0,0,0.043083508
-21869,94,202202,16,71,71,2022,63.67115,-165.37059,8/5/2022 14:32,21720,Pacific cod,NA,NA,NA,NA,NA,AA-05,988.304393,10,237.0603006,0.04218336
-21868,94,202202,15,71,71,2022,64.019425,-165.31816,8/5/2022 11:52,21720,Pacific cod,NA,NA,NA,NA,NA,BB-05,0,0,0,0.041691232
-21866,162,202202,10,71,71,2022,64.658085,-166.815735,8/3/2022 15:37,21720,Pacific cod,NA,NA,NA,NA,NA,DD-03,41.14838278,39,835.8265253,0.0466604
-21865,162,202202,9,71,71,2022,64.33846,-166.03294,8/3/2022 12:29,21720,Pacific cod,NA,NA,NA,NA,NA,CC-04,624.6719481,18,353.1658731,0.050967552
-21864,162,202202,15,71,71,2022,65.221155,-168.88522,8/4/2022 17:25,21720,Pacific cod,NA,NA,NA,NA,NA,FF-18,452.7569415,3,64.49529081,0.046515024
-21863,162,202202,14,71,71,2022,65.343345,-168.42497,8/4/2022 14:48,21720,Pacific cod,NA,NA,NA,NA,NA,FF-01,247.2388761,2,42.923416,0.046594614
-21862,162,202202,13,71,71,2022,65.32508,-167.691295,8/4/2022 12:23,21720,Pacific cod,NA,NA,NA,NA,NA,FF-02,520.9102755,4,91.8713008,0.043539168
-21861,162,202202,12,71,71,2022,64.9887,-167.59987,8/4/2022 9:31,21720,Pacific cod,NA,NA,NA,NA,NA,EE-02,2.54997372,5,110.8684226,0.045098504
-21860,162,202202,11,71,71,2022,64.690335,-167.604155,8/4/2022 7:12,21720,Pacific cod,NA,NA,NA,NA,NA,DD-02,1072.957707,10,227.8041841,0.04389735
-21855,94,202202,14,71,71,2022,63.669345,-163.06356,8/4/2022 17:33,21720,Pacific cod,NA,NA,NA,NA,NA,AA-08,0,0,0,0.042988896
-21854,94,202202,13,71,71,2022,63.991775,-163.042885,8/4/2022 13:33,21720,Pacific cod,NA,NA,NA,NA,NA,BB-08,0,0,0,0.039137868
-21853,94,202202,12,71,71,2022,63.99625,-162.290175,8/4/2022 10:08,21720,Pacific cod,NA,NA,NA,NA,NA,BB-09,0,0,0,0.046821252
-21852,94,202202,11,71,71,2022,64.0007,-161.52821,8/4/2022 7:08,21720,Pacific cod,NA,NA,NA,NA,NA,BB-10,0,0,0,0.044930688
-21843,94,202202,10,71,71,2022,64.32134,-161.578445,8/3/2022 14:55,21720,Pacific cod,NA,NA,NA,NA,NA,CC-10,0,0,0,0.040375212
-21842,94,202202,9,71,71,2022,64.331225,-162.289915,8/3/2022 12:22,21720,Pacific cod,NA,NA,NA,NA,NA,CC-09,0,0,0,0.04235274
-21841,94,202202,8,71,71,2022,64.24725,-163.1278,8/3/2022 9:32,21720,Pacific cod,NA,NA,NA,NA,NA,CC-08,0,0,0,0.04351305
-21840,94,202202,7,71,71,2022,64.338045,-163.7846,8/3/2022 7:11,21720,Pacific cod,NA,NA,NA,NA,NA,CC-07,0,0,0,0.045572787
-21833,94,202202,6,71,71,2022,63.996575,-163.832905,8/2/2022 16:05,21720,Pacific cod,NA,NA,NA,NA,NA,BB-07,0,0,0,0.042110464
-21832,94,202202,5,71,71,2022,64.003325,-164.55016,8/2/2022 13:26,21720,Pacific cod,NA,NA,NA,NA,NA,BB-06,0,0,0,0.044849545
-21831,94,202202,4,71,71,2022,64.321225,-164.539405,8/2/2022 10:42,21720,Pacific cod,NA,NA,NA,NA,NA,CC-06,0,0,0,0.043572872
-21830,94,202202,3,71,71,2022,64.32042,-165.31448,8/2/2022 7:25,21720,Pacific cod,NA,NA,NA,NA,NA,CC-05,0,0,0,0.048468203
-21807,162,202202,8,81,81,2022,62.65155,-172.44624,7/30/2022 15:43,21720,Pacific cod,NA,NA,NA,NA,NA,X-23,730.2377525,16,330.1442227,0.048463668
-21806,162,202202,7,81,81,2022,62.661405,-173.129855,7/30/2022 13:09,21720,Pacific cod,NA,NA,NA,NA,NA,X-24,209.2881001,7,132.2217239,0.052941376
-21805,162,202202,6,81,81,2022,62.65939,-173.95076,7/30/2022 10:06,21720,Pacific cod,NA,NA,NA,NA,NA,X-25,0,0,0,0.052913784
-21804,162,202202,5,81,81,2022,62.662005,-174.655465,7/30/2022 7:18,21720,Pacific cod,NA,NA,NA,NA,NA,X-26,68.20543119,1,17.85482492,0.05600727
-21803,162,202202,4,81,81,2022,62.330405,-175.28957,7/29/2022 16:02,21720,Pacific cod,NA,NA,NA,NA,NA,W-27,99.95185473,2,35.82503754,0.055826878
-21802,162,202202,3,81,81,2022,62.326555,-174.58062,7/29/2022 13:12,21720,Pacific cod,NA,NA,NA,NA,NA,W-26,18.79406695,2,39.15430614,0.05107995
-21801,162,202202,2,81,81,2022,62.33338,-173.846355,7/29/2022 10:12,21720,Pacific cod,NA,NA,NA,NA,NA,W-25,331.0961404,9,172.047648,0.05231109
-21800,162,202202,1,81,81,2022,62.33188,-173.169555,7/29/2022 7:16,21720,Pacific cod,NA,NA,NA,NA,NA,W-24,162.9981412,4,70.5619659,0.056687763
-21799,94,202202,2,81,81,2022,62.00947,-173.082955,7/29/2022 16:26,21720,Pacific cod,NA,NA,NA,NA,NA,V-24,633.1224102,14,274.5713941,0.05098856
-21798,94,202202,1,81,81,2022,61.675715,-173.10262,7/29/2022 13:33,21720,Pacific cod,NA,NA,NA,NA,NA,U-24,574.6640662,10,202.0192878,0.049500224
-21018,162,202102,49,71,71,2021,63.67123,-166.109065,8/5/2021 17:28,21720,Pacific cod,NA,NA,NA,NA,NA,AA-04,1336.143289,12,270.2919667,0.044396436
-21017,162,202102,48,71,71,2021,63.680525,-166.77645,8/5/2021 15:07,21720,Pacific cod,NA,NA,NA,NA,NA,AA-03,513.2104154,6,137.0998438,0.043763726
-21016,162,202102,47,71,71,2021,64.00184,-166.823305,8/5/2021 12:41,21720,Pacific cod,NA,NA,NA,NA,NA,BB-03,2170.373906,19,445.373196,0.042660852
-21015,162,202102,46,71,71,2021,64.3544,-166.835115,8/5/2021 10:00,21720,Pacific cod,NA,NA,NA,NA,NA,CC-03,1468.680968,25,601.3269602,0.04157472
-21014,162,202102,45,71,71,2021,64.674045,-166.85066,8/5/2021 7:28,21720,Pacific cod,NA,NA,NA,NA,NA,DD-03,534.2251594,12,280.8016607,0.04273479
-20818,94,202102,60,70,70,2021,60.692485,-168.01277,8/16/2021 18:51,21720,Pacific cod,NA,NA,NA,NA,NA,R-01,126.777864,15,303.9750575,0.049346154
-20817,94,202102,59,70,70,2021,61.0056,-168.05467,8/16/2021 16:18,21720,Pacific cod,NA,NA,NA,NA,NA,S-01,16.35810306,12,284.4887488,0.04218093
-20816,94,202102,58,70,70,2021,61.01409,-168.7449,8/16/2021 13:39,21720,Pacific cod,NA,NA,NA,NA,NA,S-18,106.8026615,18,389.1594953,0.046253529
-20815,94,202102,57,70,70,2021,61.01061,-169.427505,8/16/2021 10:56,21720,Pacific cod,NA,NA,NA,NA,NA,S-19,147.7236682,31,688.6366489,0.045016483
-20814,94,202102,56,70,70,2021,61.32372,-169.41532,8/16/2021 8:00,21720,Pacific cod,NA,NA,NA,NA,NA,T-19,6.469283255,4,90.47948608,0.044208916
-20813,162,202102,96,70,70,2021,60.66512,-168.70247,8/16/2021 18:05,21720,Pacific cod,NA,NA,NA,NA,NA,R-18,7.422428203,56,1222.517586,0.045807112
-20812,162,202102,95,70,70,2021,60.671735,-169.368795,8/16/2021 15:42,21720,Pacific cod,NA,NA,NA,NA,NA,R-19,331.9481795,163,3347.204037,0.04869736
-20811,162,202102,94,70,70,2021,60.67186,-170.054575,8/16/2021 13:16,21720,Pacific cod,NA,NA,NA,NA,NA,R-20,745.3308775,21,427.2986193,0.049145958
-20810,162,202102,93,81,81,2021,60.67469,-170.753935,8/16/2021 10:37,21720,Pacific cod,NA,NA,NA,NA,NA,R-21,1935.10343,23,442.2434309,0.052007556
-20809,162,202102,92,81,81,2021,60.999635,-170.805845,8/16/2021 8:03,21720,Pacific cod,NA,NA,NA,NA,NA,S-21,1325.032863,47,940.7333016,0.049961025
-20808,94,202102,55,70,70,2021,61.320055,-168.70062,8/15/2021 19:50,21720,Pacific cod,NA,NA,NA,NA,NA,T-18,90.96586355,8,168.2605569,0.047545308
-20807,94,202102,54,70,70,2021,61.32454,-168.003905,8/15/2021 16:30,21720,Pacific cod,NA,NA,NA,NA,NA,T-01,0,0,0,0.045726999
-20806,94,202102,53,70,70,2021,61.309525,-167.358435,8/15/2021 13:16,21720,Pacific cod,NA,NA,NA,NA,NA,T-02,0,0,0,0.041285412
-20805,94,202102,52,70,70,2021,60.987575,-167.319575,8/15/2021 10:24,21720,Pacific cod,NA,NA,NA,NA,NA,S-02,0,0,0,0.04389183
-20804,94,202102,51,70,70,2021,60.97929,-166.741525,8/15/2021 7:49,21720,Pacific cod,NA,NA,NA,NA,NA,S-03,0,0,0,0.042216068
-20803,162,202102,91,70,70,2021,60.99985,-170.115065,8/15/2021 18:30,21720,Pacific cod,NA,NA,NA,NA,NA,S-20,376.5214946,27,545.9763886,0.049452688
-20802,162,202102,90,70,70,2021,61.327975,-170.179565,8/15/2021 15:44,21720,Pacific cod,NA,NA,NA,NA,NA,T-20,351.4892133,13,252.8699376,0.051409828
-20801,162,202102,89,81,81,2021,61.33833,-170.839695,8/15/2021 13:19,21720,Pacific cod,NA,NA,NA,NA,NA,T-21,4119.929315,119,2342.658584,0.050796988
-20800,162,202102,88,81,81,2021,61.661175,-170.9271,8/15/2021 10:34,21720,Pacific cod,NA,NA,NA,NA,NA,U-21,2588.782799,99,1959.699473,0.05051795
-20799,162,202102,87,70,70,2021,61.67021,-170.2141,8/15/2021 7:54,21720,Pacific cod,NA,NA,NA,NA,NA,U-20,4212.196723,192,3623.719737,0.05298423
-20798,94,202102,50,70,70,2021,61.366265,-166.773825,8/14/2021 19:40,21720,Pacific cod,NA,NA,NA,NA,NA,T-03,0,0,0,0.04221504
-20797,94,202102,49,70,70,2021,61.657315,-166.763915,8/14/2021 16:32,21720,Pacific cod,NA,NA,NA,NA,NA,U-03,104.6351651,1,24.67810497,0.04052175
-20796,94,202102,48,70,70,2021,61.690615,-167.37308,8/14/2021 13:56,21720,Pacific cod,NA,NA,NA,NA,NA,U-02,93.8040897,1,21.76428995,0.045946824
-20795,94,202102,47,70,70,2021,61.99786,-167.39539,8/14/2021 10:36,21720,Pacific cod,NA,NA,NA,NA,NA,V-02,80.14938588,1,22.45080837,0.044541826
-20794,94,202102,46,70,70,2021,61.99935,-166.72792,8/14/2021 7:43,21720,Pacific cod,NA,NA,NA,NA,NA,V-03,0,0,0,0.042325884
-20787,94,202102,39,70,70,2021,60.669965,-166.71915,8/12/2021 21:55,21720,Pacific cod,NA,NA,NA,NA,NA,R-03,0,0,0,0.043193085
-20785,94,202102,37,70,70,2021,60.653975,-167.34596,8/12/2021 18:17,21720,Pacific cod,NA,NA,NA,NA,NA,R-02,79.7552349,1,21.85074929,0.045765021
-20784,162,202102,86,70,70,2021,61.667485,-169.467605,8/13/2021 17:57,21720,Pacific cod,NA,NA,NA,NA,NA,U-19,72.48600501,13,303.4840789,0.042835855
-20783,162,202102,85,70,70,2021,61.66585,-168.79037,8/13/2021 15:27,21720,Pacific cod,NA,NA,NA,NA,NA,U-18,275.4032266,11,249.9534235,0.044008199
-20782,162,202102,84,70,70,2021,61.68086,-168.09308,8/13/2021 12:44,21720,Pacific cod,NA,NA,NA,NA,NA,U-01,1.563674711,1,22.33821015,0.044766344
-20781,162,202102,83,70,70,2021,61.999715,-168.130655,8/13/2021 10:14,21720,Pacific cod,NA,NA,NA,NA,NA,V-01,223.5221432,2,43.65666859,0.045812016
-20780,162,202102,82,70,70,2021,61.99519,-168.79878,8/13/2021 7:41,21720,Pacific cod,NA,NA,NA,NA,NA,V-18,369.5584506,5,116.9488768,0.042753724
-20779,162,202102,81,70,70,2021,62.017705,-169.5518,8/12/2021 16:01,21720,Pacific cod,NA,NA,NA,NA,NA,V-19,3841.487902,102,2377.619939,0.042900044
-20778,162,202102,80,70,70,2021,62.31809,-169.58511,8/12/2021 13:40,21720,Pacific cod,NA,NA,NA,NA,NA,W-19,3337.00859,112,2537.993767,0.044129344
-20777,162,202102,79,70,70,2021,62.32697,-168.874705,8/12/2021 10:05,21720,Pacific cod,NA,NA,NA,NA,NA,W-18,23812.94772,819,18706.43388,0.043781728
-20776,162,202102,78,70,70,2021,62.341485,-168.157475,8/12/2021 7:34,21720,Pacific cod,NA,NA,NA,NA,NA,W-01,1759.278251,40,892.5815583,0.044813832
-20775,162,202102,77,70,70,2021,62.342515,-167.47154,8/11/2021 18:58,21720,Pacific cod,NA,NA,NA,NA,NA,W-02,332.6665139,2,44.59336647,0.04484972
-20773,162,202102,75,70,70,2021,62.33807,-166.72109,8/11/2021 15:09,21720,Pacific cod,NA,NA,NA,NA,NA,W-03,0,0,0,0.044944797
-20772,162,202102,74,70,70,2021,62.663465,-166.763945,8/11/2021 12:46,21720,Pacific cod,NA,NA,NA,NA,NA,X-03,0,0,0,0.0428582
-20771,162,202102,73,70,70,2021,62.662255,-167.48342,8/11/2021 10:02,21720,Pacific cod,NA,NA,NA,NA,NA,X-02,2467.386112,26,590.0665831,0.044062824
-20770,162,202102,72,70,70,2021,62.64567,-168.18579,8/11/2021 7:27,21720,Pacific cod,NA,NA,NA,NA,NA,X-01,3294.478297,135,3142.14257,0.042964314
-20695,162,202102,71,70,70,2021,62.9969,-167.424855,8/10/2021 17:13,21720,Pacific cod,NA,NA,NA,NA,NA,Y-02,975.2093625,14,322.5355794,0.043406064
-20694,162,202102,70,70,70,2021,63.00235,-166.75036,8/10/2021 14:45,21720,Pacific cod,NA,NA,NA,NA,NA,Y-03,128.96708,5,109.5727103,0.0456318
-20693,162,202102,69,71,71,2021,63.326175,-166.720785,8/10/2021 12:17,21720,Pacific cod,NA,NA,NA,NA,NA,ZZ-03,268.7565996,3,67.52678382,0.044426816
-20692,162,202102,68,71,71,2021,63.32333,-166.034275,8/10/2021 9:49,21720,Pacific cod,NA,NA,NA,NA,NA,ZZ-04,111.9682676,5,107.9732571,0.046307763
-20691,162,202102,67,70,70,2021,63.00607,-166.024015,8/10/2021 7:10,21720,Pacific cod,NA,NA,NA,NA,NA,Y-04,0.679595287,1,22.65317625,0.04414392
-20678,162,202102,66,71,71,2021,63.3354,-165.337685,8/9/2021 15:34,21720,Pacific cod,NA,NA,NA,NA,NA,ZZ-05,0,0,0,0.04438369
-20677,162,202102,65,71,71,2021,63.665845,-164.56674,8/9/2021 12:10,21720,Pacific cod,NA,NA,NA,NA,NA,AA-06,0,0,0,0.043306035
-20676,162,202102,64,71,71,2021,63.66746,-163.807805,8/9/2021 9:43,21720,Pacific cod,NA,NA,NA,NA,NA,AA-07,0,0,0,0.04142779
-20675,162,202102,63,71,71,2021,63.665455,-163.057025,8/9/2021 7:07,21720,Pacific cod,NA,NA,NA,NA,NA,AA-08,0,0,0,0.039361168
-20674,162,202102,62,71,71,2021,63.998065,-162.31459,8/8/2021 14:28,21720,Pacific cod,NA,NA,NA,NA,NA,BB-09,0,0,0,0.0417439
-20673,162,202102,61,71,71,2021,64.000315,-161.567645,8/8/2021 12:06,21720,Pacific cod,NA,NA,NA,NA,NA,BB-10,0,0,0,0.041024928
-20672,162,202102,60,71,71,2021,64.307535,-161.57037,8/8/2021 9:41,21720,Pacific cod,NA,NA,NA,NA,NA,CC-10,0,0,0,0.040903302
-20671,162,202102,59,71,71,2021,64.340615,-162.26762,8/8/2021 7:07,21720,Pacific cod,NA,NA,NA,NA,NA,CC-09,0,0,0,0.040476384
-20670,162,202102,58,71,71,2021,64.02365,-163.07422,8/7/2021 16:49,21720,Pacific cod,NA,NA,NA,NA,NA,BB-08,0,0,0,0.040229802
-20669,162,202102,57,71,71,2021,64.2493,-163.16383,8/7/2021 14:41,21720,Pacific cod,NA,NA,NA,NA,NA,CC-08,0,0,0,0.036290719
-20668,162,202102,56,71,71,2021,64.332815,-163.833165,8/7/2021 12:03,21720,Pacific cod,NA,NA,NA,NA,NA,CC-07,0,0,0,0.038247471
-20667,162,202102,55,71,71,2021,64.005645,-163.84167,8/7/2021 9:31,21720,Pacific cod,NA,NA,NA,NA,NA,BB-07,0,0,0,0.040187055
-20666,162,202102,54,71,71,2021,64.000365,-164.567845,8/7/2021 7:10,21720,Pacific cod,NA,NA,NA,NA,NA,BB-06,0,0,0,0.041155961
-20665,162,202102,53,71,71,2021,64.33082,-164.56584,8/6/2021 15:14,21720,Pacific cod,NA,NA,NA,NA,NA,CC-06,0,0,0,0.039043253
-20664,162,202102,52,71,71,2021,64.309745,-165.3226,8/6/2021 12:25,21720,Pacific cod,NA,NA,NA,NA,NA,CC-05,0,0,0,0.037110596
-20663,162,202102,51,71,71,2021,63.993235,-165.3112,8/6/2021 9:50,21720,Pacific cod,NA,NA,NA,NA,NA,BB-05,0,0,0,0.039103344
-20662,162,202102,50,71,71,2021,63.66752,-165.319985,8/6/2021 7:12,21720,Pacific cod,NA,NA,NA,NA,NA,AA-05,0,0,0,0.041195707
-20661,94,202102,36,71,71,2021,64.002595,-166.054845,8/2/2021 12:41,21720,Pacific cod,NA,NA,NA,NA,NA,BB-04,0.463761664,1,23.18808318,0.0431256
-20660,94,202102,35,71,71,2021,64.332225,-166.020675,8/2/2021 9:14,21720,Pacific cod,NA,NA,NA,NA,NA,CC-04,0.579034581,1,20.67980645,0.048356352
-20659,162,202102,44,71,71,2021,65.265275,-167.88624,8/1/2021 14:47,21720,Pacific cod,NA,NA,NA,NA,NA,FF-02,1560.926189,14,343.6001045,0.04074504
-20658,162,202102,43,71,71,2021,64.978615,-167.614405,8/1/2021 12:10,21720,Pacific cod,NA,NA,NA,NA,NA,EE-02,209.0120512,7,172.9414135,0.040476135
-20657,162,202102,42,71,71,2021,64.657665,-167.605295,8/1/2021 9:41,21720,Pacific cod,NA,NA,NA,NA,NA,DD-02,3267.158085,29,707.9167996,0.040965266
-20656,162,202102,41,71,71,2021,64.333085,-167.57719,8/1/2021 7:18,21720,Pacific cod,NA,NA,NA,NA,NA,CC-02,2306.166216,22,551.2348626,0.039910393
-20655,162,202102,40,71,71,2021,65.32447,-168.362725,7/31/2021 14:57,21720,Pacific cod,NA,NA,NA,NA,NA,FF-01,2828.827992,30,652.2044249,0.045997848
-20654,162,202102,39,71,71,2021,64.994345,-168.339065,7/31/2021 12:18,21720,Pacific cod,NA,NA,NA,NA,NA,EE-01,1548.47514,15,397.3845526,0.037746812
-20653,162,202102,38,71,71,2021,64.653955,-168.331795,7/31/2021 9:44,21720,Pacific cod,NA,NA,NA,NA,NA,DD-01,1189.866287,10,250.4981657,0.039920452
-20652,162,202102,37,71,71,2021,64.331415,-168.334425,7/31/2021 7:18,21720,Pacific cod,NA,NA,NA,NA,NA,CC-01,579.8849508,5,123.3797768,0.04052528
-20651,162,202102,36,71,71,2021,64.33431,-169.097245,7/30/2021 15:28,21720,Pacific cod,NA,NA,NA,NA,NA,CC-18,174.5097497,2,48.60995814,0.041143833
-20650,162,202102,35,71,71,2021,64.65804,-169.15643,7/30/2021 12:55,21720,Pacific cod,NA,NA,NA,NA,NA,DD-18,35.97838003,1,21.67372291,0.04613882
-20649,162,202102,34,71,71,2021,65.017845,-169.10073,7/30/2021 9:58,21720,Pacific cod,NA,NA,NA,NA,NA,EE-18,485.002255,5,110.4285644,0.04527814
-20648,162,202102,33,71,71,2021,65.252895,-168.947575,7/30/2021 7:18,21720,Pacific cod,NA,NA,NA,NA,NA,FF-18,1222.740089,13,301.6246898,0.04309992
-20647,94,202102,34,71,71,2021,64.028995,-167.56952,7/30/2021 13:21,21720,Pacific cod,NA,NA,NA,NA,NA,BB-02,1595.401579,31,709.9834762,0.043662988
-20646,94,202102,33,71,71,2021,63.66072,-167.528985,7/30/2021 10:15,21720,Pacific cod,NA,NA,NA,NA,NA,AA-02,1433.844955,25,568.6250614,0.043965702
-20645,94,202102,32,71,71,2021,63.3267,-167.564485,7/30/2021 7:34,21720,Pacific cod,NA,NA,NA,NA,NA,ZZ-02,1710.299644,28,639.7914499,0.043764261
-20644,94,202102,31,71,71,2021,63.372045,-168.283725,7/29/2021 15:57,21720,Pacific cod,NA,NA,NA,NA,NA,ZZ-01,1618.550393,39,875.9848091,0.04452132
-20643,94,202102,30,71,71,2021,63.68902,-168.26882,7/29/2021 13:09,21720,Pacific cod,NA,NA,NA,NA,NA,AA-01,440.996114,7,158.6724646,0.044116035
-20642,94,202102,29,71,71,2021,64.0101,-168.3144,7/29/2021 10:17,21720,Pacific cod,NA,NA,NA,NA,NA,BB-01,714.126447,12,281.0599332,0.04269552
-20641,94,202102,28,71,71,2021,63.99764,-169.0628,7/29/2021 7:34,21720,Pacific cod,NA,NA,NA,NA,NA,BB-18,2218.237192,27,663.4072241,0.040698984
-20640,162,202102,32,71,71,2021,65.009085,-169.950965,7/29/2021 16:59,21720,Pacific cod,NA,NA,NA,NA,NA,EE-19,1100.579489,16,354.0619648,0.04518983
-20638,162,202102,30,71,71,2021,64.653585,-170.62823,7/29/2021 12:35,21720,Pacific cod,NA,NA,NA,NA,NA,DD-20,0,0,0,0.029862972
-20637,162,202102,29,71,71,2021,64.65693,-169.90694,7/29/2021 9:55,21720,Pacific cod,NA,NA,NA,NA,NA,DD-19,335.120792,5,110.8570268,0.04510314
-20636,162,202102,28,71,71,2021,64.316715,-169.83788,7/29/2021 7:14,21720,Pacific cod,NA,NA,NA,NA,NA,CC-19,0,0,0,0.04314984
-20635,162,202102,27,71,71,2021,64.28089,-170.67872,7/28/2021 15:31,21720,Pacific cod,NA,NA,NA,NA,NA,CC-20,267.609968,5,115.1505886,0.043421402
-20634,162,202102,26,71,71,2021,64.233985,-171.105935,7/28/2021 13:29,21720,Pacific cod,NA,NA,NA,NA,NA,CC-21,64.8752937,2,47.01108239,0.04254316
-20633,162,202102,25,71,71,2021,63.6988,-171.051215,7/27/2021 17:38,21720,Pacific cod,NA,NA,NA,NA,NA,AA-21,1.183038596,2,47.32154383,0.042264048
-20632,162,202102,24,71,71,2021,63.99391,-170.552865,7/27/2021 14:46,21720,Pacific cod,NA,NA,NA,NA,NA,BB-20,46.17824851,1,23.32234773,0.04287733
-20631,162,202102,23,71,71,2021,64.04661,-171.351435,7/27/2021 11:56,21720,Pacific cod,NA,NA,NA,NA,NA,BB-21,1679.296976,29,629.1939574,0.046090716
-20630,162,202102,22,71,71,2021,64.01035,-171.79476,7/27/2021 9:55,21720,Pacific cod,NA,NA,NA,NA,NA,BB-22,579.1252693,7,146.7201189,0.047709885
-20628,94,202102,27,71,71,2021,63.98062,-169.77538,7/28/2021 17:44,21720,Pacific cod,NA,NA,NA,NA,NA,BB-19,1340.107975,46,1128.202175,0.040772834
-20627,94,202102,26,71,71,2021,63.68538,-169.66229,7/28/2021 15:07,21720,Pacific cod,NA,NA,NA,NA,NA,AA-19,305.3023688,9,218.1077409,0.04126401
-20626,94,202102,25,71,71,2021,63.68096,-168.963455,7/28/2021 12:01,21720,Pacific cod,NA,NA,NA,NA,NA,AA-18,1149.208737,20,453.4262132,0.04410861
-20625,94,202102,24,70,70,2021,62.99652,-168.200905,7/27/2021 15:44,21720,Pacific cod,NA,NA,NA,NA,NA,Y-01,3343.900804,79,1810.387776,0.04363706
-20624,94,202102,23,70,70,2021,62.865445,-168.825805,7/27/2021 12:55,21720,Pacific cod,NA,NA,NA,NA,NA,Y-18,3361.258287,52,1163.297377,0.044700522
-20623,94,202102,22,70,70,2021,62.657235,-168.896405,7/27/2021 10:52,21720,Pacific cod,NA,NA,NA,NA,NA,X-18,4325.274623,66,1440.81222,0.045807496
-20622,94,202102,21,70,70,2021,62.66026,-169.62538,7/27/2021 7:37,21720,Pacific cod,NA,NA,NA,NA,NA,X-19,1780.608812,27,636.6053749,0.04241246
-20621,162,202102,20,81,81,2021,63.657025,-172.673635,7/26/2021 18:39,21720,Pacific cod,NA,NA,NA,NA,NA,AA-23,201.022937,3,65.26718733,0.045964904
-20620,162,202102,19,70,70,2021,63.535055,-171.99621,7/26/2021 16:03,21720,Pacific cod,NA,NA,NA,NA,NA,AA-22,824.2425492,13,319.0933037,0.040740435
-20619,162,202102,18,70,70,2021,63.24515,-171.99726,7/26/2021 13:34,21720,Pacific cod,NA,NA,NA,NA,NA,ZZ-22,0,0,0,0.048476316
-20617,162,202102,16,81,81,2021,63.33523,-172.62468,7/26/2021 9:32,21720,Pacific cod,NA,NA,NA,NA,NA,ZZ-23,2802.24812,63,1363.940446,0.0461897
-20616,162,202102,15,81,81,2021,63.339025,-173.357445,7/26/2021 7:00,21720,Pacific cod,NA,NA,NA,NA,NA,ZZ-24,0,0,0,0.046158651
-20615,94,202102,20,70,70,2021,62.674705,-170.364425,7/26/2021 17:42,21720,Pacific cod,NA,NA,NA,NA,NA,X-20,1643.294273,39,875.6452607,0.044538584
-20614,94,202102,19,70,70,2021,62.944735,-170.48452,7/26/2021 15:20,21720,Pacific cod,NA,NA,NA,NA,NA,Y-20,525.8530847,15,344.445252,0.043548285
-20613,94,202102,18,70,70,2021,63.20071,-171.16688,7/26/2021 12:34,21720,Pacific cod,NA,NA,NA,NA,NA,ZZ-21,371.0009344,4,183.4368032,0.021805875
-20612,94,202102,17,70,70,2021,63.003185,-171.11632,7/26/2021 10:25,21720,Pacific cod,NA,NA,NA,NA,NA,Y-21,2125.394168,35,794.9219477,0.04402948
-20611,94,202102,16,70,70,2021,62.64141,-170.958235,7/26/2021 7:30,21720,Pacific cod,NA,NA,NA,NA,NA,X-21,877.6375547,20,445.2752687,0.044916036
-20610,94,202102,15,70,70,2021,62.33985,-170.989715,7/25/2021 16:17,21720,Pacific cod,NA,NA,NA,NA,NA,W-21,1037.201202,18,401.1521625,0.044870754
-20609,94,202102,14,70,70,2021,62.305455,-170.27634,7/25/2021 13:18,21720,Pacific cod,NA,NA,NA,NA,NA,W-20,652.5594423,5,115.7020288,0.043214454
-20608,94,202102,13,70,70,2021,62.00565,-170.269635,7/25/2021 10:46,21720,Pacific cod,NA,NA,NA,NA,NA,V-20,802.8077872,19,397.9480292,0.047744928
-20607,94,202102,12,70,70,2021,61.980685,-171.07103,7/25/2021 7:36,21720,Pacific cod,NA,NA,NA,NA,NA,V-21,142.0735885,3,58.62734049,0.051170665
-20606,162,202102,14,81,81,2021,63.000435,-173.981685,7/25/2021 15:19,21720,Pacific cod,NA,NA,NA,NA,NA,Y-25,0,0,0,0.051912486
-20605,162,202102,13,81,81,2021,63.004,-173.215325,7/25/2021 12:37,21720,Pacific cod,NA,NA,NA,NA,NA,Y-24,140.7159125,3,62.58676612,0.047933456
-20604,162,202102,12,81,81,2021,63.003305,-172.56412,7/25/2021 10:12,21720,Pacific cod,NA,NA,NA,NA,NA,Y-23,0,0,0,0.049622857
-20603,162,202102,11,70,70,2021,63.00793,-171.767845,7/25/2021 7:23,21720,Pacific cod,NA,NA,NA,NA,NA,Y-22,44.24014813,1,21.01669745,0.047581215
-20602,94,202102,11,70,70,2021,62.02658,-171.66618,7/24/2021 18:35,21720,Pacific cod,NA,NA,NA,NA,NA,V-22,78.10764012,3,64.90939622,0.04621827
-20601,94,202102,10,81,81,2021,62.332695,-171.79744,7/24/2021 15:37,21720,Pacific cod,NA,NA,NA,NA,NA,W-22,546.7690486,16,347.2927661,0.04607064
-20600,94,202102,9,81,81,2021,62.326085,-172.3844,7/24/2021 13:01,21720,Pacific cod,NA,NA,NA,NA,NA,W-23,602.6556016,16,355.680178,0.044984233
-20599,94,202102,8,81,81,2021,62.00663,-172.403475,7/24/2021 10:10,21720,Pacific cod,NA,NA,NA,NA,NA,V-23,183.0802574,6,112.2044479,0.053473816
-20598,94,202102,7,81,81,2021,61.997375,-173.11302,7/24/2021 7:29,21720,Pacific cod,NA,NA,NA,NA,NA,V-24,2071.295973,78,1556.555157,0.050110656
-20597,162,202102,10,70,70,2021,62.67179,-171.8136,7/24/2021 17:29,21720,Pacific cod,NA,NA,NA,NA,NA,X-22,433.6833344,15,330.8034587,0.045344145
-20596,162,202102,9,81,81,2021,62.667145,-172.44106,7/24/2021 15:11,21720,Pacific cod,NA,NA,NA,NA,NA,X-23,2406.067554,58,1277.480027,0.045401884
-20595,162,202102,8,81,81,2021,62.662975,-173.16578,7/24/2021 12:33,21720,Pacific cod,NA,NA,NA,NA,NA,X-24,0,0,0,0.04637081
-20594,162,202102,7,81,81,2021,62.348985,-173.16048,7/24/2021 10:03,21720,Pacific cod,NA,NA,NA,NA,NA,W-24,1235.544902,37,782.5928507,0.047278735
-20593,162,202102,6,81,81,2021,62.332455,-173.83068,7/24/2021 7:17,21720,Pacific cod,NA,NA,NA,NA,NA,W-25,3210.686989,98,2113.997077,0.04635768
-20592,94,202102,6,81,81,2021,61.664665,-172.292375,7/23/2021 15:47,21720,Pacific cod,NA,NA,NA,NA,NA,U-23,2895.258297,68,1358.525836,0.050054256
-20591,94,202102,5,81,81,2021,61.66059,-171.533265,7/23/2021 12:57,21720,Pacific cod,NA,NA,NA,NA,NA,U-22,5875.363032,214,4369.969723,0.048970591
-20590,94,202102,4,81,81,2021,61.338445,-171.53157,7/23/2021 10:10,21720,Pacific cod,NA,NA,NA,NA,NA,T-22,1543.894914,31,611.8734638,0.05066407
-20589,94,202102,3,81,81,2021,61.340725,-172.206795,7/23/2021 7:33,21720,Pacific cod,NA,NA,NA,NA,NA,T-23,600.958261,24,451.3392873,0.053175074
-20588,162,202102,5,81,81,2021,62.65922,-173.913775,7/23/2021 15:28,21720,Pacific cod,NA,NA,NA,NA,NA,X-25,0,0,0,0.045498561
-20587,162,202102,4,81,81,2021,62.659095,-174.621015,7/23/2021 12:35,21720,Pacific cod,NA,NA,NA,NA,NA,X-26,0,0,0,0.047481576
-20586,162,202102,3,81,81,2021,62.337775,-174.61426,7/23/2021 10:03,21720,Pacific cod,NA,NA,NA,NA,NA,W-26,211.6350039,4,85.81246989,0.046613272
-20585,162,202102,2,81,81,2021,62.33486,-175.275625,7/23/2021 7:33,21720,Pacific cod,NA,NA,NA,NA,NA,W-27,3773.274869,57,1218.288589,0.046786944
-20577,94,202102,2,81,81,2021,61.359355,-172.91428,7/22/2021 10:15,21720,Pacific cod,NA,NA,NA,NA,NA,T-24,5359.791797,224,4451.093177,0.050324716
-20576,94,202102,1,81,81,2021,61.67323,-173.07778,7/22/2021 7:31,21720,Pacific cod,NA,NA,NA,NA,NA,U-24,13256.71647,276,5117.779009,0.053929644
-19851,162,201902,46,81,81,2019,63.336915,-173.406035,8/13/2019 18:24,21720,Pacific cod,NA,NA,NA,NA,NA,ZZ-24,1104.056042,18,360.0182745,0.049997462
-19850,162,201902,45,81,81,2019,63.33313,-172.647645,8/13/2019 15:40,21720,Pacific cod,NA,NA,NA,NA,NA,ZZ-23,1412.028253,33,656.294822,0.05028228
-19849,162,201902,44,70,70,2019,63.299995,-171.984305,8/13/2019 12:58,21720,Pacific cod,NA,NA,NA,NA,NA,ZZ-22,2817.979838,85,1841.109041,0.046167825
-19848,162,201902,43,70,70,2019,63.69839,-172.061445,8/13/2019 10:10,21720,Pacific cod,NA,NA,NA,NA,NA,AA-22,3308.533514,44,2463.206,0.017862899
-19847,162,201902,42,81,81,2019,63.6616,-172.721165,8/13/2019 7:49,21720,Pacific cod,NA,NA,NA,NA,NA,AA-23,811.8306456,21,426.211089,0.04927136
-19846,94,201902,81,70,70,2019,60.66889,-169.36521,8/20/2019 10:36,21720,Pacific cod,NA,NA,NA,NA,NA,R-19,320.7680728,23,536.9480113,0.042834687
-19845,94,201902,80,70,70,2019,60.667385,-168.69992,8/20/2019 8:07,21720,Pacific cod,NA,NA,NA,NA,NA,R-18,49.276255,35,737.0380022,0.047487375
-19844,94,201902,58,70,70,2019,62.67068,-168.891655,8/14/2019 17:52,21720,Pacific cod,NA,NA,NA,NA,NA,X-18,7115.974257,198,4379.061082,0.045215172
-19843,94,201902,57,70,70,2019,62.872775,-168.828885,8/14/2019 16:01,21720,Pacific cod,NA,NA,NA,NA,NA,Y-18,1767.431004,101,2208.195589,0.045738702
-19841,162,201902,76,70,70,2019,60.666145,-170.092865,8/20/2019 11:14,21720,Pacific cod,NA,NA,NA,NA,NA,R-20,2058.21478,58,1209.487916,0.047954179
-19840,162,201902,75,81,81,2019,60.670745,-170.76827,8/20/2019 8:18,21720,Pacific cod,NA,NA,NA,NA,NA,R-21,3886.194123,66,1341.398526,0.04920238
-19839,94,201902,79,70,70,2019,60.665215,-168.022505,8/19/2019 16:37,21720,Pacific cod,NA,NA,NA,NA,NA,R-01,0,0,0,0.045214159
-19838,94,201902,78,70,70,2019,60.99725,-168.714285,8/19/2019 13:13,21720,Pacific cod,NA,NA,NA,NA,NA,S-18,69.200881,36,851.7031508,0.042268248
-19837,94,201902,77,70,70,2019,60.998555,-168.035835,8/19/2019 10:37,21720,Pacific cod,NA,NA,NA,NA,NA,S-01,0,0,0,0.044126954
-19836,94,201902,76,70,70,2019,61.000675,-167.36652,8/19/2019 8:11,21720,Pacific cod,NA,NA,NA,NA,NA,S-02,0,0,0,0.043736988
-19835,162,201902,74,81,81,2019,60.992635,-170.769875,8/19/2019 15:51,21720,Pacific cod,NA,NA,NA,NA,NA,S-21,1110.842888,53,1130.032113,0.046901322
-19834,162,201902,73,70,70,2019,60.992235,-170.07322,8/19/2019 13:10,21720,Pacific cod,NA,NA,NA,NA,NA,S-20,2659.736278,48,1039.63633,0.046169991
-19833,162,201902,72,70,70,2019,60.99903,-169.42226,8/19/2019 10:40,21720,Pacific cod,NA,NA,NA,NA,NA,S-19,238.9068271,60,1518.475596,0.039513312
-19832,162,201902,71,70,70,2019,61.32734,-169.464865,8/19/2019 8:08,21720,Pacific cod,NA,NA,NA,NA,NA,T-19,123.5997949,16,402.7691892,0.039724985
-19831,94,201902,75,70,70,2019,60.6635,-167.33004,8/18/2019 16:06,21720,Pacific cod,NA,NA,NA,NA,NA,R-02,0.625123775,1,20.83745915,0.047990496
-19830,94,201902,74,70,70,2019,60.666005,-166.636445,8/18/2019 13:29,21720,Pacific cod,NA,NA,NA,NA,NA,R-03,0,0,0,0.040810464
-19829,94,201902,73,70,70,2019,60.997585,-166.647435,8/18/2019 10:53,21720,Pacific cod,NA,NA,NA,NA,NA,S-03,0,0,0,0.042793998
-19828,94,201902,72,70,70,2019,61.329885,-166.68264,8/18/2019 8:26,21720,Pacific cod,NA,NA,NA,NA,NA,T-03,0,0,0,0.043170954
-19826,162,201902,70,70,70,2019,61.33742,-170.17414,8/18/2019 18:09,21720,Pacific cod,NA,NA,NA,NA,NA,T-20,1237.088718,62,1374.54302,0.0451059
-19825,162,201902,69,70,70,2019,61.664485,-170.177965,8/18/2019 15:42,21720,Pacific cod,NA,NA,NA,NA,NA,U-20,3817.634878,135,2871.201719,0.04701864
-19824,162,201902,68,70,70,2019,61.67139,-169.507085,8/18/2019 13:10,21720,Pacific cod,NA,NA,NA,NA,NA,U-19,569.092366,143,3390.842014,0.042172416
-19823,162,201902,67,70,70,2019,61.992035,-169.559745,8/18/2019 10:40,21720,Pacific cod,NA,NA,NA,NA,NA,V-19,2671.584208,130,2698.569907,0.048173664
-19822,162,201902,66,70,70,2019,61.99635,-170.24224,8/18/2019 8:11,21720,Pacific cod,NA,NA,NA,NA,NA,V-20,2236.967976,78,1653.872058,0.047162052
-19821,162,201902,65,70,70,2019,62.32753,-170.281995,8/17/2019 15:43,21720,Pacific cod,NA,NA,NA,NA,NA,W-20,1851.04642,79,1820.285893,0.043399776
-19820,162,201902,64,70,70,2019,62.346275,-169.590045,8/17/2019 13:05,21720,Pacific cod,NA,NA,NA,NA,NA,W-19,2282.265594,86,1925.206877,0.044670524
-19819,162,201902,63,70,70,2019,62.670615,-169.647345,8/17/2019 10:30,21720,Pacific cod,NA,NA,NA,NA,NA,X-19,4173.124095,108,2534.856031,0.04260597
-19818,162,201902,62,70,70,2019,62.67188,-170.329935,8/17/2019 8:04,21720,Pacific cod,NA,NA,NA,NA,NA,X-20,3050.750561,95,2261.049332,0.04201589
-19817,94,201902,70,70,70,2019,61.647585,-166.73471,8/17/2019 15:40,21720,Pacific cod,NA,NA,NA,NA,NA,U-03,0,0,0,0.040708493
-19816,94,201902,69,70,70,2019,61.666785,-167.390325,8/17/2019 13:07,21720,Pacific cod,NA,NA,NA,NA,NA,U-02,0,0,0,0.043444414
-19815,94,201902,68,70,70,2019,61.344665,-167.367465,8/17/2019 10:32,21720,Pacific cod,NA,NA,NA,NA,NA,T-02,0,0,0,0.0419052
-19814,94,201902,67,70,70,2019,61.331305,-168.08544,8/17/2019 7:51,21720,Pacific cod,NA,NA,NA,NA,NA,T-01,95.39019136,1,22.18376543,0.04507801
-19813,94,201902,66,70,70,2019,61.32822,-168.769,8/16/2019 16:07,21720,Pacific cod,NA,NA,NA,NA,NA,T-18,84.85537142,26,578.3065942,0.044958851
-19812,94,201902,65,70,70,2019,61.665925,-168.803725,8/16/2019 13:22,21720,Pacific cod,NA,NA,NA,NA,NA,U-18,589.7492348,165,3628.211176,0.045476956
-19811,94,201902,64,70,70,2019,61.6656,-168.083865,8/16/2019 10:29,21720,Pacific cod,NA,NA,NA,NA,NA,U-01,127.2257146,3,63.03503613,0.04759258
-19810,94,201902,63,70,70,2019,61.997985,-168.12715,8/16/2019 7:53,21720,Pacific cod,NA,NA,NA,NA,NA,V-01,774.5225675,55,1218.499463,0.045137484
-19809,162,201902,61,70,70,2019,62.675665,-171.096775,8/16/2019 15:43,21720,Pacific cod,NA,NA,NA,NA,NA,X-21,1327.570684,34,713.0711414,0.047681077
-19808,162,201902,60,70,70,2019,62.949575,-170.494965,8/16/2019 12:37,21720,Pacific cod,NA,NA,NA,NA,NA,Y-20,2180.780308,65,1535.76078,0.0423243
-19807,162,201902,59,70,70,2019,63.00214,-171.13227,8/16/2019 10:06,21720,Pacific cod,NA,NA,NA,NA,NA,Y-21,1097.795903,30,637.8825701,0.0470306
-19806,162,201902,58,70,70,2019,63.273085,-171.123505,8/16/2019 8:03,21720,Pacific cod,NA,NA,NA,NA,NA,ZZ-21,184.7534236,2,84.17012466,0.0237614
-19805,162,201902,57,70,70,2019,62.974005,-171.806345,8/15/2019 18:23,21720,Pacific cod,NA,NA,NA,NA,NA,Y-22,1205.953918,35,745.7312214,0.0469338
-19804,162,201902,56,70,70,2019,62.66339,-171.8221,8/15/2019 15:54,21720,Pacific cod,NA,NA,NA,NA,NA,X-22,1560.172976,44,950.7979356,0.04627692
-19803,162,201902,55,81,81,2019,62.668765,-172.508855,8/15/2019 13:24,21720,Pacific cod,NA,NA,NA,NA,NA,X-23,2897.701646,51,1104.505112,0.046174526
-19802,162,201902,54,81,81,2019,62.66735,-173.19076,8/15/2019 10:57,21720,Pacific cod,NA,NA,NA,NA,NA,X-24,767.3536739,12,235.5049639,0.05095434
-19801,162,201902,53,81,81,2019,62.65517,-173.90926,8/15/2019 8:13,21720,Pacific cod,NA,NA,NA,NA,NA,X-25,93.45576038,2,38.30154114,0.05221722
-19800,94,201902,62,70,70,2019,61.997905,-168.837175,8/15/2019 16:23,21720,Pacific cod,NA,NA,NA,NA,NA,V-18,3604.21793,242,5163.666573,0.046865923
-19799,94,201902,61,70,70,2019,62.33586,-168.865795,8/15/2019 13:30,21720,Pacific cod,NA,NA,NA,NA,NA,W-18,4947.598752,142,2989.040494,0.047506884
-19798,94,201902,60,70,70,2019,62.34296,-168.139095,8/15/2019 10:30,21720,Pacific cod,NA,NA,NA,NA,NA,W-01,1965.744067,247,5431.690174,0.045473875
-19797,94,201902,59,70,70,2019,62.66791,-168.186865,8/15/2019 7:53,21720,Pacific cod,NA,NA,NA,NA,NA,X-01,2506.723282,169,3546.853941,0.04764786
-19796,94,201902,55,70,70,2019,63.00614,-168.21037,8/13/2019 17:51,21720,Pacific cod,NA,NA,NA,NA,NA,Y-01,2348.805379,79,1670.167641,0.047300641
-19795,94,201902,54,71,71,2019,63.341185,-168.2779,8/13/2019 14:14,21720,Pacific cod,NA,NA,NA,NA,NA,ZZ-01,4439.790044,217,4416.587694,0.049132954
-19794,94,201902,53,71,71,2019,63.67149,-168.26885,8/13/2019 11:06,21720,Pacific cod,NA,NA,NA,NA,NA,AA-01,723.615606,12,247.0380447,0.048575514
-19792,94,201902,51,71,71,2019,63.674145,-167.51265,8/13/2019 7:36,21720,Pacific cod,NA,NA,NA,NA,NA,AA-02,1626.538862,49,1063.806784,0.046060996
-19791,162,201902,52,81,81,2019,62.66971,-174.6305,8/14/2019 18:12,21720,Pacific cod,NA,NA,NA,NA,NA,X-26,512.7187559,7,130.9865435,0.053440604
-19789,162,201902,50,81,81,2019,63.001735,-174.0076,8/14/2019 14:26,21720,Pacific cod,NA,NA,NA,NA,NA,Y-25,164.3227274,4,66.39302119,0.060247296
-19788,162,201902,49,81,81,2019,63.010495,-173.293005,8/14/2019 11:52,21720,Pacific cod,NA,NA,NA,NA,NA,Y-24,442.8874135,6,120.2409267,0.049899815
-19786,162,201902,47,81,81,2019,63.02286,-172.60382,8/14/2019 8:04,21720,Pacific cod,NA,NA,NA,NA,NA,Y-23,821.7764176,20,400.8665452,0.049891916
-19784,94,201902,50,71,71,2019,64.0034,-166.056865,8/11/2019 16:07,21720,Pacific cod,NA,NA,NA,NA,NA,BB-04,6.754648863,6,144.7424756,0.041452932
-19783,94,201902,49,71,71,2019,63.673455,-166.063625,8/11/2019 13:41,21720,Pacific cod,NA,NA,NA,NA,NA,AA-04,120.7933605,11,234.7574145,0.04685688
-19782,94,201902,48,71,71,2019,63.66541,-166.78842,8/11/2019 10:55,21720,Pacific cod,NA,NA,NA,NA,NA,AA-03,245.996335,23,509.0342514,0.0451836
-19781,94,201902,47,71,71,2019,63.99847,-166.81108,8/11/2019 8:22,21720,Pacific cod,NA,NA,NA,NA,NA,BB-03,361.5761076,14,314.8050688,0.044471965
-19779,162,201902,41,71,71,2019,64.00155,-172.00702,8/11/2019 18:07,21720,Pacific cod,NA,NA,NA,NA,NA,BB-22,3630.548306,41,1233.243418,0.033245667
-19778,162,201902,40,71,71,2019,64.04964,-171.353185,8/11/2019 10:31,21720,Pacific cod,NA,NA,NA,NA,NA,BB-21,32693.80789,467,11007.9447,0.042423905
-19777,162,201902,39,71,71,2019,63.699605,-171.03479,8/11/2019 7:43,21720,Pacific cod,NA,NA,NA,NA,NA,AA-21,8.224588848,3,128.5092007,0.023344632
-19776,94,201902,45,71,71,2019,63.341035,-167.513515,8/10/2019 17:49,21720,Pacific cod,NA,NA,NA,NA,NA,ZZ-02,1186.148042,21,542.0326161,0.038743056
-19775,94,201902,44,70,70,2019,62.998815,-167.488725,8/10/2019 15:21,21720,Pacific cod,NA,NA,NA,NA,NA,Y-02,521.2285716,9,202.8126738,0.044375925
-19774,94,201902,43,70,70,2019,62.669555,-167.449085,8/10/2019 12:51,21720,Pacific cod,NA,NA,NA,NA,NA,X-02,1168.55568,117,2736.061928,0.04276219
-19773,94,201902,42,70,70,2019,62.33572,-167.438125,8/10/2019 10:19,21720,Pacific cod,NA,NA,NA,NA,NA,W-02,151.4300056,28,673.5568161,0.041570361
-19772,94,201902,41,70,70,2019,61.99045,-167.4153,8/10/2019 7:38,21720,Pacific cod,NA,NA,NA,NA,NA,V-02,158.908142,3,69.64564297,0.0430752
-19771,162,201902,38,71,71,2019,63.993085,-170.55962,8/10/2019 14:50,21720,Pacific cod,NA,NA,NA,NA,NA,BB-20,3179.655247,90,2069.414414,0.043490564
-19770,162,201902,37,71,71,2019,64.232535,-171.104195,8/10/2019 12:13,21720,Pacific cod,NA,NA,NA,NA,NA,CC-21,3305.369006,62,1477.52616,0.041962032
-19769,162,201902,36,71,71,2019,64.3301,-170.59159,8/10/2019 10:03,21720,Pacific cod,NA,NA,NA,NA,NA,CC-20,2941.231924,48,1131.243048,0.0424312
-19768,162,201902,35,71,71,2019,64.63456,-170.605155,8/10/2019 7:39,21720,Pacific cod,NA,NA,NA,NA,NA,DD-20,2464.861234,43,883.9785911,0.048643712
-19767,162,201902,34,71,71,2019,64.66201,-169.88556,8/9/2019 12:38,21720,Pacific cod,NA,NA,NA,NA,NA,DD-19,3893.607391,37,788.0933997,0.04694875
-19766,162,201902,33,71,71,2019,64.66013,-169.120555,8/9/2019 10:10,21720,Pacific cod,NA,NA,NA,NA,NA,DD-18,7941.928935,50,1995.459531,0.025056885
-19765,162,201902,32,71,71,2019,64.329575,-169.076535,8/9/2019 7:37,21720,Pacific cod,NA,NA,NA,NA,NA,CC-18,1405.633179,14,349.5357815,0.040053124
-19764,94,201902,40,70,70,2019,62.00497,-166.69534,8/9/2019 16:57,21720,Pacific cod,NA,NA,NA,NA,NA,V-03,0,0,0,0.04302298
-19762,94,201902,38,70,70,2019,62.340385,-166.73713,8/9/2019 13:21,21720,Pacific cod,NA,NA,NA,NA,NA,W-03,0,0,0,0.039945456
-19761,94,201902,37,70,70,2019,62.661525,-166.746715,8/9/2019 10:47,21720,Pacific cod,NA,NA,NA,NA,NA,X-03,69.96735385,1,22.00231253,0.045449768
-19759,94,201902,35,70,70,2019,63.00628,-166.75543,8/9/2019 7:32,21720,Pacific cod,NA,NA,NA,NA,NA,Y-03,970.551306,19,433.0274701,0.043877124
-19758,162,201902,31,71,71,2019,64.303325,-169.82463,8/8/2019 17:16,21720,Pacific cod,NA,NA,NA,NA,NA,CC-19,4597.86278,44,1017.635625,0.04323748
-19757,162,201902,30,71,71,2019,63.988455,-169.77752,8/8/2019 14:51,21720,Pacific cod,NA,NA,NA,NA,NA,BB-19,8403.810447,129,3162.460757,0.04079102
-19756,162,201902,29,71,71,2019,63.65616,-169.754585,8/8/2019 12:20,21720,Pacific cod,NA,NA,NA,NA,NA,AA-19,1655.690243,24,597.6771576,0.040155458
-19755,162,201902,28,71,71,2019,63.667525,-169.007845,8/8/2019 9:42,21720,Pacific cod,NA,NA,NA,NA,NA,AA-18,4814.549302,57,1330.243869,0.042849286
-19754,162,201902,27,71,71,2019,63.95837,-169.037045,8/8/2019 7:20,21720,Pacific cod,NA,NA,NA,NA,NA,BB-18,5365.368152,91,1969.538128,0.046203726
-19753,94,201902,34,70,70,2019,63.001125,-166.01628,8/8/2019 16:42,21720,Pacific cod,NA,NA,NA,NA,NA,Y-04,0,0,0,0.043151446
-19752,94,201902,33,71,71,2019,63.336715,-166.76685,8/8/2019 13:12,21720,Pacific cod,NA,NA,NA,NA,NA,ZZ-03,430.1133271,10,236.5859885,0.04226793
-19750,94,201902,31,71,71,2019,63.334115,-166.038665,8/8/2019 9:40,21720,Pacific cod,NA,NA,NA,NA,NA,ZZ-04,130.9133111,1,22.15115246,0.045144378
-19749,94,201902,30,71,71,2019,63.331605,-165.305835,8/8/2019 7:09,21720,Pacific cod,NA,NA,NA,NA,NA,ZZ-05,0,0,0,0.04615528
-19748,94,201902,29,71,71,2019,63.663985,-165.30845,8/7/2019 16:17,21720,Pacific cod,NA,NA,NA,NA,NA,AA-05,0,0,0,0.04075332
-19747,94,201902,28,71,71,2019,63.67351,-164.573905,8/7/2019 13:53,21720,Pacific cod,NA,NA,NA,NA,NA,AA-06,0,0,0,0.045755958
-19745,94,201902,26,71,71,2019,63.665155,-163.80997,8/7/2019 10:24,21720,Pacific cod,NA,NA,NA,NA,NA,AA-07,0,0,0,0.040165986
-19744,94,201902,25,71,71,2019,63.66912,-163.04993,8/7/2019 7:49,21720,Pacific cod,NA,NA,NA,NA,NA,AA-08,0,0,0,0.0366183
-19742,162,201902,26,71,71,2019,64.01046,-168.277315,8/7/2019 14:49,21720,Pacific cod,NA,NA,NA,NA,NA,BB-01,255.1932421,2,47.69967142,0.04192901
-19741,162,201902,25,71,71,2019,64.00194,-167.568545,8/7/2019 12:23,21720,Pacific cod,NA,NA,NA,NA,NA,BB-02,1499.505786,40,958.1506619,0.041747088
-19740,162,201902,24,71,71,2019,64.31802,-167.61301,8/7/2019 9:45,21720,Pacific cod,NA,NA,NA,NA,NA,CC-02,1620.101589,85,2172.40314,0.039127176
-19739,162,201902,23,71,71,2019,64.32977,-168.32124,8/7/2019 7:22,21720,Pacific cod,NA,NA,NA,NA,NA,CC-01,2818.968383,36,926.6148812,0.038851092
-19738,94,201902,23,71,71,2019,63.99935,-162.31633,8/6/2019 17:45,21720,Pacific cod,NA,NA,NA,NA,NA,BB-09,0,0,0,0.041703513
-19737,94,201902,22,71,71,2019,63.997585,-161.527585,8/6/2019 15:02,21720,Pacific cod,NA,NA,NA,NA,NA,BB-10,0,0,0,0.043774612
-19736,94,201902,21,71,71,2019,64.31501,-161.56173,8/6/2019 12:19,21720,Pacific cod,NA,NA,NA,NA,NA,CC-10,0,0,0,0.043569504
-19735,94,201902,20,71,71,2019,64.33142,-162.274705,8/6/2019 9:53,21720,Pacific cod,NA,NA,NA,NA,NA,CC-09,0,0,0,0.04200326
-19734,94,201902,19,71,71,2019,64.247355,-163.12622,8/6/2019 7:03,21720,Pacific cod,NA,NA,NA,NA,NA,CC-08,0,0,0,0.037995606
-19733,162,201902,22,71,71,2019,64.6631,-168.349225,8/6/2019 15:30,21720,Pacific cod,NA,NA,NA,NA,NA,DD-01,523.3462156,5,129.5411425,0.038597776
-19732,162,201902,21,71,71,2019,65.00024,-168.36148,8/6/2019 12:38,21720,Pacific cod,NA,NA,NA,NA,NA,EE-01,5874.224298,86,1947.506899,0.044159022
-19731,162,201902,20,71,71,2019,65.01249,-169.11489,8/6/2019 10:03,21720,Pacific cod,NA,NA,NA,NA,NA,EE-18,3121.539479,33,686.2811647,0.048085248
-19730,162,201902,19,71,71,2019,65.01169,-169.902515,8/6/2019 7:31,21720,Pacific cod,NA,NA,NA,NA,NA,EE-19,2219.297826,25,564.4195896,0.044293289
-19583,162,201902,18,71,71,2019,65.223965,-168.904435,8/5/2019 17:47,21720,Pacific cod,NA,NA,NA,NA,NA,FF-18,3139.463635,36,866.0589339,0.04156761
-19582,162,201902,17,71,71,2019,65.335015,-168.387785,8/5/2019 15:06,21720,Pacific cod,NA,NA,NA,NA,NA,FF-01,3928.909121,61,1342.126093,0.045450275
-19581,162,201902,16,71,71,2019,65.30246,-167.669265,8/5/2019 12:45,21720,Pacific cod,NA,NA,NA,NA,NA,FF-02,8369.951873,91,2225.530681,0.040889124
-19580,162,201902,15,71,71,2019,65.006105,-167.643845,8/5/2019 10:24,21720,Pacific cod,NA,NA,NA,NA,NA,EE-02,1080.189482,24,578.6729366,0.041474205
-19579,162,201902,14,71,71,2019,64.673895,-167.605935,8/5/2019 7:44,21720,Pacific cod,NA,NA,NA,NA,NA,DD-02,8825.599919,112,2690.5852,0.041626632
-19577,94,201902,17,71,71,2019,64.002485,-163.064235,8/5/2019 15:32,21720,Pacific cod,NA,NA,NA,NA,NA,BB-08,0,0,0,0.039897179
-19576,94,201902,16,71,71,2019,64.00213,-163.774885,8/5/2019 13:01,21720,Pacific cod,NA,NA,NA,NA,NA,BB-07,0,0,0,0.03662193
-19575,94,201902,15,71,71,2019,64.337985,-163.78272,8/5/2019 10:21,21720,Pacific cod,NA,NA,NA,NA,NA,CC-07,0,0,0,0.04416033
-19574,94,201902,14,71,71,2019,64.32498,-164.531705,8/5/2019 7:47,21720,Pacific cod,NA,NA,NA,NA,NA,CC-06,0,0,0,0.042499236
-19510,94,201902,12,71,71,2019,64.00353,-164.54903,8/4/2019 17:01,21720,Pacific cod,NA,NA,NA,NA,NA,BB-06,0,0,0,0.042146869
-19509,94,201902,11,71,71,2019,64.013535,-165.32112,8/4/2019 13:51,21720,Pacific cod,NA,NA,NA,NA,NA,BB-05,0,0,0,0.041954244
-19508,94,201902,10,71,71,2019,64.331,-165.33186,8/4/2019 11:09,21720,Pacific cod,NA,NA,NA,NA,NA,CC-05,0,0,0,0.039812
-19507,162,201902,13,71,71,2019,64.657275,-166.81831,8/4/2019 16:43,21720,Pacific cod,NA,NA,NA,NA,NA,DD-03,10.96861659,9,219.3723319,0.04102614
-19506,162,201902,12,71,71,2019,64.338985,-166.83319,8/4/2019 13:24,21720,Pacific cod,NA,NA,NA,NA,NA,CC-03,220.3343971,10,231.9309443,0.043116282
-19505,162,201902,11,71,71,2019,64.332775,-166.045795,8/4/2019 10:25,21720,Pacific cod,NA,NA,NA,NA,NA,CC-04,0,0,0,0.04641923
-19504,94,201902,9,81,81,2019,61.67408,-170.91697,7/30/2019 15:23,21720,Pacific cod,NA,NA,NA,NA,NA,U-21,710.7545206,10,218.6062561,0.045744345
-19503,94,201902,8,81,81,2019,61.33953,-170.850915,7/30/2019 12:39,21720,Pacific cod,NA,NA,NA,NA,NA,T-21,3978.94095,73,1617.023456,0.045144676
-19502,94,201902,7,81,81,2019,61.342485,-171.48311,7/30/2019 10:02,21720,Pacific cod,NA,NA,NA,NA,NA,T-22,1840.246073,50,1034.601716,0.048327776
-19501,94,201902,6,81,81,2019,61.679305,-171.556475,7/30/2019 7:21,21720,Pacific cod,NA,NA,NA,NA,NA,U-22,2118.634859,37,762.1581476,0.048546355
-19500,94,201902,5,81,81,2019,61.662905,-172.33209,7/29/2019 18:10,21720,Pacific cod,NA,NA,NA,NA,NA,U-23,1304.382693,22,457.5321945,0.048084048
-19499,94,201902,4,81,81,2019,61.34241,-172.285085,7/29/2019 15:38,21720,Pacific cod,NA,NA,NA,NA,NA,T-23,2293.940489,39,741.9445934,0.052564572
-19498,94,201902,3,81,81,2019,61.333085,-172.93076,7/29/2019 12:51,21720,Pacific cod,NA,NA,NA,NA,NA,T-24,1875.52458,44,897.4582554,0.04902735
-19497,94,201902,2,81,81,2019,61.6776,-173.093545,7/29/2019 10:04,21720,Pacific cod,NA,NA,NA,NA,NA,U-24,2911.640922,48,1010.840187,0.047485251
-19496,94,201902,1,81,81,2019,62.00723,-173.080015,7/29/2019 7:20,21720,Pacific cod,NA,NA,NA,NA,NA,V-24,5937.360782,98,2022.45866,0.048455873
-19494,162,201902,10,70,70,2019,61.99793,-170.978145,7/30/2019 15:13,21720,Pacific cod,NA,NA,NA,NA,NA,V-21,2409.947567,44,925.769975,0.047528005
-19493,162,201902,9,70,70,2019,62.33823,-171.04723,7/30/2019 12:33,21720,Pacific cod,NA,NA,NA,NA,NA,W-21,2973.715978,76,1602.149511,0.047436272
-19492,162,201902,8,81,81,2019,62.321995,-171.706535,7/30/2019 10:07,21720,Pacific cod,NA,NA,NA,NA,NA,W-22,525.7575922,14,304.1572848,0.046028817
-19491,162,201902,7,70,70,2019,61.985235,-171.655805,7/30/2019 7:32,21720,Pacific cod,NA,NA,NA,NA,NA,V-22,2924.195968,85,1794.76249,0.047360027
-19490,162,201902,6,81,81,2019,62.00941,-172.371035,7/29/2019 17:54,21720,Pacific cod,NA,NA,NA,NA,NA,V-23,2207.753299,43,933.92417,0.046042282
-19489,162,201902,5,81,81,2019,62.3282,-172.451475,7/29/2019 15:19,21720,Pacific cod,NA,NA,NA,NA,NA,W-23,674.6866739,19,407.4712906,0.046629052
-19488,162,201902,4,81,81,2019,62.334975,-173.156085,7/29/2019 12:43,21720,Pacific cod,NA,NA,NA,NA,NA,W-24,1879.365825,51,1021.503326,0.049926416
-19487,162,201902,3,81,81,2019,62.334245,-173.86337,7/29/2019 10:08,21720,Pacific cod,NA,NA,NA,NA,NA,W-25,1677.113602,43,865.1345389,0.049703252
-19486,162,201902,2,81,81,2019,62.33512,-174.571725,7/29/2019 7:38,21720,Pacific cod,NA,NA,NA,NA,NA,W-26,1100.202713,17,350.2518001,0.04853651
-19485,162,201902,1,81,81,2019,62.31661,-175.319035,7/28/2019 15:46,21720,Pacific cod,NA,NA,NA,NA,NA,W-27,978.3900724,14,272.8577891,0.051308779
-17456,162,201702,52,71,71,2017,64.31149,-169.82966,8/21/2017 20:03,21720,Pacific cod,NA,NA,NA,NA,NA,CC-19,1156.23645,8,290.8770944,0.027503025
-17455,162,201702,51,71,71,2017,63.994085,-170.55932,8/21/2017 14:44,21720,Pacific cod,NA,NA,NA,NA,NA,BB-20,1586.571841,41,963.7668786,0.042541408
-17454,162,201702,50,71,71,2017,64.27813,-170.69045,8/21/2017 11:26,21720,Pacific cod,NA,NA,NA,NA,NA,CC-20,6120.269046,233,5834.790048,0.039932885
-17453,162,201702,49,71,71,2017,64.30688,-171.27471,8/21/2017 8:27,21720,Pacific cod,NA,NA,NA,NA,NA,CC-21,2446.909939,17,924.3881991,0.018390542
-17451,94,201702,46,71,71,2017,64.331065,-166.059735,8/23/2017 13:14,21720,Pacific cod,NA,NA,NA,NA,NA,CC-04,722.7121081,7,166.9631933,0.041925408
-17450,94,201702,45,71,71,2017,64.340145,-166.83257,8/23/2017 10:27,21720,Pacific cod,NA,NA,NA,NA,NA,CC-03,3950.607005,70,1587.19016,0.044103096
-17449,94,201702,44,71,71,2017,64.65558,-166.807915,8/23/2017 7:23,21720,Pacific cod,NA,NA,NA,NA,NA,DD-03,745.6534013,12,267.3071882,0.044892171
-17448,94,201702,39,71,71,2017,64.246525,-163.118495,8/21/2017 18:37,21720,Pacific cod,NA,NA,NA,NA,NA,CC-08,0,0,0,0.041942048
-17447,94,201702,38,71,71,2017,64.331405,-162.26691,8/21/2017 14:54,21720,Pacific cod,NA,NA,NA,NA,NA,CC-09,0,0,0,0.0413773
-17446,94,201702,37,71,71,2017,64.310265,-161.536975,8/21/2017 11:25,21720,Pacific cod,NA,NA,NA,NA,NA,CC-10,0,0,0,0.042134012
-17445,94,201702,36,71,71,2017,63.991045,-161.53304,8/21/2017 8:41,21720,Pacific cod,NA,NA,NA,NA,NA,BB-10,0,0,0,0.043862929
-17444,162,201702,87,70,70,2017,61.339715,-168.066195,9/1/2017 16:59,21720,Pacific cod,NA,NA,NA,NA,NA,T-01,156.4482493,5,115.0354774,0.043464852
-17443,162,201702,86,70,70,2017,61.667955,-168.0963,9/1/2017 14:13,21720,Pacific cod,NA,NA,NA,NA,NA,U-01,927.2117167,22,523.0425069,0.042061591
-17442,162,201702,85,70,70,2017,62.001255,-168.125995,9/1/2017 11:28,21720,Pacific cod,NA,NA,NA,NA,NA,V-01,1503.020924,38,935.5412797,0.040618197
-17441,162,201702,84,70,70,2017,62.000165,-167.442495,9/1/2017 8:40,21720,Pacific cod,NA,NA,NA,NA,NA,V-02,565.572904,11,246.8770613,0.04455659
-17440,162,201702,89,70,70,2017,60.672095,-168.01654,9/2/2017 12:05,21720,Pacific cod,NA,NA,NA,NA,NA,R-01,0,0,0,0.041474268
-17439,162,201702,88,70,70,2017,61.005615,-168.035185,9/2/2017 9:10,21720,Pacific cod,NA,NA,NA,NA,NA,S-01,385.6550601,5,119.0293395,0.04200645
-17438,162,201702,83,70,70,2017,62.338825,-167.437215,8/31/2017 18:52,21720,Pacific cod,NA,NA,NA,NA,NA,W-02,341.0835384,6,143.1119742,0.041925213
-17437,162,201702,82,70,70,2017,62.66205,-167.4697,8/31/2017 16:14,21720,Pacific cod,NA,NA,NA,NA,NA,X-02,305.2436762,6,142.2494802,0.042179416
-17436,162,201702,81,70,70,2017,62.333685,-168.15468,8/31/2017 11:47,21720,Pacific cod,NA,NA,NA,NA,NA,W-01,296.0205534,8,187.9495577,0.042564612
-17435,162,201702,80,70,70,2017,62.658195,-168.186235,8/31/2017 8:37,21720,Pacific cod,NA,NA,NA,NA,NA,X-01,1313.242818,47,1138.789898,0.04127188
-17434,162,201702,79,70,70,2017,62.999245,-167.48401,8/29/2017 18:21,21720,Pacific cod,NA,NA,NA,NA,NA,Y-02,196.9184882,8,187.5414173,0.042657244
-17433,162,201702,78,71,71,2017,63.330605,-167.508015,8/29/2017 15:39,21720,Pacific cod,NA,NA,NA,NA,NA,ZZ-02,930.7316047,24,570.4905763,0.042069056
-17432,162,201702,77,71,71,2017,63.324905,-168.243555,8/29/2017 12:13,21720,Pacific cod,NA,NA,NA,NA,NA,ZZ-01,508.6903694,9,218.0101583,0.04128248
-17431,162,201702,76,70,70,2017,63.00573,-168.223015,8/29/2017 8:41,21720,Pacific cod,NA,NA,NA,NA,NA,Y-01,1440.941179,25,638.4886473,0.039154964
-17430,162,201702,75,71,71,2017,63.66954,-168.278,8/28/2017 17:23,21720,Pacific cod,NA,NA,NA,NA,NA,AA-01,2958.259191,56,1337.012346,0.04188443
-17429,162,201702,74,71,71,2017,63.66578,-167.52785,8/28/2017 14:20,21720,Pacific cod,NA,NA,NA,NA,NA,AA-02,818.2331472,20,479.0592197,0.041748492
-17428,162,201702,73,71,71,2017,64.02824,-167.56579,8/28/2017 11:28,21720,Pacific cod,NA,NA,NA,NA,NA,BB-02,2551.0839,40,1037.025975,0.03857184
-17427,162,201702,72,71,71,2017,64.006705,-168.29421,8/28/2017 8:28,21720,Pacific cod,NA,NA,NA,NA,NA,BB-01,3114.872367,48,1294.492412,0.037080171
-17425,162,201702,71,71,71,2017,63.670105,-169.01404,8/27/2017 19:51,21720,Pacific cod,NA,NA,NA,NA,NA,AA-18,5211.408556,77,1926.444834,0.03997
-17424,162,201702,70,71,71,2017,63.66607,-169.75383,8/27/2017 16:56,21720,Pacific cod,NA,NA,NA,NA,NA,AA-19,272.5713463,12,286.9172066,0.041823912
-17423,162,201702,69,71,71,2017,63.99308,-169.79379,8/27/2017 14:12,21720,Pacific cod,NA,NA,NA,NA,NA,BB-19,1821.867187,54,1290.748204,0.0418362
-17422,162,201702,68,71,71,2017,64.0077,-169.05261,8/27/2017 11:11,21720,Pacific cod,NA,NA,NA,NA,NA,BB-18,1293.979115,19,491.7120638,0.0386405
-17421,162,201702,67,71,71,2017,64.29345,-169.138915,8/27/2017 8:27,21720,Pacific cod,NA,NA,NA,NA,NA,CC-18,2175.510729,51,1299.19259,0.03925515
-17420,94,201702,57,70,70,2017,60.67349,-167.31228,8/26/2017 15:53,21720,Pacific cod,NA,NA,NA,NA,NA,R-02,58.57821021,1,21.37890883,0.046775072
-17419,94,201702,56,70,70,2017,60.997285,-167.32733,8/26/2017 13:16,21720,Pacific cod,NA,NA,NA,NA,NA,S-02,0,0,0,0.048004614
-17418,94,201702,55,70,70,2017,61.344735,-167.372165,8/26/2017 10:28,21720,Pacific cod,NA,NA,NA,NA,NA,T-02,63.86536102,1,22.48780318,0.04446855
-17417,94,201702,54,70,70,2017,61.677945,-167.418495,8/26/2017 7:44,21720,Pacific cod,NA,NA,NA,NA,NA,U-02,0,0,0,0.0454545
-17416,162,201702,66,71,71,2017,64.32915,-168.33552,8/26/2017 18:28,21720,Pacific cod,NA,NA,NA,NA,NA,CC-01,2852.997698,54,1325.833698,0.04072909
-17415,162,201702,65,71,71,2017,64.65996,-168.35471,8/26/2017 15:43,21720,Pacific cod,NA,NA,NA,NA,NA,DD-01,1952.577627,62,1463.842961,0.04235427
-17414,162,201702,64,71,71,2017,64.651255,-169.162115,8/26/2017 12:29,21720,Pacific cod,NA,NA,NA,NA,NA,DD-18,2387.685462,40,840.7343175,0.047577456
-17413,162,201702,63,71,71,2017,65.00093,-168.344985,8/26/2017 8:30,21720,Pacific cod,NA,NA,NA,NA,NA,EE-01,3262.692852,64,1454.124948,0.044012724
-17412,162,201702,62,71,71,2017,65.32591,-168.369805,8/25/2017 19:59,21720,Pacific cod,NA,NA,NA,NA,NA,FF-01,4932.848587,73,1659.437543,0.043990809
-17411,162,201702,61,71,71,2017,65.256975,-167.869315,8/25/2017 16:40,21720,Pacific cod,NA,NA,NA,NA,NA,FF-02,3094.573923,46,1089.972438,0.042202902
-17410,162,201702,60,71,71,2017,64.97021,-167.600485,8/25/2017 12:19,21720,Pacific cod,NA,NA,NA,NA,NA,EE-02,89.78061761,1,23.02067118,0.04343922
-17409,162,201702,59,71,71,2017,64.70436,-167.60711,8/25/2017 8:17,21720,Pacific cod,NA,NA,NA,NA,NA,DD-02,2842.412664,36,800.0536036,0.044996985
-17408,162,201702,58,71,71,2017,64.32386,-167.576155,8/24/2017 18:29,21720,Pacific cod,NA,NA,NA,NA,NA,CC-02,2385.576697,36,1478.154235,0.024354698
-17407,94,201702,53,71,71,2017,63.30944,-166.789535,8/25/2017 14:46,21720,Pacific cod,NA,NA,NA,NA,NA,ZZ-03,851.9986344,16,339.2727265,0.0471597
-17406,94,201702,52,71,71,2017,63.663385,-166.80781,8/25/2017 11:32,21720,Pacific cod,NA,NA,NA,NA,NA,AA-03,387.61574,9,182.7418366,0.049249806
-17405,94,201702,51,71,71,2017,63.99897,-166.8175,8/25/2017 8:56,21720,Pacific cod,NA,NA,NA,NA,NA,BB-03,3366.566123,57,1191.963905,0.04782024
-17404,94,201702,50,71,71,2017,63.67658,-166.0585,8/24/2017 17:12,21720,Pacific cod,NA,NA,NA,NA,NA,AA-04,1786.450815,26,558.5344057,0.0465504
-17403,94,201702,49,71,71,2017,63.99298,-166.051665,8/24/2017 14:47,21720,Pacific cod,NA,NA,NA,NA,NA,BB-04,2063.65244,23,510.8050594,0.045026962
-17402,94,201702,48,71,71,2017,64.01534,-165.31265,8/24/2017 11:41,21720,Pacific cod,NA,NA,NA,NA,NA,BB-05,0,0,0,0.03682404
-17401,94,201702,47,71,71,2017,64.332295,-165.336085,8/24/2017 8:59,21720,Pacific cod,NA,NA,NA,NA,NA,CC-05,0,0,0,0.041536962
-17400,162,201702,57,71,71,2017,65.21764,-168.89474,8/22/2017 20:48,21720,Pacific cod,NA,NA,NA,NA,NA,FF-18,9555.850519,127,3012.144492,0.042162652
-17399,162,201702,56,71,71,2017,65.017215,-169.12043,8/22/2017 18:06,21720,Pacific cod,NA,NA,NA,NA,NA,EE-18,5345.432699,122,2720.66245,0.04484202
-17398,162,201702,55,71,71,2017,65.00784,-169.911015,8/22/2017 14:54,21720,Pacific cod,NA,NA,NA,NA,NA,EE-19,1356.166718,23,493.5416852,0.04660194
-17397,162,201702,54,71,71,2017,64.65624,-169.90891,8/22/2017 11:29,21720,Pacific cod,NA,NA,NA,NA,NA,DD-19,3508.566877,44,954.1220185,0.046115695
-17396,162,201702,53,71,71,2017,64.61832,-170.687745,8/22/2017 8:35,21720,Pacific cod,NA,NA,NA,NA,NA,DD-20,1380.449281,18,762.2112596,0.0236155
-17395,94,201702,43,71,71,2017,64.32803,-164.53456,8/22/2017 16:24,21720,Pacific cod,NA,NA,NA,NA,NA,CC-06,0,0,0,0.038753664
-17394,94,201702,42,71,71,2017,63.994645,-164.545345,8/22/2017 12:47,21720,Pacific cod,NA,NA,NA,NA,NA,BB-06,0,0,0,0.0435897
-17393,94,201702,41,71,71,2017,64.00198,-163.79239,8/22/2017 10:10,21720,Pacific cod,NA,NA,NA,NA,NA,BB-07,0,0,0,0.036522922
-17392,94,201702,40,71,71,2017,64.33843,-163.78699,8/22/2017 7:33,21720,Pacific cod,NA,NA,NA,NA,NA,CC-07,0,0,0,0.040135023
-17389,94,201702,33,71,71,2017,64.00461,-162.333805,8/20/2017 14:17,21720,Pacific cod,NA,NA,NA,NA,NA,BB-09,0,0,0,0.039315729
-17388,94,201702,32,71,71,2017,63.996455,-163.062605,8/20/2017 11:19,21720,Pacific cod,NA,NA,NA,NA,NA,BB-08,0,0,0,0.03849112
-17387,94,201702,31,71,71,2017,63.666545,-163.06016,8/20/2017 8:34,21720,Pacific cod,NA,NA,NA,NA,NA,AA-08,0,0,0,0.042338644
-17386,162,201702,48,71,71,2017,64.04452,-171.358395,8/20/2017 18:10,21720,Pacific cod,NA,NA,NA,NA,NA,BB-21,9266.58237,124,3520.392812,0.035223342
-17385,162,201702,47,71,71,2017,63.999185,-172.02633,8/20/2017 11:41,21720,Pacific cod,NA,NA,NA,NA,NA,BB-22,1413.076942,22,508.8002084,0.043238976
-17384,162,201702,46,70,70,2017,63.69665,-172.10453,8/20/2017 8:23,21720,Pacific cod,NA,NA,NA,NA,NA,AA-22,3729.064122,46,1799.967992,0.02555601
-17383,162,201702,45,81,81,2017,63.66968,-172.73402,8/19/2017 19:41,21720,Pacific cod,NA,NA,NA,NA,NA,AA-23,1112.105531,20,426.9119122,0.046848072
-17382,162,201702,44,81,81,2017,63.325285,-172.691365,8/19/2017 16:58,21720,Pacific cod,NA,NA,NA,NA,NA,ZZ-23,633.064565,13,268.9489982,0.048336302
-17381,162,201702,43,81,81,2017,63.00844,-172.60711,8/19/2017 14:25,21720,Pacific cod,NA,NA,NA,NA,NA,Y-23,3.23099879,1,19.58181085,0.0510678
-17379,162,201702,41,81,81,2017,62.995355,-173.23229,8/19/2017 11:11,21720,Pacific cod,NA,NA,NA,NA,NA,Y-24,0,0,0,0.048585914
-17378,162,201702,40,81,81,2017,63.336025,-173.41213,8/19/2017 8:29,21720,Pacific cod,NA,NA,NA,NA,NA,ZZ-24,196.5280168,6,132.4907979,0.045286164
-17377,94,201702,30,71,71,2017,63.670105,-163.82735,8/19/2017 17:21,21720,Pacific cod,NA,NA,NA,NA,NA,AA-07,0,0,0,0.04100016
-17376,94,201702,29,71,71,2017,63.681265,-164.613185,8/19/2017 14:24,21720,Pacific cod,NA,NA,NA,NA,NA,AA-06,0,0,0,0.038147036
-17375,94,201702,28,71,71,2017,63.648305,-165.336585,8/19/2017 11:25,21720,Pacific cod,NA,NA,NA,NA,NA,AA-05,0,0,0,0.042332265
-17374,94,201702,27,71,71,2017,63.324515,-165.340775,8/19/2017 8:29,21720,Pacific cod,NA,NA,NA,NA,NA,ZZ-05,82.05033136,1,24.86373678,0.040219216
-17373,94,201702,26,71,71,2017,63.336895,-166.02704,8/18/2017 17:26,21720,Pacific cod,NA,NA,NA,NA,NA,ZZ-04,1249.47369,21,470.6200002,0.044621988
-17372,94,201702,25,70,70,2017,63.001705,-166.03441,8/18/2017 14:25,21720,Pacific cod,NA,NA,NA,NA,NA,Y-04,0.776914666,2,45.70086272,0.04376285
-17371,94,201702,24,70,70,2017,62.991645,-166.75021,8/18/2017 11:33,21720,Pacific cod,NA,NA,NA,NA,NA,Y-03,746.9031572,11,253.8759882,0.043328241
-17370,94,201702,23,70,70,2017,62.64254,-166.748705,8/18/2017 8:26,21720,Pacific cod,NA,NA,NA,NA,NA,X-03,1062.759608,15,344.6042826,0.043528188
-17369,162,201702,39,81,81,2017,62.99291,-174.00057,8/18/2017 17:38,21720,Pacific cod,NA,NA,NA,NA,NA,Y-25,15.26056227,1,19.07570284,0.052422708
-17368,162,201702,38,81,81,2017,62.669555,-173.18391,8/18/2017 13:59,21720,Pacific cod,NA,NA,NA,NA,NA,X-24,0,0,0,0.049474359
-17367,162,201702,37,81,81,2017,62.66693,-173.914095,8/18/2017 11:20,21720,Pacific cod,NA,NA,NA,NA,NA,X-25,11.14268763,1,27.85671908,0.035897982
-17366,162,201702,36,81,81,2017,62.671085,-174.63527,8/18/2017 8:29,21720,Pacific cod,NA,NA,NA,NA,NA,X-26,122.5466518,3,61.27332589,0.048960946
-17365,162,201702,35,81,81,2017,62.66936,-172.455735,8/17/2017 19:21,21720,Pacific cod,NA,NA,NA,NA,NA,X-23,97.99205374,2,44.54184261,0.0449016
-17364,162,201702,34,70,70,2017,62.668955,-171.81505,8/17/2017 14:44,21720,Pacific cod,NA,NA,NA,NA,NA,X-22,64.27255372,1,23.80464952,0.0420086
-17363,162,201702,33,70,70,2017,63.000515,-171.79863,8/17/2017 10:37,21720,Pacific cod,NA,NA,NA,NA,NA,Y-22,1863.270895,28,627.816908,0.04459899
-17362,162,201702,32,70,70,2017,63.3188,-171.917565,8/17/2017 8:12,21720,Pacific cod,NA,NA,NA,NA,NA,ZZ-22,420.1110077,5,170.7768324,0.029277976
-17361,94,201702,22,70,70,2017,62.325495,-166.72352,8/17/2017 17:13,21720,Pacific cod,NA,NA,NA,NA,NA,W-03,0,0,0,0.044539476
-17360,94,201702,21,70,70,2017,61.999265,-166.69886,8/17/2017 14:24,21720,Pacific cod,NA,NA,NA,NA,NA,V-03,45.23522416,1,22.17412949,0.045097599
-17359,94,201702,20,70,70,2017,61.64634,-166.74446,8/17/2017 11:17,21720,Pacific cod,NA,NA,NA,NA,NA,U-03,0,0,0,0.046840716
-17358,94,201702,19,70,70,2017,61.3304,-166.911765,8/17/2017 7:30,21720,Pacific cod,NA,NA,NA,NA,NA,T-03,0,0,0,0.046992216
-17357,94,201702,18,70,70,2017,61.009925,-166.671805,8/16/2017 19:02,21720,Pacific cod,NA,NA,NA,NA,NA,S-03,0,0,0,0.045420953
-17356,94,201702,17,70,70,2017,60.660985,-166.657365,8/16/2017 16:09,21720,Pacific cod,NA,NA,NA,NA,NA,R-03,0,0,0,0.04355196
-17355,162,201702,31,70,70,2017,62.668365,-171.085385,8/16/2017 16:50,21720,Pacific cod,NA,NA,NA,NA,NA,X-21,671.1030055,14,298.2680024,0.046937653
-17354,162,201702,30,70,70,2017,62.670315,-170.364475,8/16/2017 14:01,21720,Pacific cod,NA,NA,NA,NA,NA,X-20,1982.794951,45,917.5830194,0.049041884
-17353,162,201702,29,70,70,2017,62.341735,-170.28428,8/16/2017 11:04,21720,Pacific cod,NA,NA,NA,NA,NA,W-20,1218.081904,27,626.442122,0.04310055
-17352,162,201702,28,70,70,2017,62.002905,-170.256875,8/16/2017 8:03,21720,Pacific cod,NA,NA,NA,NA,NA,V-20,149.5305894,2,43.97958512,0.045475645
-17350,162,201702,27,70,70,2017,62.332845,-169.59543,8/15/2017 19:48,21720,Pacific cod,NA,NA,NA,NA,NA,W-19,5222.956501,110,2666.010279,0.041260156
-17349,162,201702,26,70,70,2017,62.00914,-169.54835,8/15/2017 16:58,21720,Pacific cod,NA,NA,NA,NA,NA,V-19,2034.993616,41,807.6934973,0.05076183
-17348,162,201702,25,70,70,2017,61.665805,-169.50274,8/15/2017 14:14,21720,Pacific cod,NA,NA,NA,NA,NA,U-19,1920.406981,36,798.3216086,0.045094608
-17347,162,201702,24,70,70,2017,61.6664,-168.80322,8/15/2017 11:09,21720,Pacific cod,NA,NA,NA,NA,NA,U-18,2104.890209,85,1914.048331,0.044408492
-17346,162,201702,23,70,70,2017,61.99596,-168.84087,8/15/2017 7:59,21720,Pacific cod,NA,NA,NA,NA,NA,V-18,3506.505353,89,1943.206578,0.045800586
-17325,162,201702,22,70,70,2017,62.66808,-169.599595,8/14/2017 19:07,21720,Pacific cod,NA,NA,NA,NA,NA,X-19,16955.24005,325,6790.4535,0.04786131
-17324,162,201702,21,70,70,2017,62.947025,-170.469845,8/14/2017 15:19,21720,Pacific cod,NA,NA,NA,NA,NA,Y-20,6457.567567,150,3021.319822,0.049647177
-17323,162,201702,20,70,70,2017,62.99627,-171.11875,8/14/2017 11:30,21720,Pacific cod,NA,NA,NA,NA,NA,Y-21,1762.519092,35,695.4697656,0.050325696
-17322,162,201702,19,70,70,2017,63.260995,-171.11632,8/14/2017 8:09,21720,Pacific cod,NA,NA,NA,NA,NA,ZZ-21,2517.323764,46,1052.699029,0.0436972
-17235,162,201702,18,70,70,2017,62.332535,-168.87068,8/11/2017 17:11,21720,Pacific cod,NA,NA,NA,NA,NA,W-18,4766.135625,124,2651.416857,0.046767448
-17234,162,201702,17,70,70,2017,62.66072,-168.9003,8/11/2017 11:57,21720,Pacific cod,NA,NA,NA,NA,NA,X-18,8123.4961,168,3981.408906,0.042196118
-17233,162,201702,16,70,70,2017,62.933075,-168.989575,8/11/2017 7:59,21720,Pacific cod,NA,NA,NA,NA,NA,Y-18,5121.188311,115,2512.528395,0.045770627
-17092,162,201702,15,70,70,2017,61.33044,-168.742665,8/4/2017 12:53,21720,Pacific cod,NA,NA,NA,NA,NA,T-18,0.760470731,1,21.72773518,0.046024125
-17091,162,201702,14,70,70,2017,60.99402,-168.71334,8/4/2017 10:20,21720,Pacific cod,NA,NA,NA,NA,NA,S-18,35.95491882,12,269.6618912,0.04450017
-17090,162,201702,13,70,70,2017,60.66639,-168.7065,8/4/2017 7:39,21720,Pacific cod,NA,NA,NA,NA,NA,R-18,204.4627998,23,530.7725052,0.043333066
-17089,162,201702,12,70,70,2017,60.675075,-170.05565,8/3/2017 15:59,21720,Pacific cod,NA,NA,NA,NA,NA,R-20,2461.378314,52,1124.707138,0.046234258
-17088,162,201702,11,70,70,2017,60.99503,-170.13331,8/3/2017 13:23,21720,Pacific cod,NA,NA,NA,NA,NA,S-20,1684.353469,44,899.8488663,0.0488971
-17087,162,201702,10,70,70,2017,61.33137,-170.177395,8/3/2017 10:26,21720,Pacific cod,NA,NA,NA,NA,NA,T-20,1587.845832,39,832.114854,0.04686853
-17086,162,201702,9,70,70,2017,61.673,-170.220995,8/3/2017 7:42,21720,Pacific cod,NA,NA,NA,NA,NA,U-20,2526.248141,71,1545.705084,0.04593373
-17085,162,201702,8,70,70,2017,61.996055,-170.96093,8/2/2017 17:15,21720,Pacific cod,NA,NA,NA,NA,NA,V-21,256.4650314,7,147.8793426,0.047335888
-17084,162,201702,7,70,70,2017,62.337725,-171.055025,8/2/2017 14:13,21720,Pacific cod,NA,NA,NA,NA,NA,W-21,3786.91828,60,1317.952998,0.045525144
-17083,162,201702,6,81,81,2017,62.337205,-171.727095,8/2/2017 11:03,21720,Pacific cod,NA,NA,NA,NA,NA,W-22,965.8055526,16,361.8943523,0.044211798
-17082,162,201702,5,81,81,2017,62.33073,-172.445615,8/2/2017 7:38,21720,Pacific cod,NA,NA,NA,NA,NA,W-23,27.13205671,3,65.64207268,0.045702396
-17081,94,201702,16,70,70,2017,61.326445,-169.45852,8/4/2017 12:30,21720,Pacific cod,NA,NA,NA,NA,NA,T-19,1673.484292,63,1432.855537,0.043968145
-17080,94,201702,15,70,70,2017,60.99735,-169.43424,8/4/2017 9:58,21720,Pacific cod,NA,NA,NA,NA,NA,S-19,1163.455651,45,1070.008263,0.04205575
-17079,94,201702,14,70,70,2017,60.67054,-169.37521,8/4/2017 7:27,21720,Pacific cod,NA,NA,NA,NA,NA,R-19,425.4825412,16,366.5977738,0.043644564
-17078,94,201702,13,81,81,2017,60.67064,-170.756325,8/3/2017 15:20,21720,Pacific cod,NA,NA,NA,NA,NA,R-21,278.4187925,12,274.304229,0.043747047
-17077,94,201702,12,81,81,2017,61.00328,-170.818175,8/3/2017 12:44,21720,Pacific cod,NA,NA,NA,NA,NA,S-21,38.18181314,2,44.39745714,0.045047625
-17076,94,201702,11,81,81,2017,61.335425,-170.84629,8/3/2017 10:05,21720,Pacific cod,NA,NA,NA,NA,NA,T-21,694.0179445,17,381.4518285,0.044566571
-17075,94,201702,10,81,81,2017,61.67597,-170.909965,8/3/2017 7:30,21720,Pacific cod,NA,NA,NA,NA,NA,U-21,268.3127751,8,175.6548446,0.045543862
-17074,94,201702,9,81,81,2017,61.3312,-171.5116,8/2/2017 18:13,21720,Pacific cod,NA,NA,NA,NA,NA,T-22,214.7401939,9,198.8949002,0.045250029
-17073,94,201702,8,81,81,2017,61.674145,-171.58834,8/2/2017 15:32,21720,Pacific cod,NA,NA,NA,NA,NA,U-22,70.59604558,2,45.25387537,0.04419511
-17072,94,201702,7,70,70,2017,61.99557,-171.651825,8/2/2017 12:49,21720,Pacific cod,NA,NA,NA,NA,NA,V-22,1144.563845,19,442.9065796,0.042898437
-17071,94,201702,6,81,81,2017,61.99573,-172.364775,8/2/2017 10:04,21720,Pacific cod,NA,NA,NA,NA,NA,V-23,167.8771751,7,157.5254994,0.04443725
-17070,94,201702,5,81,81,2017,61.65951,-172.32618,8/2/2017 7:26,21720,Pacific cod,NA,NA,NA,NA,NA,U-23,18.28580803,2,42.72385055,0.04681226
-17069,94,201702,4,81,81,2017,61.335665,-172.25823,8/1/2017 15:06,21720,Pacific cod,NA,NA,NA,NA,NA,T-23,4.939520437,1,18.71030469,0.053446484
-17068,94,201702,3,81,81,2017,61.34035,-172.934065,8/1/2017 12:36,21720,Pacific cod,NA,NA,NA,NA,NA,T-24,53.30777925,4,126.1722586,0.03170269
-17067,94,201702,2,81,81,2017,61.66846,-173.03584,8/1/2017 10:10,21720,Pacific cod,NA,NA,NA,NA,NA,U-24,0,0,0,0.024572448
-17066,94,201702,1,81,81,2017,62.00502,-173.08487,8/1/2017 7:31,21720,Pacific cod,NA,NA,NA,NA,NA,V-24,59.93309677,1,22.36309581,0.044716528
-17065,162,201702,4,81,81,2017,62.343215,-173.17429,8/1/2017 15:21,21720,Pacific cod,NA,NA,NA,NA,NA,W-24,0,0,0,0.047919608
-17064,162,201702,3,81,81,2017,62.341845,-173.883665,8/1/2017 12:48,21720,Pacific cod,NA,NA,NA,NA,NA,W-25,0,0,0,0.050207925
-17063,162,201702,2,81,81,2017,62.34029,-174.64544,8/1/2017 10:06,21720,Pacific cod,NA,NA,NA,NA,NA,W-26,0,0,0,0.04617204
-17062,162,201702,1,81,81,2017,62.33537,-175.29846,8/1/2017 7:42,21720,Pacific cod,NA,NA,NA,NA,NA,W-27,122.7652325,7,144.1873536,0.048547947
-7216,89,201002,45,70,70,2010,60.664635,-166.671715,8/8/2010 17:58,21720,Pacific cod,NA,NA,NA,NA,NA,R-03,0,0,0,0.047104389
-7215,89,201002,44,70,70,2010,61.00459,-166.66475,8/8/2010 15:18,21720,Pacific cod,NA,NA,NA,NA,NA,S-03,0,0,0,0.048980052
-7214,89,201002,43,70,70,2010,61.35055,-166.88055,8/8/2010 10:59,21720,Pacific cod,NA,NA,NA,NA,NA,T-03,91.38458795,20,437.0377233,0.04576264
-7213,89,201002,42,70,70,2010,61.64656,-166.726,8/8/2010 7:33,21720,Pacific cod,NA,NA,NA,NA,NA,U-03,123.2038588,3,65.44114311,0.04584272
-7212,89,201002,41,70,70,2010,61.67071,-170.18286,8/7/2010 12:39,21720,Pacific cod,NA,NA,NA,NA,NA,U-20,0,0,0,0.04992365
-7211,89,201002,40,70,70,2010,61.99963,-170.2566,8/7/2010 10:03,21720,Pacific cod,NA,NA,NA,NA,NA,V-20,4.82081819,1,19.7574516,0.050613815
-7210,89,201002,39,70,70,2010,62.339845,-170.28379,8/7/2010 7:31,21720,Pacific cod,NA,NA,NA,NA,NA,W-20,65.37146332,1,21.79048777,0.045891584
-7209,89,201002,38,70,70,2010,62.344035,-171.032445,8/6/2010 18:27,21720,Pacific cod,NA,NA,NA,NA,NA,W-21,0,0,0,0.049415184
-7208,89,201002,37,70,70,2010,62.66625,-171.08509,8/6/2010 15:46,21720,Pacific cod,NA,NA,NA,NA,NA,X-21,1.543704732,1,19.29630914,0.051823382
-7207,89,201002,36,70,70,2010,62.66999,-170.365015,8/6/2010 13:17,21720,Pacific cod,NA,NA,NA,NA,NA,X-20,0,0,0,0.04859085
-7206,89,201002,35,70,70,2010,62.94815,-170.478385,8/6/2010 10:59,21720,Pacific cod,NA,NA,NA,NA,NA,Y-20,0,0,0,0.051978927
-7205,89,201002,34,70,70,2010,62.996925,-171.125305,8/6/2010 7:30,21720,Pacific cod,NA,NA,NA,NA,NA,Y-21,197.0309932,1,21.02785413,0.04755597
-7204,89,201002,33,70,70,2010,63.275155,-171.14795,8/5/2010 18:28,21720,Pacific cod,NA,NA,NA,NA,NA,ZZ-21,0,0,0,0.021104608
-7203,89,201002,32,70,70,2010,63.313375,-171.977665,8/5/2010 14:47,21720,Pacific cod,NA,NA,NA,NA,NA,ZZ-22,439.9897004,2,96.63731614,0.020695939
-7202,89,201002,31,70,70,2010,62.98771,-171.797665,8/5/2010 12:23,21720,Pacific cod,NA,NA,NA,NA,NA,Y-22,0,0,0,0.048810585
-7201,89,201002,30,70,70,2010,62.66685,-171.8147,8/5/2010 10:02,21720,Pacific cod,NA,NA,NA,NA,NA,X-22,5.731355944,2,39.80108294,0.050249889
-7200,89,201002,29,81,81,2010,62.34086,-171.7452,8/5/2010 7:34,21720,Pacific cod,NA,NA,NA,NA,NA,W-22,0,0,0,0.049135151
-7199,89,201002,28,81,81,2010,62.33347,-172.392605,8/4/2010 17:52,21720,Pacific cod,NA,NA,NA,NA,NA,W-23,0,0,0,0.044671714
-7198,89,201002,27,81,81,2010,61.98825,-172.3673,8/4/2010 15:22,21720,Pacific cod,NA,NA,NA,NA,NA,V-23,0,0,0,0.044070012
-7197,89,201002,26,70,70,2010,61.99595,-171.67044,8/4/2010 12:42,21720,Pacific cod,NA,NA,NA,NA,NA,V-22,0,0,0,0.044384301
-7196,89,201002,25,70,70,2010,62.00406,-170.972065,8/4/2010 10:13,21720,Pacific cod,NA,NA,NA,NA,NA,V-21,12.01697598,1,22.25365922,0.04493643
-7195,89,201002,24,81,81,2010,61.67214,-170.866135,8/4/2010 7:38,21720,Pacific cod,NA,NA,NA,NA,NA,U-21,0,0,0,0.043272712
-7194,89,201002,23,81,81,2010,61.66878,-171.55018,8/3/2010 17:33,21720,Pacific cod,NA,NA,NA,NA,NA,U-22,0,0,0,0.04357815
-7193,89,201002,22,81,81,2010,61.34166,-171.50104,8/3/2010 15:08,21720,Pacific cod,NA,NA,NA,NA,NA,T-22,0,0,0,0.047541248
-7192,89,201002,21,81,81,2010,61.33938,-170.79979,8/3/2010 12:27,21720,Pacific cod,NA,NA,NA,NA,NA,T-21,0,0,0,0.043533408
-7191,89,201002,20,70,70,2010,61.33588,-170.113535,8/3/2010 10:00,21720,Pacific cod,NA,NA,NA,NA,NA,T-20,0,0,0,0.046915408
-7190,89,201002,19,70,70,2010,60.992275,-170.10315,8/3/2010 7:28,21720,Pacific cod,NA,NA,NA,NA,NA,S-20,0,0,0,0.04532274
-7189,89,201002,18,81,81,2010,61.00009,-170.820465,8/2/2010 17:47,21720,Pacific cod,NA,NA,NA,NA,NA,S-21,0,0,0,0.042994107
-7188,89,201002,17,81,81,2010,60.66615,-170.756315,8/2/2010 15:11,21720,Pacific cod,NA,NA,NA,NA,NA,R-21,0,0,0,0.049747965
-7187,89,201002,16,70,70,2010,60.66967,-170.059625,8/2/2010 12:31,21720,Pacific cod,NA,NA,NA,NA,NA,R-20,0,0,0,0.04492026
-7186,89,201002,15,70,70,2010,60.67065,-169.38111,8/2/2010 10:05,21720,Pacific cod,NA,NA,NA,NA,NA,R-19,110.5641902,1,24.79017718,0.040338558
-7185,89,201002,14,70,70,2010,60.999185,-169.423905,8/2/2010 7:22,21720,Pacific cod,NA,NA,NA,NA,NA,S-19,286.6986395,3,73.92950994,0.040579195
-7184,89,201002,13,70,70,2010,61.339545,-169.46244,8/1/2010 17:12,21720,Pacific cod,NA,NA,NA,NA,NA,T-19,131.4288418,1,36.50801161,0.027391248
-7183,89,201002,12,70,70,2010,61.661245,-169.501125,8/1/2010 14:48,21720,Pacific cod,NA,NA,NA,NA,NA,U-19,0,0,0,0.040776718
-7182,89,201002,11,70,70,2010,62.004265,-169.548565,8/1/2010 12:12,21720,Pacific cod,NA,NA,NA,NA,NA,V-19,5.549051715,1,26.42405578,0.037844304
-7181,89,201002,10,70,70,2010,62.335095,-169.596225,8/1/2010 9:44,21720,Pacific cod,NA,NA,NA,NA,NA,W-19,0,0,0,0.040836486
-7180,89,201002,9,70,70,2010,62.66859,-169.597935,8/1/2010 7:15,21720,Pacific cod,NA,NA,NA,NA,NA,X-19,0,0,0,0.040896254
-7179,89,201002,8,70,70,2010,62.925825,-168.99946,7/31/2010 18:17,21720,Pacific cod,NA,NA,NA,NA,NA,Y-18,0,0,0,0.042898482
-7178,89,201002,7,70,70,2010,62.66741,-168.89549,7/31/2010 14:43,21720,Pacific cod,NA,NA,NA,NA,NA,X-18,0,0,0,0.0414764
-7177,89,201002,6,70,70,2010,62.33131,-168.8704,7/31/2010 12:18,21720,Pacific cod,NA,NA,NA,NA,NA,W-18,0,0,0,0.03950248
-7176,89,201002,5,70,70,2010,61.99947,-168.841025,7/31/2010 9:50,21720,Pacific cod,NA,NA,NA,NA,NA,V-18,0,0,0,0.040717908
-7175,89,201002,4,70,70,2010,61.665325,-168.802825,7/31/2010 7:15,21720,Pacific cod,NA,NA,NA,NA,NA,U-18,84.5296636,3,78.3649539,0.038282419
-7174,89,201002,3,70,70,2010,61.33046,-168.767805,7/30/2010 19:31,21720,Pacific cod,NA,NA,NA,NA,NA,T-18,0,0,0,0.040985906
-7173,89,201002,2,70,70,2010,60.995375,-168.735005,7/30/2010 16:55,21720,Pacific cod,NA,NA,NA,NA,NA,S-18,629.1828151,9,218.5505726,0.0411804
-7172,89,201002,1,70,70,2010,60.6671,-168.687715,7/30/2010 14:25,21720,Pacific cod,NA,NA,NA,NA,NA,R-18,4.132453185,2,51.01794056,0.039201896
-7171,162,201002,18,81,81,2010,61.330395,-172.15018,8/8/2010 11:18,21720,Pacific cod,NA,NA,NA,NA,NA,T-23,0,0,0,0.05561833
-7170,162,201002,17,81,81,2010,61.66879,-172.290975,8/8/2010 7:46,21720,Pacific cod,NA,NA,NA,NA,NA,U-23,0,0,0,0.052319272
-7169,162,201002,16,81,81,2010,61.337255,-172.904275,8/7/2010 18:17,21720,Pacific cod,NA,NA,NA,NA,NA,T-24,2.503744202,1,18.40988384,0.054318648
-7168,162,201002,15,81,81,2010,61.669535,-173.08522,8/7/2010 15:27,21720,Pacific cod,NA,NA,NA,NA,NA,U-24,0,0,0,0.05569128
-7167,162,201002,14,81,81,2010,62.00161,-173.04229,8/7/2010 12:48,21720,Pacific cod,NA,NA,NA,NA,NA,V-24,0,0,0,0.04677716
-7166,162,201002,13,81,81,2010,62.328725,-173.15153,8/7/2010 10:15,21720,Pacific cod,NA,NA,NA,NA,NA,W-24,0,0,0,0.050000712
-7165,162,201002,12,81,81,2010,62.66915,-173.18356,8/7/2010 7:33,21720,Pacific cod,NA,NA,NA,NA,NA,X-24,0,0,0,0.054901224
-7164,162,201002,11,81,81,2010,62.669345,-172.45551,8/6/2010 18:52,21720,Pacific cod,NA,NA,NA,NA,NA,X-23,0,0,0,0.045876321
-7163,162,201002,10,81,81,2010,63.004315,-172.607495,8/6/2010 16:11,21720,Pacific cod,NA,NA,NA,NA,NA,Y-23,73.06180666,1,19.07618973,0.05242137
-7162,162,201002,9,81,81,2010,63.32892,-172.6906,8/6/2010 13:33,21720,Pacific cod,NA,NA,NA,NA,NA,ZZ-23,284.6353587,4,82.14584666,0.04869388
-7161,162,201002,8,81,81,2010,63.3356,-173.41245,8/6/2010 10:43,21720,Pacific cod,NA,NA,NA,NA,NA,ZZ-24,25.03311223,1,21.58026916,0.046338625
-7160,162,201002,7,81,81,2010,62.9981,-173.23246,8/6/2010 7:26,21720,Pacific cod,NA,NA,NA,NA,NA,Y-24,0,0,0,0.074026588
-7159,162,201002,6,81,81,2010,62.99234,-174.000525,8/5/2010 18:38,21720,Pacific cod,NA,NA,NA,NA,NA,Y-25,0,0,0,0.053380082
-7158,162,201002,5,81,81,2010,62.666975,-173.91008,8/5/2010 16:01,21720,Pacific cod,NA,NA,NA,NA,NA,X-25,0,0,0,0.04995396
-7157,162,201002,4,81,81,2010,62.667195,-174.635875,8/5/2010 13:11,21720,Pacific cod,NA,NA,NA,NA,NA,X-26,0,0,0,0.05041584
-7156,162,201002,3,81,81,2010,62.330075,-174.559015,8/5/2010 10:16,21720,Pacific cod,NA,NA,NA,NA,NA,W-26,0,0,0,0.047727983
-7155,162,201002,2,81,81,2010,62.33262,-173.84159,8/5/2010 7:34,21720,Pacific cod,NA,NA,NA,NA,NA,W-25,105.3825255,1,21.11874258,0.047351304
-7154,162,201002,1,81,81,2010,62.32484,-175.27395,8/4/2010 18:44,21720,Pacific cod,NA,NA,NA,NA,NA,W-27,6.156844191,1,20.8001493,0.048076578
-7153,94,201002,82,70,70,2010,62.013445,-166.69971,8/10/2010 13:58,21720,Pacific cod,NA,NA,NA,NA,NA,V-03,199.9578826,2,44.28746016,0.04515951
-7152,94,201002,81,70,70,2010,62.334605,-166.71941,8/10/2010 11:28,21720,Pacific cod,NA,NA,NA,NA,NA,W-03,0.533858102,1,20.53300393,0.04870208
-7151,94,201002,79,70,70,2010,62.667775,-166.73645,8/10/2010 8:22,21720,Pacific cod,NA,NA,NA,NA,NA,X-03,0,0,0,0.041873754
-7150,94,201002,78,71,71,2010,64.33174,-166.040465,8/9/2010 12:37,21720,Pacific cod,NA,NA,NA,NA,NA,CC-04,0,0,0,0.043286208
-7149,94,201002,77,71,71,2010,64.32405,-165.31513,8/9/2010 9:57,21720,Pacific cod,NA,NA,NA,NA,NA,CC-05,0,0,0,0.044003
-7148,94,201002,76,71,71,2010,64.326265,-164.52412,8/9/2010 7:05,21720,Pacific cod,NA,NA,NA,NA,NA,CC-06,0,0,0,0.046091631
-7147,94,201002,75,71,71,2010,64.333375,-163.78524,8/8/2010 20:42,21720,Pacific cod,NA,NA,NA,NA,NA,CC-07,0,0,0,0.04674048
-7146,94,201002,74,71,71,2010,64.31491,-163.029475,8/8/2010 17:59,21720,Pacific cod,NA,NA,NA,NA,NA,CC-08,0,0,0,0.043586895
-7145,94,201002,73,71,71,2010,64.337235,-162.259255,8/8/2010 15:19,21720,Pacific cod,NA,NA,NA,NA,NA,CC-09,0,0,0,0.044181935
-7144,94,201002,72,71,71,2010,64.309785,-161.55086,8/8/2010 12:05,21720,Pacific cod,NA,NA,NA,NA,NA,CC-10,0,0,0,0.043265576
-7143,94,201002,71,71,71,2010,63.98905,-161.53701,8/8/2010 9:29,21720,Pacific cod,NA,NA,NA,NA,NA,BB-10,0,0,0,0.04465664
-7141,94,201002,69,71,71,2010,64.005845,-162.298185,8/7/2010 18:05,21720,Pacific cod,NA,NA,NA,NA,NA,BB-09,0,0,0,0.042796734
-7140,94,201002,68,71,71,2010,64.0014,-163.04936,8/7/2010 15:20,21720,Pacific cod,NA,NA,NA,NA,NA,BB-08,0,0,0,0.04419072
-7139,94,201002,67,71,71,2010,63.66323,-163.06467,8/7/2010 12:46,21720,Pacific cod,NA,NA,NA,NA,NA,AA-08,0,0,0,0.044508347
-7138,94,201002,66,71,71,2010,63.66719,-163.82441,8/7/2010 9:52,21720,Pacific cod,NA,NA,NA,NA,NA,AA-07,0,0,0,0.039088644
-7137,94,201002,65,71,71,2010,63.99665,-163.79603,8/7/2010 7:10,21720,Pacific cod,NA,NA,NA,NA,NA,BB-07,0,0,0,0.044636664
-7136,94,201002,64,71,71,2010,63.675535,-164.554325,8/6/2010 18:02,21720,Pacific cod,NA,NA,NA,NA,NA,AA-06,0,0,0,0.045253688
-7135,94,201002,63,71,71,2010,63.995275,-164.53422,8/6/2010 15:25,21720,Pacific cod,NA,NA,NA,NA,NA,BB-06,0,0,0,0.045570176
-7134,94,201002,62,71,71,2010,63.997925,-165.307925,8/6/2010 12:30,21720,Pacific cod,NA,NA,NA,NA,NA,BB-05,0,0,0,0.0420161
-7133,94,201002,61,71,71,2010,63.99382,-166.0421,8/6/2010 9:38,21720,Pacific cod,NA,NA,NA,NA,NA,BB-04,0,0,0,0.0430721
-7132,94,201002,60,71,71,2010,63.66285,-166.04161,8/6/2010 7:02,21720,Pacific cod,NA,NA,NA,NA,NA,AA-04,286.6891733,2,48.14259838,0.04154325
-7131,94,201002,59,71,71,2010,63.663155,-165.29859,8/5/2010 18:13,21720,Pacific cod,NA,NA,NA,NA,NA,AA-05,0,0,0,0.042253466
-7130,94,201002,58,71,71,2010,63.34069,-165.29594,8/5/2010 15:44,21720,Pacific cod,NA,NA,NA,NA,NA,ZZ-05,93.38143776,1,20.9375421,0.047761098
-7129,94,201002,57,71,71,2010,63.336125,-166.03159,8/5/2010 12:48,21720,Pacific cod,NA,NA,NA,NA,NA,ZZ-04,140.755925,1,23.45932083,0.04262698
-7128,94,201002,56,70,70,2010,62.987495,-166.026055,8/5/2010 10:06,21720,Pacific cod,NA,NA,NA,NA,NA,Y-04,4.495183411,1,20.81103431,0.048051432
-7127,94,201002,55,70,70,2010,62.998055,-166.755215,8/5/2010 7:08,21720,Pacific cod,NA,NA,NA,NA,NA,Y-03,346.4452346,4,89.11774524,0.044884439
-7126,94,201002,54,71,71,2010,63.34855,-166.76529,8/4/2010 18:42,21720,Pacific cod,NA,NA,NA,NA,NA,ZZ-03,0,0,0,0.044075499
-7125,94,201002,53,71,71,2010,63.664935,-166.781175,8/4/2010 16:02,21720,Pacific cod,NA,NA,NA,NA,NA,AA-03,0,0,0,0.044743599
-7124,94,201002,52,71,71,2010,64.003215,-166.817975,8/4/2010 13:13,21720,Pacific cod,NA,NA,NA,NA,NA,BB-03,0,0,0,0.044896716
-7123,94,201002,51,71,71,2010,64.028575,-167.564845,8/4/2010 10:12,21720,Pacific cod,NA,NA,NA,NA,NA,BB-02,0,0,0,0.04029909
-7122,94,201002,50,71,71,2010,64.33415,-167.57534,8/4/2010 7:18,21720,Pacific cod,NA,NA,NA,NA,NA,CC-02,153.1014917,1,23.92210809,0.041802336
-7121,94,201002,49,71,71,2010,64.33846,-166.825215,8/3/2010 17:35,21720,Pacific cod,NA,NA,NA,NA,NA,CC-03,0,0,0,0.04277211
-7120,94,201002,48,71,71,2010,64.662495,-166.83244,8/3/2010 13:34,21720,Pacific cod,NA,NA,NA,NA,NA,DD-03,0,0,0,0.045600324
-7119,94,201002,47,71,71,2010,64.672935,-167.6068,8/3/2010 10:39,21720,Pacific cod,NA,NA,NA,NA,NA,DD-02,0,0,0,0.041896404
-7118,94,201002,46,71,71,2010,64.998185,-168.34586,8/3/2010 7:08,21720,Pacific cod,NA,NA,NA,NA,NA,EE-01,2002.417018,10,229.1881674,0.04363227
-7117,94,201002,45,71,71,2010,65.01644,-167.628775,8/2/2010 16:51,21720,Pacific cod,NA,NA,NA,NA,NA,EE-02,0,0,0,0.045456604
-7116,94,201002,44,71,71,2010,65.31617,-167.92059,8/2/2010 13:23,21720,Pacific cod,NA,NA,NA,NA,NA,FF-02,0,0,0,0.047180056
-7115,94,201002,43,71,71,2010,65.33371,-168.424645,8/2/2010 10:10,21720,Pacific cod,NA,NA,NA,NA,NA,FF-01,813.8082584,4,151.7591158,0.02635756
-7113,94,201002,41,71,71,2010,65.006985,-169.91485,8/1/2010 18:26,21720,Pacific cod,NA,NA,NA,NA,NA,EE-19,398.9470719,3,60.87696927,0.04927972
-7112,94,201002,40,71,71,2010,65.01555,-169.125475,8/1/2010 15:40,21720,Pacific cod,NA,NA,NA,NA,NA,EE-18,2549.31433,19,396.5692833,0.047910922
-7111,94,201002,39,71,71,2010,64.651345,-169.16293,8/1/2010 12:46,21720,Pacific cod,NA,NA,NA,NA,NA,DD-18,1311.675372,10,206.4330142,0.048441864
-7110,94,201002,38,71,71,2010,64.667675,-169.89014,8/1/2010 9:53,21720,Pacific cod,NA,NA,NA,NA,NA,DD-19,1995.202638,15,339.6282294,0.04416594
-7109,94,201002,37,71,71,2010,64.625785,-170.604135,8/1/2010 7:12,21720,Pacific cod,NA,NA,NA,NA,NA,DD-20,875.8883165,9,190.2267097,0.047311968
-7108,94,201002,36,71,71,2010,64.657525,-168.35176,7/31/2010 16:11,21720,Pacific cod,NA,NA,NA,NA,NA,DD-01,510.1356314,3,70.2666159,0.042694528
-7107,94,201002,35,71,71,2010,64.33116,-168.334645,7/31/2010 12:01,21720,Pacific cod,NA,NA,NA,NA,NA,CC-01,382.0500722,2,47.10851692,0.042455168
-7106,94,201002,34,71,71,2010,63.990365,-168.301615,7/31/2010 7:11,21720,Pacific cod,NA,NA,NA,NA,NA,BB-01,427.4687953,8,188.9364841,0.042342272
-7105,94,201002,33,71,71,2010,64.00738,-169.05312,7/30/2010 18:39,21720,Pacific cod,NA,NA,NA,NA,NA,BB-18,361.4064061,2,48.12335633,0.041559861
-7104,94,201002,32,71,71,2010,64.316875,-169.11165,7/30/2010 15:55,21720,Pacific cod,NA,NA,NA,NA,NA,CC-18,0,0,0,0.045904496
-7103,94,201002,31,71,71,2010,64.321475,-169.83855,7/30/2010 13:13,21720,Pacific cod,NA,NA,NA,NA,NA,CC-19,0,0,0,0.0461955
-7102,94,201002,30,71,71,2010,64.32886,-170.617225,7/30/2010 10:12,21720,Pacific cod,NA,NA,NA,NA,NA,CC-20,2.806058394,1,23.78015588,0.042051869
-7100,94,201002,28,81,81,2010,63.66821,-172.73659,7/29/2010 18:14,21720,Pacific cod,NA,NA,NA,NA,NA,AA-23,0,0,0,0.047087376
-7099,94,201002,27,70,70,2010,63.69377,-172.061525,7/29/2010 15:53,21720,Pacific cod,NA,NA,NA,NA,NA,AA-22,0,0,0,0.024008136
-7098,94,201002,26,71,71,2010,63.998615,-172.05644,7/29/2010 13:10,21720,Pacific cod,NA,NA,NA,NA,NA,BB-22,1519.136485,18,385.3502921,0.046710747
-7097,94,201002,25,71,71,2010,64.00354,-171.32216,7/29/2010 10:15,21720,Pacific cod,NA,NA,NA,NA,NA,BB-21,0.186472258,1,23.30903227,0.042901824
-7096,94,201002,24,71,71,2010,63.995935,-170.558785,7/29/2010 7:21,21720,Pacific cod,NA,NA,NA,NA,NA,BB-20,21.8632633,1,23.45843702,0.042628586
-7095,94,201002,23,71,71,2010,63.991025,-169.79025,7/28/2010 19:15,21720,Pacific cod,NA,NA,NA,NA,NA,BB-19,2.267798298,1,22.23331665,0.044977545
-7094,94,201002,22,71,71,2010,63.660815,-169.7525,7/28/2010 16:43,21720,Pacific cod,NA,NA,NA,NA,NA,AA-19,2.164903226,1,21.22454143,0.04711527
-7093,94,201002,21,71,71,2010,63.66929,-169.015235,7/28/2010 13:59,21720,Pacific cod,NA,NA,NA,NA,NA,AA-18,283.3309416,3,68.14115959,0.044026254
-7092,94,201002,20,71,71,2010,63.66892,-168.275265,7/28/2010 11:07,21720,Pacific cod,NA,NA,NA,NA,NA,AA-01,0,0,0,0.041949628
-7091,94,201002,19,71,71,2010,63.665395,-167.527925,7/28/2010 7:09,21720,Pacific cod,NA,NA,NA,NA,NA,AA-02,0,0,0,0.042410344
-7090,94,201002,18,71,71,2010,63.33091,-167.50747,7/27/2010 16:55,21720,Pacific cod,NA,NA,NA,NA,NA,ZZ-02,4.798625889,1,22.42348546,0.0445961
-7089,94,201002,17,71,71,2010,63.33176,-168.24108,7/27/2010 13:25,21720,Pacific cod,NA,NA,NA,NA,NA,ZZ-01,64.45631431,1,23.69717438,0.042199124
-7088,94,201002,16,70,70,2010,63.00092,-168.21551,7/27/2010 9:56,21720,Pacific cod,NA,NA,NA,NA,NA,Y-01,0,0,0,0.044599399
-7087,94,201002,15,70,70,2010,62.99885,-167.484365,7/27/2010 7:07,21720,Pacific cod,NA,NA,NA,NA,NA,Y-02,0,0,0,0.04467925
-7086,94,201002,14,70,70,2010,62.662035,-167.47114,7/26/2010 19:28,21720,Pacific cod,NA,NA,NA,NA,NA,X-02,0,0,0,0.043125952
-7085,94,201002,13,70,70,2010,62.662135,-168.185635,7/26/2010 16:01,21720,Pacific cod,NA,NA,NA,NA,NA,X-01,153.5785675,2,45.30341224,0.044146785
-7084,94,201002,12,70,70,2010,62.331835,-168.15304,7/26/2010 12:37,21720,Pacific cod,NA,NA,NA,NA,NA,W-01,180.8749134,3,69.12417072,0.043400159
-7083,94,201002,11,70,70,2010,62.335445,-167.43715,7/26/2010 9:48,21720,Pacific cod,NA,NA,NA,NA,NA,W-02,0.291305775,1,24.27548127,0.041193828
-7082,94,201002,10,70,70,2010,61.99605,-167.414955,7/26/2010 7:05,21720,Pacific cod,NA,NA,NA,NA,NA,V-02,28.85618521,3,73.99021849,0.0405459
-7081,94,201002,9,70,70,2010,61.998035,-168.12637,7/25/2010 16:44,21720,Pacific cod,NA,NA,NA,NA,NA,V-01,9.57208275,2,45.15133373,0.04429548
-7080,94,201002,8,70,70,2010,61.66229,-168.095275,7/25/2010 12:42,21720,Pacific cod,NA,NA,NA,NA,NA,U-01,29.43823557,4,94.20235382,0.042461784
-7079,94,201002,7,70,70,2010,61.664905,-167.393175,7/25/2010 9:44,21720,Pacific cod,NA,NA,NA,NA,NA,U-02,1142.591104,36,839.1121941,0.042902487
-7078,94,201002,6,70,70,2010,61.33192,-167.369835,7/25/2010 7:08,21720,Pacific cod,NA,NA,NA,NA,NA,T-02,177.3166574,4,93.94259994,0.042579192
-7077,94,201002,5,70,70,2010,61.33755,-168.066675,7/24/2010 18:03,21720,Pacific cod,NA,NA,NA,NA,NA,T-01,65.37763041,11,268.1409152,0.041023206
-7076,94,201002,4,70,70,2010,61.006325,-168.035395,7/24/2010 12:56,21720,Pacific cod,NA,NA,NA,NA,NA,S-01,758.9810962,11,247.5916981,0.044427984
-7075,94,201002,3,70,70,2010,61.00118,-167.345435,7/24/2010 10:00,21720,Pacific cod,NA,NA,NA,NA,NA,S-02,1.610255166,2,47.36044605,0.042229332
-7074,94,201002,2,70,70,2010,60.667965,-167.33487,7/24/2010 7:09,21720,Pacific cod,NA,NA,NA,NA,NA,R-02,3.888970354,2,45.7525924,0.04371337
-7073,94,201002,1,70,70,2010,60.67385,-168.003185,7/23/2010 19:21,21720,Pacific cod,NA,NA,NA,NA,NA,R-01,163.8873649,6,135.6683484,0.044225496
-7155,162,201002,2,81,81,2010,62.33262,-173.84159,8/5/2010 7:34,21740,walleye pollock,1,120,10,NA,3,NA,NA,NA,NA,NA
-7155,162,201002,2,81,81,2010,62.33262,-173.84159,8/5/2010 7:34,21740,walleye pollock,2,130,14,NA,3,NA,NA,NA,NA,NA
-7156,162,201002,3,81,81,2010,62.330075,-174.559015,8/5/2010 10:16,21740,walleye pollock,3,140,14,NA,3,NA,NA,NA,NA,NA
-7156,162,201002,3,81,81,2010,62.330075,-174.559015,8/5/2010 10:16,21740,walleye pollock,4,130,14,NA,3,NA,NA,NA,NA,NA
-7164,162,201002,11,81,81,2010,62.669345,-172.45551,8/6/2010 18:52,21740,walleye pollock,5,120,10,NA,3,NA,NA,NA,NA,NA
-7164,162,201002,11,81,81,2010,62.669345,-172.45551,8/6/2010 18:52,21740,walleye pollock,6,120,8,NA,3,NA,NA,NA,NA,NA
-7167,162,201002,14,81,81,2010,62.00161,-173.04229,8/7/2010 12:48,21740,walleye pollock,7,120,10,NA,3,NA,NA,NA,NA,NA
-7167,162,201002,14,81,81,2010,62.00161,-173.04229,8/7/2010 12:48,21740,walleye pollock,8,110,8,NA,3,NA,NA,NA,NA,NA
-7168,162,201002,15,81,81,2010,61.669535,-173.08522,8/7/2010 15:27,21740,walleye pollock,9,120,12,NA,3,NA,NA,NA,NA,NA
-7168,162,201002,15,81,81,2010,61.669535,-173.08522,8/7/2010 15:27,21740,walleye pollock,10,100,8,NA,3,NA,NA,NA,NA,NA
-7198,89,201002,27,81,81,2010,61.98825,-172.3673,8/4/2010 15:22,21740,walleye pollock,1,120,10,NA,3,NA,NA,NA,NA,NA
-7198,89,201002,27,81,81,2010,61.98825,-172.3673,8/4/2010 15:22,21740,walleye pollock,2,140,16,NA,3,NA,NA,NA,NA,NA
-7198,89,201002,27,81,81,2010,61.98825,-172.3673,8/4/2010 15:22,21740,walleye pollock,3,130,12,NA,3,NA,NA,NA,NA,NA
-7198,89,201002,27,81,81,2010,61.98825,-172.3673,8/4/2010 15:22,21740,walleye pollock,4,130,12,NA,3,NA,NA,NA,NA,NA
-7198,89,201002,27,81,81,2010,61.98825,-172.3673,8/4/2010 15:22,21740,walleye pollock,5,120,12,NA,3,NA,NA,NA,NA,NA
-7198,89,201002,27,81,81,2010,61.98825,-172.3673,8/4/2010 15:22,21740,walleye pollock,6,110,8,NA,3,NA,NA,NA,NA,NA
-7199,89,201002,28,81,81,2010,62.33347,-172.392605,8/4/2010 17:52,21740,walleye pollock,7,130,14,NA,3,NA,NA,NA,NA,NA
-7199,89,201002,28,81,81,2010,62.33347,-172.392605,8/4/2010 17:52,21740,walleye pollock,8,130,14,NA,3,NA,NA,NA,NA,NA
-7199,89,201002,28,81,81,2010,62.33347,-172.392605,8/4/2010 17:52,21740,walleye pollock,9,130,14,NA,3,NA,NA,NA,NA,NA
-7199,89,201002,28,81,81,2010,62.33347,-172.392605,8/4/2010 17:52,21740,walleye pollock,10,110,8,NA,3,NA,NA,NA,NA,NA
-7199,89,201002,28,81,81,2010,62.33347,-172.392605,8/4/2010 17:52,21740,walleye pollock,11,130,12,NA,3,NA,NA,NA,NA,NA
-7199,89,201002,28,81,81,2010,62.33347,-172.392605,8/4/2010 17:52,21740,walleye pollock,12,130,14,NA,3,NA,NA,NA,NA,NA
-7213,89,201002,42,70,70,2010,61.64656,-166.726,8/8/2010 7:33,21740,walleye pollock,13,140,18,NA,3,NA,NA,NA,NA,NA
-7213,89,201002,42,70,70,2010,61.64656,-166.726,8/8/2010 7:33,21740,walleye pollock,14,130,14,NA,3,NA,NA,NA,NA,NA
-7213,89,201002,42,70,70,2010,61.64656,-166.726,8/8/2010 7:33,21740,walleye pollock,15,130,14,NA,3,NA,NA,NA,NA,NA
-7213,89,201002,42,70,70,2010,61.64656,-166.726,8/8/2010 7:33,21740,walleye pollock,16,120,12,NA,3,NA,NA,NA,NA,NA
-7213,89,201002,42,70,70,2010,61.64656,-166.726,8/8/2010 7:33,21740,walleye pollock,17,120,12,NA,3,NA,NA,NA,NA,NA
-7213,89,201002,42,70,70,2010,61.64656,-166.726,8/8/2010 7:33,21740,walleye pollock,18,110,10,NA,3,NA,NA,NA,NA,NA
-7214,89,201002,43,70,70,2010,61.35055,-166.88055,8/8/2010 10:59,21740,walleye pollock,19,140,16,NA,3,NA,NA,NA,NA,NA
-7214,89,201002,43,70,70,2010,61.35055,-166.88055,8/8/2010 10:59,21740,walleye pollock,20,150,22,NA,3,NA,NA,NA,NA,NA
-7214,89,201002,43,70,70,2010,61.35055,-166.88055,8/8/2010 10:59,21740,walleye pollock,21,130,16,NA,3,NA,NA,NA,NA,NA
-7214,89,201002,43,70,70,2010,61.35055,-166.88055,8/8/2010 10:59,21740,walleye pollock,22,110,10,NA,3,NA,NA,NA,NA,NA
-7214,89,201002,43,70,70,2010,61.35055,-166.88055,8/8/2010 10:59,21740,walleye pollock,23,130,16,NA,3,NA,NA,NA,NA,NA
-7214,89,201002,43,70,70,2010,61.35055,-166.88055,8/8/2010 10:59,21740,walleye pollock,24,120,12,NA,3,NA,NA,NA,NA,NA
-7076,94,201002,4,70,70,2010,61.006325,-168.035395,7/24/2010 12:56,21740,walleye pollock,1,140,16,NA,3,NA,NA,NA,NA,NA
-7076,94,201002,4,70,70,2010,61.006325,-168.035395,7/24/2010 12:56,21740,walleye pollock,2,120,12,NA,3,NA,NA,NA,NA,NA
-7078,94,201002,6,70,70,2010,61.33192,-167.369835,7/25/2010 7:08,21740,walleye pollock,3,120,12,NA,3,NA,NA,NA,NA,NA
-7078,94,201002,6,70,70,2010,61.33192,-167.369835,7/25/2010 7:08,21740,walleye pollock,4,130,16,NA,3,NA,NA,NA,NA,NA
-7079,94,201002,7,70,70,2010,61.664905,-167.393175,7/25/2010 9:44,21740,walleye pollock,5,110,8,NA,3,NA,NA,NA,NA,NA
-7079,94,201002,7,70,70,2010,61.664905,-167.393175,7/25/2010 9:44,21740,walleye pollock,6,130,12,NA,3,NA,NA,NA,NA,NA
-7086,94,201002,14,70,70,2010,62.662035,-167.47114,7/26/2010 19:28,21740,walleye pollock,7,110,8,NA,3,NA,NA,NA,NA,NA
-7086,94,201002,14,70,70,2010,62.662035,-167.47114,7/26/2010 19:28,21740,walleye pollock,8,140,14,NA,3,NA,NA,NA,NA,NA
-7118,94,201002,46,71,71,2010,64.998185,-168.34586,8/3/2010 7:08,21740,walleye pollock,9,840,3800,NA,2,NA,NA,NA,NA,NA
-7118,94,201002,46,71,71,2010,64.998185,-168.34586,8/3/2010 7:08,21740,walleye pollock,10,750,3204,NA,1,NA,NA,NA,NA,NA
-7118,94,201002,46,71,71,2010,64.998185,-168.34586,8/3/2010 7:08,21740,walleye pollock,11,770,2788,NA,2,NA,NA,NA,NA,NA
-7118,94,201002,46,71,71,2010,64.998185,-168.34586,8/3/2010 7:08,21740,walleye pollock,12,760,3238,NA,2,NA,NA,NA,NA,NA
-7128,94,201002,56,70,70,2010,62.987495,-166.026055,8/5/2010 10:06,21740,walleye pollock,13,140,20,NA,1,NA,NA,NA,NA,NA
-7128,94,201002,56,70,70,2010,62.987495,-166.026055,8/5/2010 10:06,21740,walleye pollock,14,110,8,NA,2,NA,NA,NA,NA,NA
-7152,94,201002,81,70,70,2010,62.334605,-166.71941,8/10/2010 11:28,21740,walleye pollock,15,90,4,NA,3,NA,NA,NA,NA,NA
-7152,94,201002,81,70,70,2010,62.334605,-166.71941,8/10/2010 11:28,21740,walleye pollock,16,120,8,NA,3,NA,NA,NA,NA,NA
-7153,94,201002,82,70,70,2010,62.013445,-166.69971,8/10/2010 13:58,21740,walleye pollock,17,100,8,NA,3,NA,NA,NA,NA,NA
-7153,94,201002,82,70,70,2010,62.013445,-166.69971,8/10/2010 13:58,21740,walleye pollock,18,110,8,NA,3,NA,NA,NA,NA,NA
-17066,94,201702,1,81,81,2017,62.00502,-173.08487,8/1/2017 7:31,21740,walleye pollock,2,480,678,NA,2,NA,NA,NA,NA,NA
-17066,94,201702,1,81,81,2017,62.00502,-173.08487,8/1/2017 7:31,21740,walleye pollock,3,110,8,NA,3,NA,NA,NA,NA,NA
-17066,94,201702,1,81,81,2017,62.00502,-173.08487,8/1/2017 7:31,21740,walleye pollock,1,440,456,NA,1,NA,NA,NA,NA,NA
-17067,94,201702,2,81,81,2017,61.66846,-173.03584,8/1/2017 10:10,21740,walleye pollock,4,440,486,NA,1,NA,NA,NA,NA,NA
-17067,94,201702,2,81,81,2017,61.66846,-173.03584,8/1/2017 10:10,21740,walleye pollock,5,530,752,NA,1,NA,NA,NA,NA,NA
-17067,94,201702,2,81,81,2017,61.66846,-173.03584,8/1/2017 10:10,21740,walleye pollock,6,130,10,NA,3,NA,NA,NA,NA,NA
-17068,94,201702,3,81,81,2017,61.34035,-172.934065,8/1/2017 12:36,21740,walleye pollock,7,510,712,NA,1,NA,NA,NA,NA,NA
-17068,94,201702,3,81,81,2017,61.34035,-172.934065,8/1/2017 12:36,21740,walleye pollock,8,480,650,NA,1,NA,NA,NA,NA,NA
-17068,94,201702,3,81,81,2017,61.34035,-172.934065,8/1/2017 12:36,21740,walleye pollock,9,130,10,NA,3,NA,NA,NA,NA,NA
-17069,94,201702,4,81,81,2017,61.335665,-172.25823,8/1/2017 15:06,21740,walleye pollock,10,490,686,NA,1,NA,NA,NA,NA,NA
-17069,94,201702,4,81,81,2017,61.335665,-172.25823,8/1/2017 15:06,21740,walleye pollock,11,520,844,NA,2,NA,NA,NA,NA,NA
-17069,94,201702,4,81,81,2017,61.335665,-172.25823,8/1/2017 15:06,21740,walleye pollock,12,610,1310,NA,2,NA,NA,NA,NA,NA
-17070,94,201702,5,81,81,2017,61.65951,-172.32618,8/2/2017 7:26,21740,walleye pollock,13,450,518,NA,2,NA,NA,NA,NA,NA
-17070,94,201702,5,81,81,2017,61.65951,-172.32618,8/2/2017 7:26,21740,walleye pollock,14,470,676,NA,2,NA,NA,NA,NA,NA
-17070,94,201702,5,81,81,2017,61.65951,-172.32618,8/2/2017 7:26,21740,walleye pollock,15,520,826,NA,2,NA,NA,NA,NA,NA
-17071,94,201702,6,81,81,2017,61.99573,-172.364775,8/2/2017 10:04,21740,walleye pollock,16,460,624,NA,1,NA,NA,NA,NA,NA
-17071,94,201702,6,81,81,2017,61.99573,-172.364775,8/2/2017 10:04,21740,walleye pollock,17,560,954,NA,2,NA,NA,NA,NA,NA
-17071,94,201702,6,81,81,2017,61.99573,-172.364775,8/2/2017 10:04,21740,walleye pollock,18,510,820,NA,2,NA,NA,NA,NA,NA
-17071,94,201702,6,81,81,2017,61.99573,-172.364775,8/2/2017 10:04,21740,walleye pollock,19,120,8,NA,3,NA,NA,NA,NA,NA
-17072,94,201702,7,70,70,2017,61.99557,-171.651825,8/2/2017 12:49,21740,walleye pollock,20,110,10,NA,3,NA,NA,NA,NA,NA
-17072,94,201702,7,70,70,2017,61.99557,-171.651825,8/2/2017 12:49,21740,walleye pollock,21,460,650,NA,1,NA,NA,NA,NA,NA
-17072,94,201702,7,70,70,2017,61.99557,-171.651825,8/2/2017 12:49,21740,walleye pollock,22,500,746,NA,2,NA,NA,NA,NA,NA
-17072,94,201702,7,70,70,2017,61.99557,-171.651825,8/2/2017 12:49,21740,walleye pollock,23,510,808,NA,2,NA,NA,NA,NA,NA
-17073,94,201702,8,81,81,2017,61.674145,-171.58834,8/2/2017 15:32,21740,walleye pollock,24,470,610,NA,2,NA,NA,NA,NA,NA
-17073,94,201702,8,81,81,2017,61.674145,-171.58834,8/2/2017 15:32,21740,walleye pollock,25,480,620,NA,2,NA,NA,NA,NA,NA
-17073,94,201702,8,81,81,2017,61.674145,-171.58834,8/2/2017 15:32,21740,walleye pollock,26,470,632,NA,1,NA,NA,NA,NA,NA
-17073,94,201702,8,81,81,2017,61.674145,-171.58834,8/2/2017 15:32,21740,walleye pollock,27,110,10,NA,1,NA,NA,NA,NA,NA
-17074,94,201702,9,81,81,2017,61.3312,-171.5116,8/2/2017 18:13,21740,walleye pollock,28,490,686,NA,2,NA,NA,NA,NA,NA
-17074,94,201702,9,81,81,2017,61.3312,-171.5116,8/2/2017 18:13,21740,walleye pollock,29,490,666,NA,2,NA,NA,NA,NA,NA
-17074,94,201702,9,81,81,2017,61.3312,-171.5116,8/2/2017 18:13,21740,walleye pollock,30,500,748,NA,1,NA,NA,NA,NA,NA
-17074,94,201702,9,81,81,2017,61.3312,-171.5116,8/2/2017 18:13,21740,walleye pollock,31,110,6,NA,3,NA,NA,NA,NA,NA
-17075,94,201702,10,81,81,2017,61.67597,-170.909965,8/3/2017 7:30,21740,walleye pollock,32,490,730,NA,1,NA,NA,NA,NA,NA
-17075,94,201702,10,81,81,2017,61.67597,-170.909965,8/3/2017 7:30,21740,walleye pollock,33,570,1076,NA,1,NA,NA,NA,NA,NA
-17075,94,201702,10,81,81,2017,61.67597,-170.909965,8/3/2017 7:30,21740,walleye pollock,34,480,646,NA,1,NA,NA,NA,NA,NA
-17075,94,201702,10,81,81,2017,61.67597,-170.909965,8/3/2017 7:30,21740,walleye pollock,35,110,10,NA,3,NA,NA,NA,NA,NA
-17076,94,201702,11,81,81,2017,61.335425,-170.84629,8/3/2017 10:05,21740,walleye pollock,36,480,664,NA,1,NA,NA,NA,NA,NA
-17076,94,201702,11,81,81,2017,61.335425,-170.84629,8/3/2017 10:05,21740,walleye pollock,37,510,690,NA,2,NA,NA,NA,NA,NA
-17076,94,201702,11,81,81,2017,61.335425,-170.84629,8/3/2017 10:05,21740,walleye pollock,38,490,660,NA,2,NA,NA,NA,NA,NA
-17077,94,201702,12,81,81,2017,61.00328,-170.818175,8/3/2017 12:44,21740,walleye pollock,39,560,996,NA,1,NA,NA,NA,NA,NA
-17077,94,201702,12,81,81,2017,61.00328,-170.818175,8/3/2017 12:44,21740,walleye pollock,40,450,560,NA,2,NA,NA,NA,NA,NA
-17077,94,201702,12,81,81,2017,61.00328,-170.818175,8/3/2017 12:44,21740,walleye pollock,41,430,472,NA,2,NA,NA,NA,NA,NA
-17077,94,201702,12,81,81,2017,61.00328,-170.818175,8/3/2017 12:44,21740,walleye pollock,42,110,8,NA,3,NA,NA,NA,NA,NA
-17078,94,201702,13,81,81,2017,60.67064,-170.756325,8/3/2017 15:20,21740,walleye pollock,43,560,924,NA,2,NA,NA,NA,NA,NA
-17078,94,201702,13,81,81,2017,60.67064,-170.756325,8/3/2017 15:20,21740,walleye pollock,44,500,744,NA,2,NA,NA,NA,NA,NA
-17078,94,201702,13,81,81,2017,60.67064,-170.756325,8/3/2017 15:20,21740,walleye pollock,45,430,462,NA,1,NA,NA,NA,NA,NA
-17078,94,201702,13,81,81,2017,60.67064,-170.756325,8/3/2017 15:20,21740,walleye pollock,46,120,10,NA,3,NA,NA,NA,NA,NA
-17079,94,201702,14,70,70,2017,60.67054,-169.37521,8/4/2017 7:27,21740,walleye pollock,47,500,618,NA,1,NA,NA,NA,NA,NA
-17079,94,201702,14,70,70,2017,60.67054,-169.37521,8/4/2017 7:27,21740,walleye pollock,48,480,590,NA,2,NA,NA,NA,NA,NA
-17079,94,201702,14,70,70,2017,60.67054,-169.37521,8/4/2017 7:27,21740,walleye pollock,49,540,938,NA,2,NA,NA,NA,NA,NA
-17081,94,201702,16,70,70,2017,61.326445,-169.45852,8/4/2017 12:30,21740,walleye pollock,54,500,742,NA,1,NA,NA,NA,NA,NA
-17081,94,201702,16,70,70,2017,61.326445,-169.45852,8/4/2017 12:30,21740,walleye pollock,55,520,834,NA,2,NA,NA,NA,NA,NA
-17081,94,201702,16,70,70,2017,61.326445,-169.45852,8/4/2017 12:30,21740,walleye pollock,56,540,872,NA,2,NA,NA,NA,NA,NA
-17081,94,201702,16,70,70,2017,61.326445,-169.45852,8/4/2017 12:30,21740,walleye pollock,57,140,22,NA,3,NA,NA,NA,NA,NA
-17356,94,201702,17,70,70,2017,60.660985,-166.657365,8/16/2017 16:09,21740,walleye pollock,58,590,1326,NA,2,NA,NA,NA,NA,NA
-17356,94,201702,17,70,70,2017,60.660985,-166.657365,8/16/2017 16:09,21740,walleye pollock,59,570,988,NA,1,NA,NA,NA,NA,NA
-17357,94,201702,18,70,70,2017,61.009925,-166.671805,8/16/2017 19:02,21740,walleye pollock,61,570,1104,NA,2,NA,NA,NA,NA,NA
-17357,94,201702,18,70,70,2017,61.009925,-166.671805,8/16/2017 19:02,21740,walleye pollock,62,640,1020,NA,2,NA,NA,NA,NA,NA
-17357,94,201702,18,70,70,2017,61.009925,-166.671805,8/16/2017 19:02,21740,walleye pollock,63,560,916,NA,1,NA,NA,NA,NA,NA
-17358,94,201702,19,70,70,2017,61.3304,-166.911765,8/17/2017 7:30,21740,walleye pollock,66,540,770,NA,1,NA,NA,NA,NA,NA
-17358,94,201702,19,70,70,2017,61.3304,-166.911765,8/17/2017 7:30,21740,walleye pollock,64,530,750,NA,1,NA,NA,NA,NA,NA
-17358,94,201702,19,70,70,2017,61.3304,-166.911765,8/17/2017 7:30,21740,walleye pollock,65,540,950,NA,1,NA,NA,NA,NA,NA
-17358,94,201702,19,70,70,2017,61.3304,-166.911765,8/17/2017 7:30,21740,walleye pollock,67,700,1516,NA,2,NA,NA,NA,NA,NA
-17358,94,201702,19,70,70,2017,61.3304,-166.911765,8/17/2017 7:30,21740,walleye pollock,68,650,1304,NA,2,NA,NA,NA,NA,NA
-17359,94,201702,20,70,70,2017,61.64634,-166.74446,8/17/2017 11:17,21740,walleye pollock,69,590,1304,NA,1,NA,NA,NA,NA,NA
-17359,94,201702,20,70,70,2017,61.64634,-166.74446,8/17/2017 11:17,21740,walleye pollock,70,570,804,NA,1,NA,NA,NA,NA,NA
-17359,94,201702,20,70,70,2017,61.64634,-166.74446,8/17/2017 11:17,21740,walleye pollock,71,530,750,NA,2,NA,NA,NA,NA,NA
-17360,94,201702,21,70,70,2017,61.999265,-166.69886,8/17/2017 14:24,21740,walleye pollock,72,580,1234,NA,1,NA,NA,NA,NA,NA
-17360,94,201702,21,70,70,2017,61.999265,-166.69886,8/17/2017 14:24,21740,walleye pollock,73,660,1770,NA,2,NA,NA,NA,NA,NA
-17360,94,201702,21,70,70,2017,61.999265,-166.69886,8/17/2017 14:24,21740,walleye pollock,74,570,1070,NA,2,NA,NA,NA,NA,NA
-17361,94,201702,22,70,70,2017,62.325495,-166.72352,8/17/2017 17:13,21740,walleye pollock,75,570,1214,NA,2,NA,NA,NA,NA,NA
-17361,94,201702,22,70,70,2017,62.325495,-166.72352,8/17/2017 17:13,21740,walleye pollock,76,660,1408,NA,1,NA,NA,NA,NA,NA
-17361,94,201702,22,70,70,2017,62.325495,-166.72352,8/17/2017 17:13,21740,walleye pollock,77,590,1206,NA,1,NA,NA,NA,NA,NA
-17370,94,201702,23,70,70,2017,62.64254,-166.748705,8/18/2017 8:26,21740,walleye pollock,78,620,1526,NA,2,NA,NA,NA,NA,NA
-17370,94,201702,23,70,70,2017,62.64254,-166.748705,8/18/2017 8:26,21740,walleye pollock,79,550,966,NA,1,NA,NA,NA,NA,NA
-17370,94,201702,23,70,70,2017,62.64254,-166.748705,8/18/2017 8:26,21740,walleye pollock,80,490,852,NA,2,NA,NA,NA,NA,NA
-17371,94,201702,24,70,70,2017,62.991645,-166.75021,8/18/2017 11:33,21740,walleye pollock,81,520,774,NA,1,NA,NA,NA,NA,NA
-17371,94,201702,24,70,70,2017,62.991645,-166.75021,8/18/2017 11:33,21740,walleye pollock,82,540,1026,NA,2,NA,NA,NA,NA,NA
-17371,94,201702,24,70,70,2017,62.991645,-166.75021,8/18/2017 11:33,21740,walleye pollock,83,540,744,NA,2,NA,NA,NA,NA,NA
-17372,94,201702,25,70,70,2017,63.001705,-166.03441,8/18/2017 14:25,21740,walleye pollock,85,630,1594,NA,2,NA,NA,NA,NA,NA
-17372,94,201702,25,70,70,2017,63.001705,-166.03441,8/18/2017 14:25,21740,walleye pollock,84,150,24,NA,3,NA,NA,NA,NA,NA
-17372,94,201702,25,70,70,2017,63.001705,-166.03441,8/18/2017 14:25,21740,walleye pollock,86,530,914,NA,2,NA,NA,NA,NA,NA
-17372,94,201702,25,70,70,2017,63.001705,-166.03441,8/18/2017 14:25,21740,walleye pollock,87,570,834,NA,1,NA,NA,NA,NA,NA
-17373,94,201702,26,71,71,2017,63.336895,-166.02704,8/18/2017 17:26,21740,walleye pollock,88,770,2558,NA,2,NA,NA,NA,NA,NA
-17373,94,201702,26,71,71,2017,63.336895,-166.02704,8/18/2017 17:26,21740,walleye pollock,89,140,16,NA,3,NA,NA,NA,NA,NA
-17373,94,201702,26,71,71,2017,63.336895,-166.02704,8/18/2017 17:26,21740,walleye pollock,90,600,1612,NA,2,NA,NA,NA,NA,NA
-17373,94,201702,26,71,71,2017,63.336895,-166.02704,8/18/2017 17:26,21740,walleye pollock,91,440,490,NA,1,NA,NA,NA,NA,NA
-17374,94,201702,27,71,71,2017,63.324515,-165.340775,8/19/2017 8:29,21740,walleye pollock,92,740,2726,NA,2,NA,NA,NA,NA,NA
-17374,94,201702,27,71,71,2017,63.324515,-165.340775,8/19/2017 8:29,21740,walleye pollock,93,740,2366,NA,2,NA,NA,NA,NA,NA
-17374,94,201702,27,71,71,2017,63.324515,-165.340775,8/19/2017 8:29,21740,walleye pollock,94,660,1344,NA,1,NA,NA,NA,NA,NA
-17375,94,201702,28,71,71,2017,63.648305,-165.336585,8/19/2017 11:25,21740,walleye pollock,95,610,1528,NA,2,NA,NA,NA,NA,NA
-17375,94,201702,28,71,71,2017,63.648305,-165.336585,8/19/2017 11:25,21740,walleye pollock,96,670,2148,NA,1,NA,NA,NA,NA,NA
-17375,94,201702,28,71,71,2017,63.648305,-165.336585,8/19/2017 11:25,21740,walleye pollock,97,610,1824,NA,1,NA,NA,NA,NA,NA
-17376,94,201702,29,71,71,2017,63.681265,-164.613185,8/19/2017 14:24,21740,walleye pollock,98,670,2044,NA,2,NA,NA,NA,NA,NA
-17376,94,201702,29,71,71,2017,63.681265,-164.613185,8/19/2017 14:24,21740,walleye pollock,99,610,1532,NA,1,NA,NA,NA,NA,NA
-17376,94,201702,29,71,71,2017,63.681265,-164.613185,8/19/2017 14:24,21740,walleye pollock,100,630,1456,NA,1,NA,NA,NA,NA,NA
-17392,94,201702,40,71,71,2017,64.33843,-163.78699,8/22/2017 7:33,21740,walleye pollock,102,670,2328,NA,2,NA,NA,NA,NA,NA
-17392,94,201702,40,71,71,2017,64.33843,-163.78699,8/22/2017 7:33,21740,walleye pollock,103,730,3012,NA,2,NA,NA,NA,NA,NA
-17392,94,201702,40,71,71,2017,64.33843,-163.78699,8/22/2017 7:33,21740,walleye pollock,104,640,1804,NA,2,NA,NA,NA,NA,NA
-17392,94,201702,40,71,71,2017,64.33843,-163.78699,8/22/2017 7:33,21740,walleye pollock,105,680,1856,NA,2,NA,NA,NA,NA,NA
-17394,94,201702,42,71,71,2017,63.994645,-164.545345,8/22/2017 12:47,21740,walleye pollock,106,660,1438,NA,2,NA,NA,NA,NA,NA
-17394,94,201702,42,71,71,2017,63.994645,-164.545345,8/22/2017 12:47,21740,walleye pollock,107,640,1810,NA,2,NA,NA,NA,NA,NA
-17394,94,201702,42,71,71,2017,63.994645,-164.545345,8/22/2017 12:47,21740,walleye pollock,108,610,1412,NA,1,NA,NA,NA,NA,NA
-17395,94,201702,43,71,71,2017,64.32803,-164.53456,8/22/2017 16:24,21740,walleye pollock,109,690,1996,NA,2,NA,NA,NA,NA,NA
-17401,94,201702,47,71,71,2017,64.332295,-165.336085,8/24/2017 8:59,21740,walleye pollock,122,670,1688,NA,2,NA,NA,NA,NA,NA
-17401,94,201702,47,71,71,2017,64.332295,-165.336085,8/24/2017 8:59,21740,walleye pollock,123,170,32,NA,2,NA,NA,NA,NA,NA
-17401,94,201702,47,71,71,2017,64.332295,-165.336085,8/24/2017 8:59,21740,walleye pollock,124,580,1362,NA,1,NA,NA,NA,NA,NA
-17401,94,201702,47,71,71,2017,64.332295,-165.336085,8/24/2017 8:59,21740,walleye pollock,125,570,1238,NA,1,NA,NA,NA,NA,NA
-17402,94,201702,48,71,71,2017,64.01534,-165.31265,8/24/2017 11:41,21740,walleye pollock,126,590,1190,NA,1,NA,NA,NA,NA,NA
-17402,94,201702,48,71,71,2017,64.01534,-165.31265,8/24/2017 11:41,21740,walleye pollock,127,170,34,NA,2,NA,NA,NA,NA,NA
-17402,94,201702,48,71,71,2017,64.01534,-165.31265,8/24/2017 11:41,21740,walleye pollock,128,670,1986,NA,2,NA,NA,NA,NA,NA
-17402,94,201702,48,71,71,2017,64.01534,-165.31265,8/24/2017 11:41,21740,walleye pollock,129,730,2664,NA,2,NA,NA,NA,NA,NA
-17403,94,201702,49,71,71,2017,63.99298,-166.051665,8/24/2017 14:47,21740,walleye pollock,130,600,1420,NA,2,NA,NA,NA,NA,NA
-17403,94,201702,49,71,71,2017,63.99298,-166.051665,8/24/2017 14:47,21740,walleye pollock,131,620,1526,NA,2,NA,NA,NA,NA,NA
-17403,94,201702,49,71,71,2017,63.99298,-166.051665,8/24/2017 14:47,21740,walleye pollock,132,610,1526,NA,1,NA,NA,NA,NA,NA
-17403,94,201702,49,71,71,2017,63.99298,-166.051665,8/24/2017 14:47,21740,walleye pollock,133,160,28,NA,3,NA,NA,NA,NA,NA
-17404,94,201702,50,71,71,2017,63.67658,-166.0585,8/24/2017 17:12,21740,walleye pollock,134,640,1922,NA,2,NA,NA,NA,NA,NA
-17404,94,201702,50,71,71,2017,63.67658,-166.0585,8/24/2017 17:12,21740,walleye pollock,135,550,1178,NA,1,NA,NA,NA,NA,NA
-17404,94,201702,50,71,71,2017,63.67658,-166.0585,8/24/2017 17:12,21740,walleye pollock,136,540,1204,NA,1,NA,NA,NA,NA,NA
-17404,94,201702,50,71,71,2017,63.67658,-166.0585,8/24/2017 17:12,21740,walleye pollock,137,160,24,NA,3,NA,NA,NA,NA,NA
-17405,94,201702,51,71,71,2017,63.99897,-166.8175,8/25/2017 8:56,21740,walleye pollock,138,590,1268,NA,1,NA,NA,NA,NA,NA
-17405,94,201702,51,71,71,2017,63.99897,-166.8175,8/25/2017 8:56,21740,walleye pollock,139,510,820,NA,2,NA,NA,NA,NA,NA
-17405,94,201702,51,71,71,2017,63.99897,-166.8175,8/25/2017 8:56,21740,walleye pollock,140,550,1210,NA,2,NA,NA,NA,NA,NA
-17405,94,201702,51,71,71,2017,63.99897,-166.8175,8/25/2017 8:56,21740,walleye pollock,141,150,20,NA,3,NA,NA,NA,NA,NA
-17406,94,201702,52,71,71,2017,63.663385,-166.80781,8/25/2017 11:32,21740,walleye pollock,142,560,1180,NA,2,NA,NA,NA,NA,NA
-17406,94,201702,52,71,71,2017,63.663385,-166.80781,8/25/2017 11:32,21740,walleye pollock,143,530,942,NA,2,NA,NA,NA,NA,NA
-17406,94,201702,52,71,71,2017,63.663385,-166.80781,8/25/2017 11:32,21740,walleye pollock,144,140,20,NA,3,NA,NA,NA,NA,NA
-17406,94,201702,52,71,71,2017,63.663385,-166.80781,8/25/2017 11:32,21740,walleye pollock,145,530,920,NA,1,NA,NA,NA,NA,NA
-17407,94,201702,53,71,71,2017,63.30944,-166.789535,8/25/2017 14:46,21740,walleye pollock,146,150,22,NA,3,NA,NA,NA,NA,NA
-17407,94,201702,53,71,71,2017,63.30944,-166.789535,8/25/2017 14:46,21740,walleye pollock,147,600,1334,NA,2,NA,NA,NA,NA,NA
-17407,94,201702,53,71,71,2017,63.30944,-166.789535,8/25/2017 14:46,21740,walleye pollock,148,550,924,NA,1,NA,NA,NA,NA,NA
-17407,94,201702,53,71,71,2017,63.30944,-166.789535,8/25/2017 14:46,21740,walleye pollock,149,560,896,NA,1,NA,NA,NA,NA,NA
-17417,94,201702,54,70,70,2017,61.677945,-167.418495,8/26/2017 7:44,21740,walleye pollock,150,540,632,NA,2,NA,NA,NA,NA,NA
-17417,94,201702,54,70,70,2017,61.677945,-167.418495,8/26/2017 7:44,21740,walleye pollock,151,580,1176,NA,2,NA,NA,NA,NA,NA
-17417,94,201702,54,70,70,2017,61.677945,-167.418495,8/26/2017 7:44,21740,walleye pollock,152,620,1482,NA,1,NA,NA,NA,NA,NA
-17417,94,201702,54,70,70,2017,61.677945,-167.418495,8/26/2017 7:44,21740,walleye pollock,153,140,20,NA,3,NA,NA,NA,NA,NA
-17418,94,201702,55,70,70,2017,61.344735,-167.372165,8/26/2017 10:28,21740,walleye pollock,154,510,664,NA,2,NA,NA,NA,NA,NA
-17418,94,201702,55,70,70,2017,61.344735,-167.372165,8/26/2017 10:28,21740,walleye pollock,155,640,1644,NA,2,NA,NA,NA,NA,NA
-17418,94,201702,55,70,70,2017,61.344735,-167.372165,8/26/2017 10:28,21740,walleye pollock,156,470,604,NA,1,NA,NA,NA,NA,NA
-17418,94,201702,55,70,70,2017,61.344735,-167.372165,8/26/2017 10:28,21740,walleye pollock,157,150,24,NA,3,NA,NA,NA,NA,NA
-17419,94,201702,56,70,70,2017,60.997285,-167.32733,8/26/2017 13:16,21740,walleye pollock,159,520,796,NA,2,NA,NA,NA,NA,NA
-17419,94,201702,56,70,70,2017,60.997285,-167.32733,8/26/2017 13:16,21740,walleye pollock,158,170,28,NA,3,NA,NA,NA,NA,NA
-17419,94,201702,56,70,70,2017,60.997285,-167.32733,8/26/2017 13:16,21740,walleye pollock,160,570,1300,NA,2,NA,NA,NA,NA,NA
-17419,94,201702,56,70,70,2017,60.997285,-167.32733,8/26/2017 13:16,21740,walleye pollock,161,540,948,NA,1,NA,NA,NA,NA,NA
-17420,94,201702,57,70,70,2017,60.67349,-167.31228,8/26/2017 15:53,21740,walleye pollock,162,170,34,NA,3,NA,NA,NA,NA,NA
-17420,94,201702,57,70,70,2017,60.67349,-167.31228,8/26/2017 15:53,21740,walleye pollock,163,460,558,NA,2,NA,NA,NA,NA,NA
-17420,94,201702,57,70,70,2017,60.67349,-167.31228,8/26/2017 15:53,21740,walleye pollock,164,580,1046,NA,2,NA,NA,NA,NA,NA
-17420,94,201702,57,70,70,2017,60.67349,-167.31228,8/26/2017 15:53,21740,walleye pollock,165,600,1186,NA,1,NA,NA,NA,NA,NA
-17448,94,201702,39,71,71,2017,64.246525,-163.118495,8/21/2017 18:37,21740,walleye pollock,101,800,3614,NA,2,NA,NA,NA,NA,NA
-17449,94,201702,44,71,71,2017,64.65558,-166.807915,8/23/2017 7:23,21740,walleye pollock,110,590,1300,NA,2,NA,NA,NA,NA,NA
-17449,94,201702,44,71,71,2017,64.65558,-166.807915,8/23/2017 7:23,21740,walleye pollock,111,570,1130,NA,2,NA,NA,NA,NA,NA
-17449,94,201702,44,71,71,2017,64.65558,-166.807915,8/23/2017 7:23,21740,walleye pollock,112,660,1888,NA,1,NA,NA,NA,NA,NA
-17449,94,201702,44,71,71,2017,64.65558,-166.807915,8/23/2017 7:23,21740,walleye pollock,113,150,20,NA,3,NA,NA,NA,NA,NA
-17451,94,201702,46,71,71,2017,64.331065,-166.059735,8/23/2017 13:14,21740,walleye pollock,118,730,2304,NA,2,NA,NA,NA,NA,NA
-17451,94,201702,46,71,71,2017,64.331065,-166.059735,8/23/2017 13:14,21740,walleye pollock,119,700,1804,NA,2,NA,NA,NA,NA,NA
-17451,94,201702,46,71,71,2017,64.331065,-166.059735,8/23/2017 13:14,21740,walleye pollock,120,630,1728,NA,1,NA,NA,NA,NA,NA
-17451,94,201702,46,71,71,2017,64.331065,-166.059735,8/23/2017 13:14,21740,walleye pollock,121,140,20,NA,3,NA,NA,NA,NA,NA
-17450,94,201702,45,71,71,2017,64.340145,-166.83257,8/23/2017 10:27,21740,walleye pollock,114,570,1124,NA,2,NA,NA,NA,NA,NA
-17450,94,201702,45,71,71,2017,64.340145,-166.83257,8/23/2017 10:27,21740,walleye pollock,115,560,1018,NA,2,NA,NA,NA,NA,NA
-17450,94,201702,45,71,71,2017,64.340145,-166.83257,8/23/2017 10:27,21740,walleye pollock,116,180,40,NA,3,NA,NA,NA,NA,NA
-17450,94,201702,45,71,71,2017,64.340145,-166.83257,8/23/2017 10:27,21740,walleye pollock,117,530,824,NA,1,NA,NA,NA,NA,NA
-17062,162,201702,1,81,81,2017,62.33537,-175.29846,8/1/2017 7:42,21740,walleye pollock,1,470,580,NA,1,NA,NA,NA,NA,NA
-17062,162,201702,1,81,81,2017,62.33537,-175.29846,8/1/2017 7:42,21740,walleye pollock,2,510,865,NA,2,NA,NA,NA,NA,NA
-17062,162,201702,1,81,81,2017,62.33537,-175.29846,8/1/2017 7:42,21740,walleye pollock,3,510,725,NA,2,NA,NA,NA,NA,NA
-17062,162,201702,1,81,81,2017,62.33537,-175.29846,8/1/2017 7:42,21740,walleye pollock,4,460,590,NA,1,NA,NA,NA,NA,NA
-17062,162,201702,1,81,81,2017,62.33537,-175.29846,8/1/2017 7:42,21740,walleye pollock,5,440,510,NA,2,NA,NA,NA,NA,NA
-17062,162,201702,1,81,81,2017,62.33537,-175.29846,8/1/2017 7:42,21740,walleye pollock,6,150,10,NA,2,NA,NA,NA,NA,NA
-17062,162,201702,1,81,81,2017,62.33537,-175.29846,8/1/2017 7:42,21740,walleye pollock,7,130,10,NA,2,NA,NA,NA,NA,NA
-17063,162,201702,2,81,81,2017,62.34029,-174.64544,8/1/2017 10:06,21740,walleye pollock,8,490,625,NA,1,NA,NA,NA,NA,NA
-17063,162,201702,2,81,81,2017,62.34029,-174.64544,8/1/2017 10:06,21740,walleye pollock,9,420,480,NA,2,NA,NA,NA,NA,NA
-17063,162,201702,2,81,81,2017,62.34029,-174.64544,8/1/2017 10:06,21740,walleye pollock,10,490,645,NA,2,NA,NA,NA,NA,NA
-17063,162,201702,2,81,81,2017,62.34029,-174.64544,8/1/2017 10:06,21740,walleye pollock,11,420,480,NA,2,NA,NA,NA,NA,NA
-17063,162,201702,2,81,81,2017,62.34029,-174.64544,8/1/2017 10:06,21740,walleye pollock,12,460,645,NA,1,NA,NA,NA,NA,NA
-17063,162,201702,2,81,81,2017,62.34029,-174.64544,8/1/2017 10:06,21740,walleye pollock,13,140,15,NA,1,NA,NA,NA,NA,NA
-17065,162,201702,4,81,81,2017,62.343215,-173.17429,8/1/2017 15:21,21740,walleye pollock,14,480,620,NA,1,NA,NA,NA,NA,NA
-17065,162,201702,4,81,81,2017,62.343215,-173.17429,8/1/2017 15:21,21740,walleye pollock,15,480,660,NA,1,NA,NA,NA,NA,NA
-17065,162,201702,4,81,81,2017,62.343215,-173.17429,8/1/2017 15:21,21740,walleye pollock,16,470,640,NA,2,NA,NA,NA,NA,NA
-17065,162,201702,4,81,81,2017,62.343215,-173.17429,8/1/2017 15:21,21740,walleye pollock,17,120,10,NA,3,NA,NA,NA,NA,NA
-17082,162,201702,5,81,81,2017,62.33073,-172.445615,8/2/2017 7:38,21740,walleye pollock,18,460,550,NA,1,NA,NA,NA,NA,NA
-17082,162,201702,5,81,81,2017,62.33073,-172.445615,8/2/2017 7:38,21740,walleye pollock,19,500,645,NA,1,NA,NA,NA,NA,NA
-17082,162,201702,5,81,81,2017,62.33073,-172.445615,8/2/2017 7:38,21740,walleye pollock,20,540,820,NA,2,NA,NA,NA,NA,NA
-17082,162,201702,5,81,81,2017,62.33073,-172.445615,8/2/2017 7:38,21740,walleye pollock,21,80,5,NA,2,NA,NA,NA,NA,NA
-17083,162,201702,6,81,81,2017,62.337205,-171.727095,8/2/2017 11:03,21740,walleye pollock,22,520,840,NA,2,NA,NA,NA,NA,NA
-17083,162,201702,6,81,81,2017,62.337205,-171.727095,8/2/2017 11:03,21740,walleye pollock,23,430,475,NA,2,NA,NA,NA,NA,NA
-17083,162,201702,6,81,81,2017,62.337205,-171.727095,8/2/2017 11:03,21740,walleye pollock,24,470,600,NA,2,NA,NA,NA,NA,NA
-17084,162,201702,7,70,70,2017,62.337725,-171.055025,8/2/2017 14:13,21740,walleye pollock,25,460,605,NA,2,NA,NA,NA,NA,NA
-17084,162,201702,7,70,70,2017,62.337725,-171.055025,8/2/2017 14:13,21740,walleye pollock,26,490,765,NA,1,NA,NA,NA,NA,NA
-17084,162,201702,7,70,70,2017,62.337725,-171.055025,8/2/2017 14:13,21740,walleye pollock,27,510,655,NA,1,NA,NA,NA,NA,NA
-17084,162,201702,7,70,70,2017,62.337725,-171.055025,8/2/2017 14:13,21740,walleye pollock,28,120,5,NA,1,NA,NA,NA,NA,NA
-17085,162,201702,8,70,70,2017,61.996055,-170.96093,8/2/2017 17:15,21740,walleye pollock,29,550,955,NA,1,NA,NA,NA,NA,NA
-17085,162,201702,8,70,70,2017,61.996055,-170.96093,8/2/2017 17:15,21740,walleye pollock,30,510,755,NA,1,NA,NA,NA,NA,NA
-17085,162,201702,8,70,70,2017,61.996055,-170.96093,8/2/2017 17:15,21740,walleye pollock,31,490,700,NA,1,NA,NA,NA,NA,NA
-17086,162,201702,9,70,70,2017,61.673,-170.220995,8/3/2017 7:42,21740,walleye pollock,32,450,505,NA,1,NA,NA,NA,NA,NA
-17086,162,201702,9,70,70,2017,61.673,-170.220995,8/3/2017 7:42,21740,walleye pollock,33,510,710,NA,1,NA,NA,NA,NA,NA
-17086,162,201702,9,70,70,2017,61.673,-170.220995,8/3/2017 7:42,21740,walleye pollock,34,500,735,NA,2,NA,NA,NA,NA,NA
-17086,162,201702,9,70,70,2017,61.673,-170.220995,8/3/2017 7:42,21740,walleye pollock,35,120,5,NA,3,NA,NA,NA,NA,NA
-17087,162,201702,10,70,70,2017,61.33137,-170.177395,8/3/2017 10:26,21740,walleye pollock,36,450,620,NA,1,NA,NA,NA,NA,NA
-17087,162,201702,10,70,70,2017,61.33137,-170.177395,8/3/2017 10:26,21740,walleye pollock,37,510,745,NA,2,NA,NA,NA,NA,NA
-17087,162,201702,10,70,70,2017,61.33137,-170.177395,8/3/2017 10:26,21740,walleye pollock,38,440,560,NA,2,NA,NA,NA,NA,NA
-17087,162,201702,10,70,70,2017,61.33137,-170.177395,8/3/2017 10:26,21740,walleye pollock,39,120,10,NA,3,NA,NA,NA,NA,NA
-17088,162,201702,11,70,70,2017,60.99503,-170.13331,8/3/2017 13:23,21740,walleye pollock,40,480,685,NA,2,NA,NA,NA,NA,NA
-17088,162,201702,11,70,70,2017,60.99503,-170.13331,8/3/2017 13:23,21740,walleye pollock,41,440,560,NA,1,NA,NA,NA,NA,NA
-17088,162,201702,11,70,70,2017,60.99503,-170.13331,8/3/2017 13:23,21740,walleye pollock,42,470,625,NA,2,NA,NA,NA,NA,NA
-17089,162,201702,12,70,70,2017,60.675075,-170.05565,8/3/2017 15:59,21740,walleye pollock,43,510,705,NA,1,NA,NA,NA,NA,NA
-17089,162,201702,12,70,70,2017,60.675075,-170.05565,8/3/2017 15:59,21740,walleye pollock,44,470,545,NA,2,NA,NA,NA,NA,NA
-17089,162,201702,12,70,70,2017,60.675075,-170.05565,8/3/2017 15:59,21740,walleye pollock,45,430,535,NA,2,NA,NA,NA,NA,NA
-17090,162,201702,13,70,70,2017,60.66639,-168.7065,8/4/2017 7:39,21740,walleye pollock,46,550,750,NA,1,NA,NA,NA,NA,NA
-17090,162,201702,13,70,70,2017,60.66639,-168.7065,8/4/2017 7:39,21740,walleye pollock,47,510,915,NA,2,NA,NA,NA,NA,NA
-17090,162,201702,13,70,70,2017,60.66639,-168.7065,8/4/2017 7:39,21740,walleye pollock,48,510,830,NA,2,NA,NA,NA,NA,NA
-17090,162,201702,13,70,70,2017,60.66639,-168.7065,8/4/2017 7:39,21740,walleye pollock,49,150,25,NA,3,NA,NA,NA,NA,NA
-17091,162,201702,14,70,70,2017,60.99402,-168.71334,8/4/2017 10:20,21740,walleye pollock,50,490,640,NA,1,NA,NA,NA,NA,NA
-17091,162,201702,14,70,70,2017,60.99402,-168.71334,8/4/2017 10:20,21740,walleye pollock,51,550,1035,NA,2,NA,NA,NA,NA,NA
-17091,162,201702,14,70,70,2017,60.99402,-168.71334,8/4/2017 10:20,21740,walleye pollock,52,170,40,NA,2,NA,NA,NA,NA,NA
-17092,162,201702,15,70,70,2017,61.33044,-168.742665,8/4/2017 12:53,21740,walleye pollock,53,500,625,NA,1,NA,NA,NA,NA,NA
-17092,162,201702,15,70,70,2017,61.33044,-168.742665,8/4/2017 12:53,21740,walleye pollock,54,530,855,NA,1,NA,NA,NA,NA,NA
-17092,162,201702,15,70,70,2017,61.33044,-168.742665,8/4/2017 12:53,21740,walleye pollock,55,560,940,NA,2,NA,NA,NA,NA,NA
-17092,162,201702,15,70,70,2017,61.33044,-168.742665,8/4/2017 12:53,21740,walleye pollock,56,150,35,NA,3,NA,NA,NA,NA,NA
-17233,162,201702,16,70,70,2017,62.933075,-168.989575,8/11/2017 7:59,21740,walleye pollock,57,130,20,NA,3,NA,NA,NA,NA,NA
-17233,162,201702,16,70,70,2017,62.933075,-168.989575,8/11/2017 7:59,21740,walleye pollock,58,580,1230,NA,1,NA,NA,NA,NA,NA
-17233,162,201702,16,70,70,2017,62.933075,-168.989575,8/11/2017 7:59,21740,walleye pollock,59,510,815,NA,2,NA,NA,NA,NA,NA
-17233,162,201702,16,70,70,2017,62.933075,-168.989575,8/11/2017 7:59,21740,walleye pollock,60,520,855,NA,2,NA,NA,NA,NA,NA
-17234,162,201702,17,70,70,2017,62.66072,-168.9003,8/11/2017 11:57,21740,walleye pollock,64,140,35,NA,1,NA,NA,NA,NA,NA
-17234,162,201702,17,70,70,2017,62.66072,-168.9003,8/11/2017 11:57,21740,walleye pollock,61,530,830,NA,2,NA,NA,NA,NA,NA
-17234,162,201702,17,70,70,2017,62.66072,-168.9003,8/11/2017 11:57,21740,walleye pollock,62,500,895,NA,2,NA,NA,NA,NA,NA
-17234,162,201702,17,70,70,2017,62.66072,-168.9003,8/11/2017 11:57,21740,walleye pollock,63,470,725,NA,1,NA,NA,NA,NA,NA
-17322,162,201702,19,70,70,2017,63.260995,-171.11632,8/14/2017 8:09,21740,walleye pollock,69,160,30,NA,3,NA,NA,NA,NA,NA
-17322,162,201702,19,70,70,2017,63.260995,-171.11632,8/14/2017 8:09,21740,walleye pollock,70,510,830,NA,2,NA,NA,NA,NA,NA
-17322,162,201702,19,70,70,2017,63.260995,-171.11632,8/14/2017 8:09,21740,walleye pollock,71,550,900,NA,1,NA,NA,NA,NA,NA
-17322,162,201702,19,70,70,2017,63.260995,-171.11632,8/14/2017 8:09,21740,walleye pollock,72,480,575,NA,1,NA,NA,NA,NA,NA
-17323,162,201702,20,70,70,2017,62.99627,-171.11875,8/14/2017 11:30,21740,walleye pollock,73,140,25,NA,3,NA,NA,NA,NA,NA
-17323,162,201702,20,70,70,2017,62.99627,-171.11875,8/14/2017 11:30,21740,walleye pollock,74,490,715,NA,1,NA,NA,NA,NA,NA
-17323,162,201702,20,70,70,2017,62.99627,-171.11875,8/14/2017 11:30,21740,walleye pollock,75,560,1005,NA,2,NA,NA,NA,NA,NA
-17323,162,201702,20,70,70,2017,62.99627,-171.11875,8/14/2017 11:30,21740,walleye pollock,76,490,740,NA,2,NA,NA,NA,NA,NA
-17324,162,201702,21,70,70,2017,62.947025,-170.469845,8/14/2017 15:19,21740,walleye pollock,77,470,630,NA,1,NA,NA,NA,NA,NA
-17324,162,201702,21,70,70,2017,62.947025,-170.469845,8/14/2017 15:19,21740,walleye pollock,78,470,775,NA,1,NA,NA,NA,NA,NA
-17324,162,201702,21,70,70,2017,62.947025,-170.469845,8/14/2017 15:19,21740,walleye pollock,79,530,895,NA,2,NA,NA,NA,NA,NA
-17325,162,201702,22,70,70,2017,62.66808,-169.599595,8/14/2017 19:07,21740,walleye pollock,80,590,1345,NA,2,NA,NA,NA,NA,NA
-17325,162,201702,22,70,70,2017,62.66808,-169.599595,8/14/2017 19:07,21740,walleye pollock,81,530,915,NA,2,NA,NA,NA,NA,NA
-17325,162,201702,22,70,70,2017,62.66808,-169.599595,8/14/2017 19:07,21740,walleye pollock,82,520,820,NA,2,NA,NA,NA,NA,NA
-17346,162,201702,23,70,70,2017,61.99596,-168.84087,8/15/2017 7:59,21740,walleye pollock,83,490,725,NA,1,NA,NA,NA,NA,NA
-17346,162,201702,23,70,70,2017,61.99596,-168.84087,8/15/2017 7:59,21740,walleye pollock,84,570,1095,NA,1,NA,NA,NA,NA,NA
-17346,162,201702,23,70,70,2017,61.99596,-168.84087,8/15/2017 7:59,21740,walleye pollock,85,480,580,NA,2,NA,NA,NA,NA,NA
-17347,162,201702,24,70,70,2017,61.6664,-168.80322,8/15/2017 11:09,21740,walleye pollock,89,430,530,NA,1,NA,NA,NA,NA,NA
-17347,162,201702,24,70,70,2017,61.6664,-168.80322,8/15/2017 11:09,21740,walleye pollock,86,180,40,NA,3,NA,NA,NA,NA,NA
-17347,162,201702,24,70,70,2017,61.6664,-168.80322,8/15/2017 11:09,21740,walleye pollock,87,440,500,NA,1,NA,NA,NA,NA,NA
-17347,162,201702,24,70,70,2017,61.6664,-168.80322,8/15/2017 11:09,21740,walleye pollock,88,450,525,NA,1,NA,NA,NA,NA,NA
-17348,162,201702,25,70,70,2017,61.665805,-169.50274,8/15/2017 14:14,21740,walleye pollock,90,440,560,NA,2,NA,NA,NA,NA,NA
-17348,162,201702,25,70,70,2017,61.665805,-169.50274,8/15/2017 14:14,21740,walleye pollock,91,510,715,NA,1,NA,NA,NA,NA,NA
-17348,162,201702,25,70,70,2017,61.665805,-169.50274,8/15/2017 14:14,21740,walleye pollock,92,500,825,NA,1,NA,NA,NA,NA,NA
-17349,162,201702,26,70,70,2017,62.00914,-169.54835,8/15/2017 16:58,21740,walleye pollock,93,140,20,NA,3,NA,NA,NA,NA,NA
-17349,162,201702,26,70,70,2017,62.00914,-169.54835,8/15/2017 16:58,21740,walleye pollock,94,490,725,NA,2,NA,NA,NA,NA,NA
-17349,162,201702,26,70,70,2017,62.00914,-169.54835,8/15/2017 16:58,21740,walleye pollock,95,470,665,NA,1,NA,NA,NA,NA,NA
-17349,162,201702,26,70,70,2017,62.00914,-169.54835,8/15/2017 16:58,21740,walleye pollock,96,500,630,NA,1,NA,NA,NA,NA,NA
-17350,162,201702,27,70,70,2017,62.332845,-169.59543,8/15/2017 19:48,21740,walleye pollock,97,140,15,NA,3,NA,NA,NA,NA,NA
-17350,162,201702,27,70,70,2017,62.332845,-169.59543,8/15/2017 19:48,21740,walleye pollock,98,520,860,NA,2,NA,NA,NA,NA,NA
-17350,162,201702,27,70,70,2017,62.332845,-169.59543,8/15/2017 19:48,21740,walleye pollock,99,610,1255,NA,2,NA,NA,NA,NA,NA
-17350,162,201702,27,70,70,2017,62.332845,-169.59543,8/15/2017 19:48,21740,walleye pollock,100,470,615,NA,1,NA,NA,NA,NA,NA
-17352,162,201702,28,70,70,2017,62.002905,-170.256875,8/16/2017 8:03,21740,walleye pollock,101,120,10,NA,2,NA,NA,NA,NA,NA
-17352,162,201702,28,70,70,2017,62.002905,-170.256875,8/16/2017 8:03,21740,walleye pollock,102,520,850,NA,2,NA,NA,NA,NA,NA
-17352,162,201702,28,70,70,2017,62.002905,-170.256875,8/16/2017 8:03,21740,walleye pollock,103,450,530,NA,2,NA,NA,NA,NA,NA
-17352,162,201702,28,70,70,2017,62.002905,-170.256875,8/16/2017 8:03,21740,walleye pollock,104,490,645,NA,1,NA,NA,NA,NA,NA
-17353,162,201702,29,70,70,2017,62.341735,-170.28428,8/16/2017 11:04,21740,walleye pollock,107,440,485,NA,1,NA,NA,NA,NA,NA
-17353,162,201702,29,70,70,2017,62.341735,-170.28428,8/16/2017 11:04,21740,walleye pollock,105,130,15,NA,3,NA,NA,NA,NA,NA
-17353,162,201702,29,70,70,2017,62.341735,-170.28428,8/16/2017 11:04,21740,walleye pollock,106,430,470,NA,2,NA,NA,NA,NA,NA
-17353,162,201702,29,70,70,2017,62.341735,-170.28428,8/16/2017 11:04,21740,walleye pollock,108,480,630,NA,1,NA,NA,NA,NA,NA
-17355,162,201702,31,70,70,2017,62.668365,-171.085385,8/16/2017 16:50,21740,walleye pollock,112,490,705,NA,2,NA,NA,NA,NA,NA
-17355,162,201702,31,70,70,2017,62.668365,-171.085385,8/16/2017 16:50,21740,walleye pollock,113,570,980,NA,2,NA,NA,NA,NA,NA
-17355,162,201702,31,70,70,2017,62.668365,-171.085385,8/16/2017 16:50,21740,walleye pollock,114,520,825,NA,2,NA,NA,NA,NA,NA
-17362,162,201702,32,70,70,2017,63.3188,-171.917565,8/17/2017 8:12,21740,walleye pollock,115,140,15,NA,3,NA,NA,NA,NA,NA
-17362,162,201702,32,70,70,2017,63.3188,-171.917565,8/17/2017 8:12,21740,walleye pollock,116,580,1215,NA,1,NA,NA,NA,NA,NA
-17362,162,201702,32,70,70,2017,63.3188,-171.917565,8/17/2017 8:12,21740,walleye pollock,117,550,950,NA,2,NA,NA,NA,NA,NA
-17363,162,201702,33,70,70,2017,63.000515,-171.79863,8/17/2017 10:37,21740,walleye pollock,118,130,15,NA,3,NA,NA,NA,NA,NA
-17363,162,201702,33,70,70,2017,63.000515,-171.79863,8/17/2017 10:37,21740,walleye pollock,119,510,795,NA,1,NA,NA,NA,NA,NA
-17363,162,201702,33,70,70,2017,63.000515,-171.79863,8/17/2017 10:37,21740,walleye pollock,120,520,780,NA,1,NA,NA,NA,NA,NA
-17363,162,201702,33,70,70,2017,63.000515,-171.79863,8/17/2017 10:37,21740,walleye pollock,121,520,855,NA,2,NA,NA,NA,NA,NA
-17364,162,201702,34,70,70,2017,62.668955,-171.81505,8/17/2017 14:44,21740,walleye pollock,122,160,15,NA,1,NA,NA,NA,NA,NA
-17364,162,201702,34,70,70,2017,62.668955,-171.81505,8/17/2017 14:44,21740,walleye pollock,123,420,455,NA,1,NA,NA,NA,NA,NA
-17364,162,201702,34,70,70,2017,62.668955,-171.81505,8/17/2017 14:44,21740,walleye pollock,124,470,640,NA,1,NA,NA,NA,NA,NA
-17364,162,201702,34,70,70,2017,62.668955,-171.81505,8/17/2017 14:44,21740,walleye pollock,125,480,655,NA,1,NA,NA,NA,NA,NA
-17365,162,201702,35,81,81,2017,62.66936,-172.455735,8/17/2017 19:21,21740,walleye pollock,126,540,850,NA,2,NA,NA,NA,NA,NA
-17365,162,201702,35,81,81,2017,62.66936,-172.455735,8/17/2017 19:21,21740,walleye pollock,127,490,650,NA,2,NA,NA,NA,NA,NA
-17365,162,201702,35,81,81,2017,62.66936,-172.455735,8/17/2017 19:21,21740,walleye pollock,128,490,720,NA,2,NA,NA,NA,NA,NA
-17365,162,201702,35,81,81,2017,62.66936,-172.455735,8/17/2017 19:21,21740,walleye pollock,129,130,15,NA,3,NA,NA,NA,NA,NA
-17366,162,201702,36,81,81,2017,62.671085,-174.63527,8/18/2017 8:29,21740,walleye pollock,130,440,515,NA,1,NA,NA,NA,NA,NA
-17366,162,201702,36,81,81,2017,62.671085,-174.63527,8/18/2017 8:29,21740,walleye pollock,131,480,700,NA,2,NA,NA,NA,NA,NA
-17366,162,201702,36,81,81,2017,62.671085,-174.63527,8/18/2017 8:29,21740,walleye pollock,132,480,600,NA,2,NA,NA,NA,NA,NA
-17367,162,201702,37,81,81,2017,62.66693,-173.914095,8/18/2017 11:20,21740,walleye pollock,133,480,660,NA,2,NA,NA,NA,NA,NA
-17367,162,201702,37,81,81,2017,62.66693,-173.914095,8/18/2017 11:20,21740,walleye pollock,134,430,535,NA,1,NA,NA,NA,NA,NA
-17367,162,201702,37,81,81,2017,62.66693,-173.914095,8/18/2017 11:20,21740,walleye pollock,135,430,520,NA,1,NA,NA,NA,NA,NA
-17367,162,201702,37,81,81,2017,62.66693,-173.914095,8/18/2017 11:20,21740,walleye pollock,136,110,10,NA,3,NA,NA,NA,NA,NA
-17368,162,201702,38,81,81,2017,62.669555,-173.18391,8/18/2017 13:59,21740,walleye pollock,137,110,5,NA,3,NA,NA,NA,NA,NA
-17368,162,201702,38,81,81,2017,62.669555,-173.18391,8/18/2017 13:59,21740,walleye pollock,139,490,695,NA,1,NA,NA,NA,NA,NA
-17368,162,201702,38,81,81,2017,62.669555,-173.18391,8/18/2017 13:59,21740,walleye pollock,140,750,1840,NA,1,NA,NA,NA,NA,NA
-17368,162,201702,38,81,81,2017,62.669555,-173.18391,8/18/2017 13:59,21740,walleye pollock,138,520,945,NA,1,NA,NA,NA,NA,NA
-17369,162,201702,39,81,81,2017,62.99291,-174.00057,8/18/2017 17:38,21740,walleye pollock,141,150,20,NA,3,NA,NA,NA,NA,NA
-17369,162,201702,39,81,81,2017,62.99291,-174.00057,8/18/2017 17:38,21740,walleye pollock,142,470,650,NA,2,NA,NA,NA,NA,NA
-17369,162,201702,39,81,81,2017,62.99291,-174.00057,8/18/2017 17:38,21740,walleye pollock,143,490,710,NA,2,NA,NA,NA,NA,NA
-17369,162,201702,39,81,81,2017,62.99291,-174.00057,8/18/2017 17:38,21740,walleye pollock,144,450,710,NA,1,NA,NA,NA,NA,NA
-17378,162,201702,40,81,81,2017,63.336025,-173.41213,8/19/2017 8:29,21740,walleye pollock,145,120,15,NA,3,NA,NA,NA,NA,NA
-17378,162,201702,40,81,81,2017,63.336025,-173.41213,8/19/2017 8:29,21740,walleye pollock,146,650,1555,NA,2,NA,NA,NA,NA,NA
-17378,162,201702,40,81,81,2017,63.336025,-173.41213,8/19/2017 8:29,21740,walleye pollock,147,440,525,NA,1,NA,NA,NA,NA,NA
-17378,162,201702,40,81,81,2017,63.336025,-173.41213,8/19/2017 8:29,21740,walleye pollock,148,510,805,NA,1,NA,NA,NA,NA,NA
-17379,162,201702,41,81,81,2017,62.995355,-173.23229,8/19/2017 11:11,21740,walleye pollock,149,120,10,NA,3,NA,NA,NA,NA,NA
-17379,162,201702,41,81,81,2017,62.995355,-173.23229,8/19/2017 11:11,21740,walleye pollock,150,600,1160,NA,2,NA,NA,NA,NA,NA
-17379,162,201702,41,81,81,2017,62.995355,-173.23229,8/19/2017 11:11,21740,walleye pollock,151,480,715,NA,1,NA,NA,NA,NA,NA
-17379,162,201702,41,81,81,2017,62.995355,-173.23229,8/19/2017 11:11,21740,walleye pollock,152,480,710,NA,1,NA,NA,NA,NA,NA
-17381,162,201702,43,81,81,2017,63.00844,-172.60711,8/19/2017 14:25,21740,walleye pollock,153,130,20,NA,3,NA,NA,NA,NA,NA
-17381,162,201702,43,81,81,2017,63.00844,-172.60711,8/19/2017 14:25,21740,walleye pollock,154,460,595,NA,1,NA,NA,NA,NA,NA
-17381,162,201702,43,81,81,2017,63.00844,-172.60711,8/19/2017 14:25,21740,walleye pollock,155,480,615,NA,1,NA,NA,NA,NA,NA
-17381,162,201702,43,81,81,2017,63.00844,-172.60711,8/19/2017 14:25,21740,walleye pollock,156,660,1465,NA,2,NA,NA,NA,NA,NA
-17382,162,201702,44,81,81,2017,63.325285,-172.691365,8/19/2017 16:58,21740,walleye pollock,157,120,5,NA,3,NA,NA,NA,NA,NA
-17382,162,201702,44,81,81,2017,63.325285,-172.691365,8/19/2017 16:58,21740,walleye pollock,158,520,680,NA,2,NA,NA,NA,NA,NA
-17382,162,201702,44,81,81,2017,63.325285,-172.691365,8/19/2017 16:58,21740,walleye pollock,159,500,825,NA,2,NA,NA,NA,NA,NA
-17382,162,201702,44,81,81,2017,63.325285,-172.691365,8/19/2017 16:58,21740,walleye pollock,160,400,485,NA,2,NA,NA,NA,NA,NA
-17383,162,201702,45,81,81,2017,63.66968,-172.73402,8/19/2017 19:41,21740,walleye pollock,161,130,15,NA,3,NA,NA,NA,NA,NA
-17383,162,201702,45,81,81,2017,63.66968,-172.73402,8/19/2017 19:41,21740,walleye pollock,162,540,1040,NA,2,NA,NA,NA,NA,NA
-17383,162,201702,45,81,81,2017,63.66968,-172.73402,8/19/2017 19:41,21740,walleye pollock,163,510,760,NA,2,NA,NA,NA,NA,NA
-17383,162,201702,45,81,81,2017,63.66968,-172.73402,8/19/2017 19:41,21740,walleye pollock,164,500,790,NA,2,NA,NA,NA,NA,NA
-17384,162,201702,46,70,70,2017,63.69665,-172.10453,8/20/2017 8:23,21740,walleye pollock,165,560,1060,NA,2,NA,NA,NA,NA,NA
-17384,162,201702,46,70,70,2017,63.69665,-172.10453,8/20/2017 8:23,21740,walleye pollock,166,510,840,NA,2,NA,NA,NA,NA,NA
-17384,162,201702,46,70,70,2017,63.69665,-172.10453,8/20/2017 8:23,21740,walleye pollock,167,500,765,NA,1,NA,NA,NA,NA,NA
-17385,162,201702,47,71,71,2017,63.999185,-172.02633,8/20/2017 11:41,21740,walleye pollock,168,500,760,NA,1,NA,NA,NA,NA,NA
-17385,162,201702,47,71,71,2017,63.999185,-172.02633,8/20/2017 11:41,21740,walleye pollock,169,500,810,NA,1,NA,NA,NA,NA,NA
-17385,162,201702,47,71,71,2017,63.999185,-172.02633,8/20/2017 11:41,21740,walleye pollock,170,480,755,NA,2,NA,NA,NA,NA,NA
-17386,162,201702,48,71,71,2017,64.04452,-171.358395,8/20/2017 18:10,21740,walleye pollock,171,520,920,NA,1,NA,NA,NA,NA,NA
-17386,162,201702,48,71,71,2017,64.04452,-171.358395,8/20/2017 18:10,21740,walleye pollock,172,510,1065,NA,2,NA,NA,NA,NA,NA
-17386,162,201702,48,71,71,2017,64.04452,-171.358395,8/20/2017 18:10,21740,walleye pollock,173,480,710,NA,2,NA,NA,NA,NA,NA
-17396,162,201702,53,71,71,2017,64.61832,-170.687745,8/22/2017 8:35,21740,walleye pollock,187,60,5,NA,3,NA,NA,NA,NA,NA
-17396,162,201702,53,71,71,2017,64.61832,-170.687745,8/22/2017 8:35,21740,walleye pollock,188,480,810,NA,1,NA,NA,NA,NA,NA
-17396,162,201702,53,71,71,2017,64.61832,-170.687745,8/22/2017 8:35,21740,walleye pollock,189,510,825,NA,2,NA,NA,NA,NA,NA
-17396,162,201702,53,71,71,2017,64.61832,-170.687745,8/22/2017 8:35,21740,walleye pollock,190,530,840,NA,2,NA,NA,NA,NA,NA
-17397,162,201702,54,71,71,2017,64.65624,-169.90891,8/22/2017 11:29,21740,walleye pollock,191,140,20,NA,3,NA,NA,NA,NA,NA
-17397,162,201702,54,71,71,2017,64.65624,-169.90891,8/22/2017 11:29,21740,walleye pollock,192,500,850,NA,1,NA,NA,NA,NA,NA
-17397,162,201702,54,71,71,2017,64.65624,-169.90891,8/22/2017 11:29,21740,walleye pollock,193,620,1725,NA,1,NA,NA,NA,NA,NA
-17397,162,201702,54,71,71,2017,64.65624,-169.90891,8/22/2017 11:29,21740,walleye pollock,194,220,75,NA,2,NA,NA,NA,NA,NA
-17398,162,201702,55,71,71,2017,65.00784,-169.911015,8/22/2017 14:54,21740,walleye pollock,195,170,35,NA,3,NA,NA,NA,NA,NA
-17398,162,201702,55,71,71,2017,65.00784,-169.911015,8/22/2017 14:54,21740,walleye pollock,196,610,1425,NA,2,NA,NA,NA,NA,NA
-17398,162,201702,55,71,71,2017,65.00784,-169.911015,8/22/2017 14:54,21740,walleye pollock,197,530,925,NA,2,NA,NA,NA,NA,NA
-17398,162,201702,55,71,71,2017,65.00784,-169.911015,8/22/2017 14:54,21740,walleye pollock,198,540,1010,NA,2,NA,NA,NA,NA,NA
-17400,162,201702,57,71,71,2017,65.21764,-168.89474,8/22/2017 20:48,21740,walleye pollock,203,150,25,NA,3,NA,NA,NA,NA,NA
-17400,162,201702,57,71,71,2017,65.21764,-168.89474,8/22/2017 20:48,21740,walleye pollock,204,550,995,NA,2,NA,NA,NA,NA,NA
-17400,162,201702,57,71,71,2017,65.21764,-168.89474,8/22/2017 20:48,21740,walleye pollock,205,530,910,NA,2,NA,NA,NA,NA,NA
-17400,162,201702,57,71,71,2017,65.21764,-168.89474,8/22/2017 20:48,21740,walleye pollock,206,610,1445,NA,2,NA,NA,NA,NA,NA
-17409,162,201702,59,71,71,2017,64.70436,-167.60711,8/25/2017 8:17,21740,walleye pollock,211,590,1480,NA,1,NA,NA,NA,NA,NA
-17409,162,201702,59,71,71,2017,64.70436,-167.60711,8/25/2017 8:17,21740,walleye pollock,212,550,1165,NA,2,NA,NA,NA,NA,NA
-17409,162,201702,59,71,71,2017,64.70436,-167.60711,8/25/2017 8:17,21740,walleye pollock,213,530,1045,NA,2,NA,NA,NA,NA,NA
-17409,162,201702,59,71,71,2017,64.70436,-167.60711,8/25/2017 8:17,21740,walleye pollock,214,170,70,NA,2,NA,NA,NA,NA,NA
-17410,162,201702,60,71,71,2017,64.97021,-167.600485,8/25/2017 12:19,21740,walleye pollock,215,570,1120,NA,1,NA,NA,NA,NA,NA
-17410,162,201702,60,71,71,2017,64.97021,-167.600485,8/25/2017 12:19,21740,walleye pollock,216,710,2930,NA,2,NA,NA,NA,NA,NA
-17410,162,201702,60,71,71,2017,64.97021,-167.600485,8/25/2017 12:19,21740,walleye pollock,217,630,1935,NA,2,NA,NA,NA,NA,NA
-17410,162,201702,60,71,71,2017,64.97021,-167.600485,8/25/2017 12:19,21740,walleye pollock,218,60,2,NA,2,NA,NA,NA,NA,NA
-17411,162,201702,61,71,71,2017,65.256975,-167.869315,8/25/2017 16:40,21740,walleye pollock,219,540,1010,NA,2,NA,NA,NA,NA,NA
-17411,162,201702,61,71,71,2017,65.256975,-167.869315,8/25/2017 16:40,21740,walleye pollock,220,510,870,NA,2,NA,NA,NA,NA,NA
-17411,162,201702,61,71,71,2017,65.256975,-167.869315,8/25/2017 16:40,21740,walleye pollock,221,550,1180,NA,1,NA,NA,NA,NA,NA
-17412,162,201702,62,71,71,2017,65.32591,-168.369805,8/25/2017 19:59,21740,walleye pollock,222,510,905,NA,2,NA,NA,NA,NA,NA
-17412,162,201702,62,71,71,2017,65.32591,-168.369805,8/25/2017 19:59,21740,walleye pollock,223,600,1605,NA,2,NA,NA,NA,NA,NA
-17412,162,201702,62,71,71,2017,65.32591,-168.369805,8/25/2017 19:59,21740,walleye pollock,224,540,955,NA,1,NA,NA,NA,NA,NA
-17413,162,201702,63,71,71,2017,65.00093,-168.344985,8/26/2017 8:30,21740,walleye pollock,225,490,920,NA,1,NA,NA,NA,NA,NA
-17413,162,201702,63,71,71,2017,65.00093,-168.344985,8/26/2017 8:30,21740,walleye pollock,226,490,900,NA,1,NA,NA,NA,NA,NA
-17413,162,201702,63,71,71,2017,65.00093,-168.344985,8/26/2017 8:30,21740,walleye pollock,227,530,895,NA,2,NA,NA,NA,NA,NA
-17414,162,201702,64,71,71,2017,64.651255,-169.162115,8/26/2017 12:29,21740,walleye pollock,228,480,830,NA,2,NA,NA,NA,NA,NA
-17414,162,201702,64,71,71,2017,64.651255,-169.162115,8/26/2017 12:29,21740,walleye pollock,229,540,1180,NA,2,NA,NA,NA,NA,NA
-17414,162,201702,64,71,71,2017,64.651255,-169.162115,8/26/2017 12:29,21740,walleye pollock,230,510,1070,NA,1,NA,NA,NA,NA,NA
-17415,162,201702,65,71,71,2017,64.65996,-168.35471,8/26/2017 15:43,21740,walleye pollock,231,130,15,NA,3,NA,NA,NA,NA,NA
-17415,162,201702,65,71,71,2017,64.65996,-168.35471,8/26/2017 15:43,21740,walleye pollock,232,590,1210,NA,2,NA,NA,NA,NA,NA
-17415,162,201702,65,71,71,2017,64.65996,-168.35471,8/26/2017 15:43,21740,walleye pollock,233,500,795,NA,1,NA,NA,NA,NA,NA
-17415,162,201702,65,71,71,2017,64.65996,-168.35471,8/26/2017 15:43,21740,walleye pollock,234,440,550,NA,1,NA,NA,NA,NA,NA
-17416,162,201702,66,71,71,2017,64.32915,-168.33552,8/26/2017 18:28,21740,walleye pollock,235,180,70,NA,2,NA,NA,NA,NA,NA
-17416,162,201702,66,71,71,2017,64.32915,-168.33552,8/26/2017 18:28,21740,walleye pollock,236,540,1030,NA,2,NA,NA,NA,NA,NA
-17416,162,201702,66,71,71,2017,64.32915,-168.33552,8/26/2017 18:28,21740,walleye pollock,237,600,1575,NA,2,NA,NA,NA,NA,NA
-17416,162,201702,66,71,71,2017,64.32915,-168.33552,8/26/2017 18:28,21740,walleye pollock,238,480,685,NA,3,NA,NA,NA,NA,NA
-17421,162,201702,67,71,71,2017,64.29345,-169.138915,8/27/2017 8:27,21740,walleye pollock,239,160,30,NA,3,NA,NA,NA,NA,NA
-17421,162,201702,67,71,71,2017,64.29345,-169.138915,8/27/2017 8:27,21740,walleye pollock,240,520,930,NA,2,NA,NA,NA,NA,NA
-17421,162,201702,67,71,71,2017,64.29345,-169.138915,8/27/2017 8:27,21740,walleye pollock,241,620,1815,NA,2,NA,NA,NA,NA,NA
-17421,162,201702,67,71,71,2017,64.29345,-169.138915,8/27/2017 8:27,21740,walleye pollock,242,520,995,NA,1,NA,NA,NA,NA,NA
-17422,162,201702,68,71,71,2017,64.0077,-169.05261,8/27/2017 11:11,21740,walleye pollock,243,160,35,NA,3,NA,NA,NA,NA,NA
-17422,162,201702,68,71,71,2017,64.0077,-169.05261,8/27/2017 11:11,21740,walleye pollock,244,510,840,NA,2,NA,NA,NA,NA,NA
-17422,162,201702,68,71,71,2017,64.0077,-169.05261,8/27/2017 11:11,21740,walleye pollock,245,470,620,NA,2,NA,NA,NA,NA,NA
-17422,162,201702,68,71,71,2017,64.0077,-169.05261,8/27/2017 11:11,21740,walleye pollock,246,490,690,NA,1,NA,NA,NA,NA,NA
-17423,162,201702,69,71,71,2017,63.99308,-169.79379,8/27/2017 14:12,21740,walleye pollock,247,560,1050,NA,2,NA,NA,NA,NA,NA
-17423,162,201702,69,71,71,2017,63.99308,-169.79379,8/27/2017 14:12,21740,walleye pollock,248,530,985,NA,2,NA,NA,NA,NA,NA
-17423,162,201702,69,71,71,2017,63.99308,-169.79379,8/27/2017 14:12,21740,walleye pollock,249,530,1055,NA,2,NA,NA,NA,NA,NA
-17424,162,201702,70,71,71,2017,63.66607,-169.75383,8/27/2017 16:56,21740,walleye pollock,251,180,50,NA,2,NA,NA,NA,NA,NA
-17424,162,201702,70,71,71,2017,63.66607,-169.75383,8/27/2017 16:56,21740,walleye pollock,250,580,1375,NA,2,NA,NA,NA,NA,NA
-17424,162,201702,70,71,71,2017,63.66607,-169.75383,8/27/2017 16:56,21740,walleye pollock,252,570,1065,NA,2,NA,NA,NA,NA,NA
-17424,162,201702,70,71,71,2017,63.66607,-169.75383,8/27/2017 16:56,21740,walleye pollock,253,520,1070,NA,1,NA,NA,NA,NA,NA
-17425,162,201702,71,71,71,2017,63.670105,-169.01404,8/27/2017 19:51,21740,walleye pollock,254,470,780,NA,2,NA,NA,NA,NA,NA
-17425,162,201702,71,71,71,2017,63.670105,-169.01404,8/27/2017 19:51,21740,walleye pollock,255,560,1205,NA,2,NA,NA,NA,NA,NA
-17425,162,201702,71,71,71,2017,63.670105,-169.01404,8/27/2017 19:51,21740,walleye pollock,256,560,1250,NA,1,NA,NA,NA,NA,NA
-17425,162,201702,71,71,71,2017,63.670105,-169.01404,8/27/2017 19:51,21740,walleye pollock,257,200,65,NA,2,NA,NA,NA,NA,NA
-17427,162,201702,72,71,71,2017,64.006705,-168.29421,8/28/2017 8:28,21740,walleye pollock,258,150,25,NA,2,NA,NA,NA,NA,NA
-17427,162,201702,72,71,71,2017,64.006705,-168.29421,8/28/2017 8:28,21740,walleye pollock,259,520,955,NA,2,NA,NA,NA,NA,NA
-17427,162,201702,72,71,71,2017,64.006705,-168.29421,8/28/2017 8:28,21740,walleye pollock,260,510,980,NA,1,NA,NA,NA,NA,NA
-17427,162,201702,72,71,71,2017,64.006705,-168.29421,8/28/2017 8:28,21740,walleye pollock,261,580,1135,NA,1,NA,NA,NA,NA,NA
-17428,162,201702,73,71,71,2017,64.02824,-167.56579,8/28/2017 11:28,21740,walleye pollock,262,190,50,NA,2,NA,NA,NA,NA,NA
-17428,162,201702,73,71,71,2017,64.02824,-167.56579,8/28/2017 11:28,21740,walleye pollock,263,530,1070,NA,1,NA,NA,NA,NA,NA
-17428,162,201702,73,71,71,2017,64.02824,-167.56579,8/28/2017 11:28,21740,walleye pollock,264,630,1530,NA,1,NA,NA,NA,NA,NA
-17428,162,201702,73,71,71,2017,64.02824,-167.56579,8/28/2017 11:28,21740,walleye pollock,265,510,730,NA,1,NA,NA,NA,NA,NA
-17429,162,201702,74,71,71,2017,63.66578,-167.52785,8/28/2017 14:20,21740,walleye pollock,269,150,20,NA,2,NA,NA,NA,NA,NA
-17429,162,201702,74,71,71,2017,63.66578,-167.52785,8/28/2017 14:20,21740,walleye pollock,266,570,1340,NA,1,NA,NA,NA,NA,NA
-17429,162,201702,74,71,71,2017,63.66578,-167.52785,8/28/2017 14:20,21740,walleye pollock,267,640,1830,NA,2,NA,NA,NA,NA,NA
-17429,162,201702,74,71,71,2017,63.66578,-167.52785,8/28/2017 14:20,21740,walleye pollock,268,480,760,NA,2,NA,NA,NA,NA,NA
-17430,162,201702,75,71,71,2017,63.66954,-168.278,8/28/2017 17:23,21740,walleye pollock,270,150,20,NA,1,NA,NA,NA,NA,NA
-17430,162,201702,75,71,71,2017,63.66954,-168.278,8/28/2017 17:23,21740,walleye pollock,271,590,1470,NA,2,NA,NA,NA,NA,NA
-17430,162,201702,75,71,71,2017,63.66954,-168.278,8/28/2017 17:23,21740,walleye pollock,272,490,720,NA,1,NA,NA,NA,NA,NA
-17430,162,201702,75,71,71,2017,63.66954,-168.278,8/28/2017 17:23,21740,walleye pollock,273,490,725,NA,1,NA,NA,NA,NA,NA
-17431,162,201702,76,70,70,2017,63.00573,-168.223015,8/29/2017 8:41,21740,walleye pollock,274,140,10,NA,1,NA,NA,NA,NA,NA
-17431,162,201702,76,70,70,2017,63.00573,-168.223015,8/29/2017 8:41,21740,walleye pollock,275,500,825,NA,1,NA,NA,NA,NA,NA
-17431,162,201702,76,70,70,2017,63.00573,-168.223015,8/29/2017 8:41,21740,walleye pollock,276,560,1020,NA,1,NA,NA,NA,NA,NA
-17431,162,201702,76,70,70,2017,63.00573,-168.223015,8/29/2017 8:41,21740,walleye pollock,277,540,1095,NA,1,NA,NA,NA,NA,NA
-17432,162,201702,77,71,71,2017,63.324905,-168.243555,8/29/2017 12:13,21740,walleye pollock,278,170,20,NA,1,NA,NA,NA,NA,NA
-17432,162,201702,77,71,71,2017,63.324905,-168.243555,8/29/2017 12:13,21740,walleye pollock,279,520,855,NA,2,NA,NA,NA,NA,NA
-17432,162,201702,77,71,71,2017,63.324905,-168.243555,8/29/2017 12:13,21740,walleye pollock,280,510,885,NA,2,NA,NA,NA,NA,NA
-17432,162,201702,77,71,71,2017,63.324905,-168.243555,8/29/2017 12:13,21740,walleye pollock,281,570,1330,NA,1,NA,NA,NA,NA,NA
-17433,162,201702,78,71,71,2017,63.330605,-167.508015,8/29/2017 15:39,21740,walleye pollock,282,130,15,NA,3,NA,NA,NA,NA,NA
-17433,162,201702,78,71,71,2017,63.330605,-167.508015,8/29/2017 15:39,21740,walleye pollock,283,510,730,NA,2,NA,NA,NA,NA,NA
-17433,162,201702,78,71,71,2017,63.330605,-167.508015,8/29/2017 15:39,21740,walleye pollock,284,490,780,NA,1,NA,NA,NA,NA,NA
-17433,162,201702,78,71,71,2017,63.330605,-167.508015,8/29/2017 15:39,21740,walleye pollock,285,510,755,NA,1,NA,NA,NA,NA,NA
-17434,162,201702,79,70,70,2017,62.999245,-167.48401,8/29/2017 18:21,21740,walleye pollock,286,130,15,NA,3,NA,NA,NA,NA,NA
-17434,162,201702,79,70,70,2017,62.999245,-167.48401,8/29/2017 18:21,21740,walleye pollock,287,680,1855,NA,1,NA,NA,NA,NA,NA
-17434,162,201702,79,70,70,2017,62.999245,-167.48401,8/29/2017 18:21,21740,walleye pollock,288,520,945,NA,1,NA,NA,NA,NA,NA
-17434,162,201702,79,70,70,2017,62.999245,-167.48401,8/29/2017 18:21,21740,walleye pollock,289,460,665,NA,1,NA,NA,NA,NA,NA
-17435,162,201702,80,70,70,2017,62.658195,-168.186235,8/31/2017 8:37,21740,walleye pollock,294,470,615,NA,2,NA,NA,NA,NA,NA
-17435,162,201702,80,70,70,2017,62.658195,-168.186235,8/31/2017 8:37,21740,walleye pollock,290,140,15,NA,3,NA,NA,NA,NA,NA
-17435,162,201702,80,70,70,2017,62.658195,-168.186235,8/31/2017 8:37,21740,walleye pollock,291,550,1060,NA,1,NA,NA,NA,NA,NA
-17435,162,201702,80,70,70,2017,62.658195,-168.186235,8/31/2017 8:37,21740,walleye pollock,292,150,25,NA,2,NA,NA,NA,NA,NA
-17435,162,201702,80,70,70,2017,62.658195,-168.186235,8/31/2017 8:37,21740,walleye pollock,293,470,645,NA,2,NA,NA,NA,NA,NA
-17436,162,201702,81,70,70,2017,62.333685,-168.15468,8/31/2017 11:47,21740,walleye pollock,295,520,745,NA,1,NA,NA,NA,NA,NA
-17436,162,201702,81,70,70,2017,62.333685,-168.15468,8/31/2017 11:47,21740,walleye pollock,296,140,10,NA,3,NA,NA,NA,NA,NA
-17436,162,201702,81,70,70,2017,62.333685,-168.15468,8/31/2017 11:47,21740,walleye pollock,297,600,1280,NA,2,NA,NA,NA,NA,NA
-17436,162,201702,81,70,70,2017,62.333685,-168.15468,8/31/2017 11:47,21740,walleye pollock,298,530,745,NA,2,NA,NA,NA,NA,NA
-17437,162,201702,82,70,70,2017,62.66205,-167.4697,8/31/2017 16:14,21740,walleye pollock,299,140,10,NA,3,NA,NA,NA,NA,NA
-17437,162,201702,82,70,70,2017,62.66205,-167.4697,8/31/2017 16:14,21740,walleye pollock,300,540,1010,NA,1,NA,NA,NA,NA,NA
-17437,162,201702,82,70,70,2017,62.66205,-167.4697,8/31/2017 16:14,21740,walleye pollock,301,530,760,NA,1,NA,NA,NA,NA,NA
-17437,162,201702,82,70,70,2017,62.66205,-167.4697,8/31/2017 16:14,21740,walleye pollock,302,520,870,NA,2,NA,NA,NA,NA,NA
-17437,162,201702,82,70,70,2017,62.66205,-167.4697,8/31/2017 16:14,21740,walleye pollock,303,580,1130,NA,2,NA,NA,NA,NA,NA
-17438,162,201702,83,70,70,2017,62.338825,-167.437215,8/31/2017 18:52,21740,walleye pollock,304,530,965,NA,2,NA,NA,NA,NA,NA
-17438,162,201702,83,70,70,2017,62.338825,-167.437215,8/31/2017 18:52,21740,walleye pollock,305,160,20,NA,3,NA,NA,NA,NA,NA
-17438,162,201702,83,70,70,2017,62.338825,-167.437215,8/31/2017 18:52,21740,walleye pollock,306,490,645,NA,1,NA,NA,NA,NA,NA
-17438,162,201702,83,70,70,2017,62.338825,-167.437215,8/31/2017 18:52,21740,walleye pollock,307,450,600,NA,1,NA,NA,NA,NA,NA
-17439,162,201702,88,70,70,2017,61.005615,-168.035185,9/2/2017 9:10,21740,walleye pollock,323,500,725,NA,1,NA,NA,NA,NA,NA
-17439,162,201702,88,70,70,2017,61.005615,-168.035185,9/2/2017 9:10,21740,walleye pollock,324,540,835,NA,1,NA,NA,NA,NA,NA
-17439,162,201702,88,70,70,2017,61.005615,-168.035185,9/2/2017 9:10,21740,walleye pollock,325,530,895,NA,2,NA,NA,NA,NA,NA
-17439,162,201702,88,70,70,2017,61.005615,-168.035185,9/2/2017 9:10,21740,walleye pollock,326,160,25,NA,2,NA,NA,NA,NA,NA
-17440,162,201702,89,70,70,2017,60.672095,-168.01654,9/2/2017 12:05,21740,walleye pollock,327,180,35,NA,2,NA,NA,NA,NA,NA
-17440,162,201702,89,70,70,2017,60.672095,-168.01654,9/2/2017 12:05,21740,walleye pollock,328,550,885,NA,2,NA,NA,NA,NA,NA
-17440,162,201702,89,70,70,2017,60.672095,-168.01654,9/2/2017 12:05,21740,walleye pollock,329,480,685,NA,2,NA,NA,NA,NA,NA
-17440,162,201702,89,70,70,2017,60.672095,-168.01654,9/2/2017 12:05,21740,walleye pollock,330,490,630,NA,1,NA,NA,NA,NA,NA
-17441,162,201702,84,70,70,2017,62.000165,-167.442495,9/1/2017 8:40,21740,walleye pollock,308,490,705,NA,2,NA,NA,NA,NA,NA
-17441,162,201702,84,70,70,2017,62.000165,-167.442495,9/1/2017 8:40,21740,walleye pollock,309,510,630,NA,2,NA,NA,NA,NA,NA
-17441,162,201702,84,70,70,2017,62.000165,-167.442495,9/1/2017 8:40,21740,walleye pollock,310,460,655,NA,1,NA,NA,NA,NA,NA
-17442,162,201702,85,70,70,2017,62.001255,-168.125995,9/1/2017 11:28,21740,walleye pollock,311,140,20,NA,2,NA,NA,NA,NA,NA
-17442,162,201702,85,70,70,2017,62.001255,-168.125995,9/1/2017 11:28,21740,walleye pollock,312,530,900,NA,2,NA,NA,NA,NA,NA
-17442,162,201702,85,70,70,2017,62.001255,-168.125995,9/1/2017 11:28,21740,walleye pollock,313,540,865,NA,1,NA,NA,NA,NA,NA
-17442,162,201702,85,70,70,2017,62.001255,-168.125995,9/1/2017 11:28,21740,walleye pollock,314,510,810,NA,1,NA,NA,NA,NA,NA
-17443,162,201702,86,70,70,2017,61.667955,-168.0963,9/1/2017 14:13,21740,walleye pollock,315,510,750,NA,1,NA,NA,NA,NA,NA
-17443,162,201702,86,70,70,2017,61.667955,-168.0963,9/1/2017 14:13,21740,walleye pollock,316,530,930,NA,1,NA,NA,NA,NA,NA
-17443,162,201702,86,70,70,2017,61.667955,-168.0963,9/1/2017 14:13,21740,walleye pollock,317,550,920,NA,2,NA,NA,NA,NA,NA
-17443,162,201702,86,70,70,2017,61.667955,-168.0963,9/1/2017 14:13,21740,walleye pollock,318,150,20,NA,2,NA,NA,NA,NA,NA
-17444,162,201702,87,70,70,2017,61.339715,-168.066195,9/1/2017 16:59,21740,walleye pollock,319,190,55,NA,2,NA,NA,NA,NA,NA
-17444,162,201702,87,70,70,2017,61.339715,-168.066195,9/1/2017 16:59,21740,walleye pollock,320,480,525,NA,2,NA,NA,NA,NA,NA
-17444,162,201702,87,70,70,2017,61.339715,-168.066195,9/1/2017 16:59,21740,walleye pollock,321,570,1020,NA,2,NA,NA,NA,NA,NA
-17444,162,201702,87,70,70,2017,61.339715,-168.066195,9/1/2017 16:59,21740,walleye pollock,322,470,550,NA,2,NA,NA,NA,NA,NA
-17453,162,201702,49,71,71,2017,64.30688,-171.27471,8/21/2017 8:27,21740,walleye pollock,174,590,1330,NA,2,NA,NA,NA,NA,NA
-17453,162,201702,49,71,71,2017,64.30688,-171.27471,8/21/2017 8:27,21740,walleye pollock,175,450,715,NA,2,NA,NA,NA,NA,NA
-17453,162,201702,49,71,71,2017,64.30688,-171.27471,8/21/2017 8:27,21740,walleye pollock,176,450,645,NA,1,NA,NA,NA,NA,NA
-17454,162,201702,50,71,71,2017,64.27813,-170.69045,8/21/2017 11:26,21740,walleye pollock,177,490,815,NA,2,NA,NA,NA,NA,NA
-17454,162,201702,50,71,71,2017,64.27813,-170.69045,8/21/2017 11:26,21740,walleye pollock,178,520,915,NA,1,NA,NA,NA,NA,NA
-17454,162,201702,50,71,71,2017,64.27813,-170.69045,8/21/2017 11:26,21740,walleye pollock,179,470,750,NA,1,NA,NA,NA,NA,NA
-17455,162,201702,51,71,71,2017,63.994085,-170.55932,8/21/2017 14:44,21740,walleye pollock,180,460,760,NA,2,NA,NA,NA,NA,NA
-17455,162,201702,51,71,71,2017,63.994085,-170.55932,8/21/2017 14:44,21740,walleye pollock,181,530,1145,NA,2,NA,NA,NA,NA,NA
-17455,162,201702,51,71,71,2017,63.994085,-170.55932,8/21/2017 14:44,21740,walleye pollock,182,510,900,NA,2,NA,NA,NA,NA,NA
-17456,162,201702,52,71,71,2017,64.31149,-169.82966,8/21/2017 20:03,21740,walleye pollock,184,490,885,NA,2,NA,NA,NA,NA,NA
-17456,162,201702,52,71,71,2017,64.31149,-169.82966,8/21/2017 20:03,21740,walleye pollock,185,550,960,NA,2,NA,NA,NA,NA,NA
-17456,162,201702,52,71,71,2017,64.31149,-169.82966,8/21/2017 20:03,21740,walleye pollock,186,510,810,NA,1,NA,NA,NA,NA,NA
-17456,162,201702,52,71,71,2017,64.31149,-169.82966,8/21/2017 20:03,21740,walleye pollock,183,150,20,NA,3,NA,NA,NA,NA,NA
-19496,94,201902,1,81,81,2019,62.00723,-173.080015,7/29/2019 7:20,21740,walleye pollock,1,110,10,NA,3,NA,NA,NA,NA,NA
-19496,94,201902,1,81,81,2019,62.00723,-173.080015,7/29/2019 7:20,21740,walleye pollock,2,450,515,NA,1,NA,NA,NA,NA,NA
-19496,94,201902,1,81,81,2019,62.00723,-173.080015,7/29/2019 7:20,21740,walleye pollock,3,470,665,NA,1,NA,NA,NA,NA,NA
-19496,94,201902,1,81,81,2019,62.00723,-173.080015,7/29/2019 7:20,21740,walleye pollock,4,450,615,NA,1,NA,NA,NA,NA,NA
-19497,94,201902,2,81,81,2019,61.6776,-173.093545,7/29/2019 10:04,21740,walleye pollock,5,490,625,NA,1,NA,NA,NA,NA,NA
-19497,94,201902,2,81,81,2019,61.6776,-173.093545,7/29/2019 10:04,21740,walleye pollock,6,220,40,NA,1,NA,NA,NA,NA,NA
-19497,94,201902,2,81,81,2019,61.6776,-173.093545,7/29/2019 10:04,21740,walleye pollock,7,450,540,NA,2,NA,NA,NA,NA,NA
-19497,94,201902,2,81,81,2019,61.6776,-173.093545,7/29/2019 10:04,21740,walleye pollock,8,480,635,NA,2,NA,NA,NA,NA,NA
-19498,94,201902,3,81,81,2019,61.333085,-172.93076,7/29/2019 12:51,21740,walleye pollock,9,140,20,NA,3,NA,NA,NA,NA,NA
-19498,94,201902,3,81,81,2019,61.333085,-172.93076,7/29/2019 12:51,21740,walleye pollock,10,410,495,NA,1,NA,NA,NA,NA,NA
-19498,94,201902,3,81,81,2019,61.333085,-172.93076,7/29/2019 12:51,21740,walleye pollock,11,400,355,NA,1,NA,NA,NA,NA,NA
-19498,94,201902,3,81,81,2019,61.333085,-172.93076,7/29/2019 12:51,21740,walleye pollock,12,440,545,NA,2,NA,NA,NA,NA,NA
-19499,94,201902,4,81,81,2019,61.34241,-172.285085,7/29/2019 15:38,21740,walleye pollock,13,140,15,NA,3,NA,NA,NA,NA,NA
-19499,94,201902,4,81,81,2019,61.34241,-172.285085,7/29/2019 15:38,21740,walleye pollock,14,440,565,NA,1,NA,NA,NA,NA,NA
-19499,94,201902,4,81,81,2019,61.34241,-172.285085,7/29/2019 15:38,21740,walleye pollock,15,570,1415,NA,2,NA,NA,NA,NA,NA
-19499,94,201902,4,81,81,2019,61.34241,-172.285085,7/29/2019 15:38,21740,walleye pollock,16,500,770,NA,2,NA,NA,NA,NA,NA
-19500,94,201902,5,81,81,2019,61.662905,-172.33209,7/29/2019 18:10,21740,walleye pollock,17,110,15,NA,3,NA,NA,NA,NA,NA
-19500,94,201902,5,81,81,2019,61.662905,-172.33209,7/29/2019 18:10,21740,walleye pollock,18,240,90,NA,1,NA,NA,NA,NA,NA
-19500,94,201902,5,81,81,2019,61.662905,-172.33209,7/29/2019 18:10,21740,walleye pollock,19,460,565,NA,1,NA,NA,NA,NA,NA
-19500,94,201902,5,81,81,2019,61.662905,-172.33209,7/29/2019 18:10,21740,walleye pollock,20,460,635,NA,2,NA,NA,NA,NA,NA
-19501,94,201902,6,81,81,2019,61.679305,-171.556475,7/30/2019 7:21,21740,walleye pollock,21,460,605,NA,1,NA,NA,NA,NA,NA
-19501,94,201902,6,81,81,2019,61.679305,-171.556475,7/30/2019 7:21,21740,walleye pollock,22,480,620,NA,1,NA,NA,NA,NA,NA
-19501,94,201902,6,81,81,2019,61.679305,-171.556475,7/30/2019 7:21,21740,walleye pollock,23,430,495,NA,1,NA,NA,NA,NA,NA
-19502,94,201902,7,81,81,2019,61.342485,-171.48311,7/30/2019 10:02,21740,walleye pollock,24,140,35,NA,3,NA,NA,NA,NA,NA
-19502,94,201902,7,81,81,2019,61.342485,-171.48311,7/30/2019 10:02,21740,walleye pollock,25,460,575,NA,1,NA,NA,NA,NA,NA
-19502,94,201902,7,81,81,2019,61.342485,-171.48311,7/30/2019 10:02,21740,walleye pollock,26,550,985,NA,1,NA,NA,NA,NA,NA
-19502,94,201902,7,81,81,2019,61.342485,-171.48311,7/30/2019 10:02,21740,walleye pollock,27,430,530,NA,2,NA,NA,NA,NA,NA
-19503,94,201902,8,81,81,2019,61.33953,-170.850915,7/30/2019 12:39,21740,walleye pollock,28,460,560,NA,2,NA,NA,NA,NA,NA
-19503,94,201902,8,81,81,2019,61.33953,-170.850915,7/30/2019 12:39,21740,walleye pollock,29,210,65,NA,1,NA,NA,NA,NA,NA
-19503,94,201902,8,81,81,2019,61.33953,-170.850915,7/30/2019 12:39,21740,walleye pollock,30,500,775,NA,1,NA,NA,NA,NA,NA
-19503,94,201902,8,81,81,2019,61.33953,-170.850915,7/30/2019 12:39,21740,walleye pollock,31,450,570,NA,1,NA,NA,NA,NA,NA
-19504,94,201902,9,81,81,2019,61.67408,-170.91697,7/30/2019 15:23,21740,walleye pollock,32,210,60,NA,3,NA,NA,NA,NA,NA
-19504,94,201902,9,81,81,2019,61.67408,-170.91697,7/30/2019 15:23,21740,walleye pollock,33,490,680,NA,1,NA,NA,NA,NA,NA
-19504,94,201902,9,81,81,2019,61.67408,-170.91697,7/30/2019 15:23,21740,walleye pollock,34,470,570,NA,2,NA,NA,NA,NA,NA
-19504,94,201902,9,81,81,2019,61.67408,-170.91697,7/30/2019 15:23,21740,walleye pollock,35,480,605,NA,2,NA,NA,NA,NA,NA
-19750,94,201902,31,71,71,2019,63.334115,-166.038665,8/8/2019 9:40,21740,walleye pollock,36,560,1110,NA,2,NA,NA,NA,NA,NA
-19750,94,201902,31,71,71,2019,63.334115,-166.038665,8/8/2019 9:40,21740,walleye pollock,37,610,1995,NA,2,NA,NA,NA,NA,NA
-19750,94,201902,31,71,71,2019,63.334115,-166.038665,8/8/2019 9:40,21740,walleye pollock,38,560,925,NA,2,NA,NA,NA,NA,NA
-19750,94,201902,31,71,71,2019,63.334115,-166.038665,8/8/2019 9:40,21740,walleye pollock,39,120,10,NA,3,NA,NA,NA,NA,NA
-19752,94,201902,33,71,71,2019,63.336715,-166.76685,8/8/2019 13:12,21740,walleye pollock,40,500,705,NA,2,NA,NA,NA,NA,NA
-19752,94,201902,33,71,71,2019,63.336715,-166.76685,8/8/2019 13:12,21740,walleye pollock,41,570,1055,NA,2,NA,NA,NA,NA,NA
-19752,94,201902,33,71,71,2019,63.336715,-166.76685,8/8/2019 13:12,21740,walleye pollock,42,550,980,NA,2,NA,NA,NA,NA,NA
-19752,94,201902,33,71,71,2019,63.336715,-166.76685,8/8/2019 13:12,21740,walleye pollock,43,130,15,NA,3,NA,NA,NA,NA,NA
-19753,94,201902,34,70,70,2019,63.001125,-166.01628,8/8/2019 16:42,21740,walleye pollock,44,590,1260,NA,1,NA,NA,NA,NA,NA
-19753,94,201902,34,70,70,2019,63.001125,-166.01628,8/8/2019 16:42,21740,walleye pollock,45,500,825,NA,1,NA,NA,NA,NA,NA
-19753,94,201902,34,70,70,2019,63.001125,-166.01628,8/8/2019 16:42,21740,walleye pollock,46,600,1470,NA,2,NA,NA,NA,NA,NA
-19753,94,201902,34,70,70,2019,63.001125,-166.01628,8/8/2019 16:42,21740,walleye pollock,47,130,15,NA,3,NA,NA,NA,NA,NA
-19759,94,201902,35,70,70,2019,63.00628,-166.75543,8/9/2019 7:32,21740,walleye pollock,51,130,15,NA,3,NA,NA,NA,NA,NA
-19759,94,201902,35,70,70,2019,63.00628,-166.75543,8/9/2019 7:32,21740,walleye pollock,48,540,1235,NA,1,NA,NA,NA,NA,NA
-19759,94,201902,35,70,70,2019,63.00628,-166.75543,8/9/2019 7:32,21740,walleye pollock,49,610,1605,NA,2,NA,NA,NA,NA,NA
-19759,94,201902,35,70,70,2019,63.00628,-166.75543,8/9/2019 7:32,21740,walleye pollock,50,470,490,NA,2,NA,NA,NA,NA,NA
-19761,94,201902,37,70,70,2019,62.661525,-166.746715,8/9/2019 10:47,21740,walleye pollock,52,530,1045,NA,1,NA,NA,NA,NA,NA
-19761,94,201902,37,70,70,2019,62.661525,-166.746715,8/9/2019 10:47,21740,walleye pollock,53,630,1615,NA,1,NA,NA,NA,NA,NA
-19761,94,201902,37,70,70,2019,62.661525,-166.746715,8/9/2019 10:47,21740,walleye pollock,54,620,1380,NA,2,NA,NA,NA,NA,NA
-19761,94,201902,37,70,70,2019,62.661525,-166.746715,8/9/2019 10:47,21740,walleye pollock,55,130,15,NA,3,NA,NA,NA,NA,NA
-19762,94,201902,38,70,70,2019,62.340385,-166.73713,8/9/2019 13:21,21740,walleye pollock,56,460,555,NA,1,NA,NA,NA,NA,NA
-19762,94,201902,38,70,70,2019,62.340385,-166.73713,8/9/2019 13:21,21740,walleye pollock,57,640,1330,NA,2,NA,NA,NA,NA,NA
-19762,94,201902,38,70,70,2019,62.340385,-166.73713,8/9/2019 13:21,21740,walleye pollock,58,620,1490,NA,2,NA,NA,NA,NA,NA
-19762,94,201902,38,70,70,2019,62.340385,-166.73713,8/9/2019 13:21,21740,walleye pollock,59,160,30,NA,3,NA,NA,NA,NA,NA
-19764,94,201902,40,70,70,2019,62.00497,-166.69534,8/9/2019 16:57,21740,walleye pollock,60,460,510,NA,1,NA,NA,NA,NA,NA
-19764,94,201902,40,70,70,2019,62.00497,-166.69534,8/9/2019 16:57,21740,walleye pollock,61,140,10,NA,3,NA,NA,NA,NA,NA
-19774,94,201902,43,70,70,2019,62.669555,-167.449085,8/10/2019 12:51,21740,walleye pollock,70,590,1370,NA,2,NA,NA,NA,NA,NA
-19774,94,201902,43,70,70,2019,62.669555,-167.449085,8/10/2019 12:51,21740,walleye pollock,71,130,15,NA,3,NA,NA,NA,NA,NA
-19774,94,201902,43,70,70,2019,62.669555,-167.449085,8/10/2019 12:51,21740,walleye pollock,72,230,90,NA,1,NA,NA,NA,NA,NA
-19774,94,201902,43,70,70,2019,62.669555,-167.449085,8/10/2019 12:51,21740,walleye pollock,73,350,325,NA,1,NA,NA,NA,NA,NA
-19772,94,201902,41,70,70,2019,61.99045,-167.4153,8/10/2019 7:38,21740,walleye pollock,62,130,15,NA,3,NA,NA,NA,NA,NA
-19772,94,201902,41,70,70,2019,61.99045,-167.4153,8/10/2019 7:38,21740,walleye pollock,63,510,895,NA,1,NA,NA,NA,NA,NA
-19772,94,201902,41,70,70,2019,61.99045,-167.4153,8/10/2019 7:38,21740,walleye pollock,64,470,660,NA,2,NA,NA,NA,NA,NA
-19772,94,201902,41,70,70,2019,61.99045,-167.4153,8/10/2019 7:38,21740,walleye pollock,65,590,1380,NA,2,NA,NA,NA,NA,NA
-19773,94,201902,42,70,70,2019,62.33572,-167.438125,8/10/2019 10:19,21740,walleye pollock,66,510,745,NA,2,NA,NA,NA,NA,NA
-19773,94,201902,42,70,70,2019,62.33572,-167.438125,8/10/2019 10:19,21740,walleye pollock,67,570,1115,NA,2,NA,NA,NA,NA,NA
-19773,94,201902,42,70,70,2019,62.33572,-167.438125,8/10/2019 10:19,21740,walleye pollock,68,520,795,NA,2,NA,NA,NA,NA,NA
-19773,94,201902,42,70,70,2019,62.33572,-167.438125,8/10/2019 10:19,21740,walleye pollock,69,140,20,NA,3,NA,NA,NA,NA,NA
-19775,94,201902,44,70,70,2019,62.998815,-167.488725,8/10/2019 15:21,21740,walleye pollock,74,480,660,NA,1,NA,NA,NA,NA,NA
-19775,94,201902,44,70,70,2019,62.998815,-167.488725,8/10/2019 15:21,21740,walleye pollock,75,480,710,NA,1,NA,NA,NA,NA,NA
-19775,94,201902,44,70,70,2019,62.998815,-167.488725,8/10/2019 15:21,21740,walleye pollock,76,310,200,NA,2,NA,NA,NA,NA,NA
-19775,94,201902,44,70,70,2019,62.998815,-167.488725,8/10/2019 15:21,21740,walleye pollock,77,160,30,NA,2,NA,NA,NA,NA,NA
-19776,94,201902,45,71,71,2019,63.341035,-167.513515,8/10/2019 17:49,21740,walleye pollock,78,510,865,NA,1,NA,NA,NA,NA,NA
-19776,94,201902,45,71,71,2019,63.341035,-167.513515,8/10/2019 17:49,21740,walleye pollock,79,210,70,NA,1,NA,NA,NA,NA,NA
-19776,94,201902,45,71,71,2019,63.341035,-167.513515,8/10/2019 17:49,21740,walleye pollock,80,480,595,NA,2,NA,NA,NA,NA,NA
-19776,94,201902,45,71,71,2019,63.341035,-167.513515,8/10/2019 17:49,21740,walleye pollock,81,130,15,NA,3,NA,NA,NA,NA,NA
-19781,94,201902,47,71,71,2019,63.99847,-166.81108,8/11/2019 8:22,21740,walleye pollock,82,550,1045,NA,1,NA,NA,NA,NA,NA
-19781,94,201902,47,71,71,2019,63.99847,-166.81108,8/11/2019 8:22,21740,walleye pollock,83,590,1680,NA,2,NA,NA,NA,NA,NA
-19781,94,201902,47,71,71,2019,63.99847,-166.81108,8/11/2019 8:22,21740,walleye pollock,84,580,1435,NA,2,NA,NA,NA,NA,NA
-19781,94,201902,47,71,71,2019,63.99847,-166.81108,8/11/2019 8:22,21740,walleye pollock,85,140,20,NA,3,NA,NA,NA,NA,NA
-19782,94,201902,48,71,71,2019,63.66541,-166.78842,8/11/2019 10:55,21740,walleye pollock,86,500,810,NA,1,NA,NA,NA,NA,NA
-19782,94,201902,48,71,71,2019,63.66541,-166.78842,8/11/2019 10:55,21740,walleye pollock,87,520,925,NA,1,NA,NA,NA,NA,NA
-19782,94,201902,48,71,71,2019,63.66541,-166.78842,8/11/2019 10:55,21740,walleye pollock,88,470,685,NA,2,NA,NA,NA,NA,NA
-19782,94,201902,48,71,71,2019,63.66541,-166.78842,8/11/2019 10:55,21740,walleye pollock,89,160,25,NA,3,NA,NA,NA,NA,NA
-19783,94,201902,49,71,71,2019,63.673455,-166.063625,8/11/2019 13:41,21740,walleye pollock,90,490,520,NA,1,NA,NA,NA,NA,NA
-19783,94,201902,49,71,71,2019,63.673455,-166.063625,8/11/2019 13:41,21740,walleye pollock,91,560,1060,NA,1,NA,NA,NA,NA,NA
-19783,94,201902,49,71,71,2019,63.673455,-166.063625,8/11/2019 13:41,21740,walleye pollock,92,520,695,NA,2,NA,NA,NA,NA,NA
-19783,94,201902,49,71,71,2019,63.673455,-166.063625,8/11/2019 13:41,21740,walleye pollock,93,120,10,NA,3,NA,NA,NA,NA,NA
-19792,94,201902,51,71,71,2019,63.674145,-167.51265,8/13/2019 7:36,21740,walleye pollock,94,590,1415,NA,1,NA,NA,NA,NA,NA
-19792,94,201902,51,71,71,2019,63.674145,-167.51265,8/13/2019 7:36,21740,walleye pollock,95,500,805,NA,1,NA,NA,NA,NA,NA
-19792,94,201902,51,71,71,2019,63.674145,-167.51265,8/13/2019 7:36,21740,walleye pollock,96,500,860,NA,2,NA,NA,NA,NA,NA
-19792,94,201902,51,71,71,2019,63.674145,-167.51265,8/13/2019 7:36,21740,walleye pollock,97,160,30,NA,3,NA,NA,NA,NA,NA
-19794,94,201902,53,71,71,2019,63.67149,-168.26885,8/13/2019 11:06,21740,walleye pollock,98,460,655,NA,1,NA,NA,NA,NA,NA
-19794,94,201902,53,71,71,2019,63.67149,-168.26885,8/13/2019 11:06,21740,walleye pollock,99,450,605,NA,1,NA,NA,NA,NA,NA
-19794,94,201902,53,71,71,2019,63.67149,-168.26885,8/13/2019 11:06,21740,walleye pollock,100,540,950,NA,1,NA,NA,NA,NA,NA
-19794,94,201902,53,71,71,2019,63.67149,-168.26885,8/13/2019 11:06,21740,walleye pollock,101,160,30,NA,3,NA,NA,NA,NA,NA
-19795,94,201902,54,71,71,2019,63.341185,-168.2779,8/13/2019 14:14,21740,walleye pollock,102,520,785,NA,1,NA,NA,NA,NA,NA
-19795,94,201902,54,71,71,2019,63.341185,-168.2779,8/13/2019 14:14,21740,walleye pollock,103,220,65,NA,1,NA,NA,NA,NA,NA
-19795,94,201902,54,71,71,2019,63.341185,-168.2779,8/13/2019 14:14,21740,walleye pollock,104,250,75,NA,2,NA,NA,NA,NA,NA
-19795,94,201902,54,71,71,2019,63.341185,-168.2779,8/13/2019 14:14,21740,walleye pollock,105,150,25,NA,3,NA,NA,NA,NA,NA
-19796,94,201902,55,70,70,2019,63.00614,-168.21037,8/13/2019 17:51,21740,walleye pollock,106,510,875,NA,1,NA,NA,NA,NA,NA
-19796,94,201902,55,70,70,2019,63.00614,-168.21037,8/13/2019 17:51,21740,walleye pollock,107,550,895,NA,1,NA,NA,NA,NA,NA
-19796,94,201902,55,70,70,2019,63.00614,-168.21037,8/13/2019 17:51,21740,walleye pollock,108,550,905,NA,2,NA,NA,NA,NA,NA
-19796,94,201902,55,70,70,2019,63.00614,-168.21037,8/13/2019 17:51,21740,walleye pollock,109,170,40,NA,3,NA,NA,NA,NA,NA
-19797,94,201902,59,70,70,2019,62.66791,-168.186865,8/15/2019 7:53,21740,walleye pollock,117,510,750,NA,1,NA,NA,NA,NA,NA
-19797,94,201902,59,70,70,2019,62.66791,-168.186865,8/15/2019 7:53,21740,walleye pollock,118,490,690,NA,1,NA,NA,NA,NA,NA
-19797,94,201902,59,70,70,2019,62.66791,-168.186865,8/15/2019 7:53,21740,walleye pollock,119,530,1040,NA,2,NA,NA,NA,NA,NA
-19797,94,201902,59,70,70,2019,62.66791,-168.186865,8/15/2019 7:53,21740,walleye pollock,120,120,15,NA,3,NA,NA,NA,NA,NA
-19798,94,201902,60,70,70,2019,62.34296,-168.139095,8/15/2019 10:30,21740,walleye pollock,121,360,360,NA,1,NA,NA,NA,NA,NA
-19798,94,201902,60,70,70,2019,62.34296,-168.139095,8/15/2019 10:30,21740,walleye pollock,122,290,185,NA,1,NA,NA,NA,NA,NA
-19798,94,201902,60,70,70,2019,62.34296,-168.139095,8/15/2019 10:30,21740,walleye pollock,123,270,135,NA,2,NA,NA,NA,NA,NA
-19798,94,201902,60,70,70,2019,62.34296,-168.139095,8/15/2019 10:30,21740,walleye pollock,124,290,145,NA,2,NA,NA,NA,NA,NA
-19799,94,201902,61,70,70,2019,62.33586,-168.865795,8/15/2019 13:30,21740,walleye pollock,125,530,960,NA,1,NA,NA,NA,NA,NA
-19799,94,201902,61,70,70,2019,62.33586,-168.865795,8/15/2019 13:30,21740,walleye pollock,126,550,1125,NA,2,NA,NA,NA,NA,NA
-19799,94,201902,61,70,70,2019,62.33586,-168.865795,8/15/2019 13:30,21740,walleye pollock,127,490,700,NA,2,NA,NA,NA,NA,NA
-19799,94,201902,61,70,70,2019,62.33586,-168.865795,8/15/2019 13:30,21740,walleye pollock,128,140,45,NA,2,NA,NA,NA,NA,NA
-19800,94,201902,62,70,70,2019,61.997905,-168.837175,8/15/2019 16:23,21740,walleye pollock,129,490,750,NA,1,NA,NA,NA,NA,NA
-19800,94,201902,62,70,70,2019,61.997905,-168.837175,8/15/2019 16:23,21740,walleye pollock,130,260,90,NA,2,NA,NA,NA,NA,NA
-19800,94,201902,62,70,70,2019,61.997905,-168.837175,8/15/2019 16:23,21740,walleye pollock,131,470,675,NA,2,NA,NA,NA,NA,NA
-19800,94,201902,62,70,70,2019,61.997905,-168.837175,8/15/2019 16:23,21740,walleye pollock,132,120,10,NA,3,NA,NA,NA,NA,NA
-19813,94,201902,66,70,70,2019,61.32822,-168.769,8/16/2019 16:07,21740,walleye pollock,145,460,545,NA,1,NA,NA,NA,NA,NA
-19813,94,201902,66,70,70,2019,61.32822,-168.769,8/16/2019 16:07,21740,walleye pollock,146,480,725,NA,2,NA,NA,NA,NA,NA
-19813,94,201902,66,70,70,2019,61.32822,-168.769,8/16/2019 16:07,21740,walleye pollock,147,470,645,NA,2,NA,NA,NA,NA,NA
-19813,94,201902,66,70,70,2019,61.32822,-168.769,8/16/2019 16:07,21740,walleye pollock,148,130,10,NA,3,NA,NA,NA,NA,NA
-19810,94,201902,63,70,70,2019,61.997985,-168.12715,8/16/2019 7:53,21740,walleye pollock,133,520,840,NA,1,NA,NA,NA,NA,NA
-19810,94,201902,63,70,70,2019,61.997985,-168.12715,8/16/2019 7:53,21740,walleye pollock,134,260,155,NA,1,NA,NA,NA,NA,NA
-19810,94,201902,63,70,70,2019,61.997985,-168.12715,8/16/2019 7:53,21740,walleye pollock,135,460,610,NA,2,NA,NA,NA,NA,NA
-19811,94,201902,64,70,70,2019,61.6656,-168.083865,8/16/2019 10:29,21740,walleye pollock,137,570,1215,NA,1,NA,NA,NA,NA,NA
-19811,94,201902,64,70,70,2019,61.6656,-168.083865,8/16/2019 10:29,21740,walleye pollock,138,490,670,NA,2,NA,NA,NA,NA,NA
-19811,94,201902,64,70,70,2019,61.6656,-168.083865,8/16/2019 10:29,21740,walleye pollock,139,510,1005,NA,2,NA,NA,NA,NA,NA
-19811,94,201902,64,70,70,2019,61.6656,-168.083865,8/16/2019 10:29,21740,walleye pollock,140,140,30,NA,3,NA,NA,NA,NA,NA
-19812,94,201902,65,70,70,2019,61.665925,-168.803725,8/16/2019 13:22,21740,walleye pollock,141,530,860,NA,2,NA,NA,NA,NA,NA
-19812,94,201902,65,70,70,2019,61.665925,-168.803725,8/16/2019 13:22,21740,walleye pollock,142,480,690,NA,2,NA,NA,NA,NA,NA
-19812,94,201902,65,70,70,2019,61.665925,-168.803725,8/16/2019 13:22,21740,walleye pollock,143,490,765,NA,1,NA,NA,NA,NA,NA
-19812,94,201902,65,70,70,2019,61.665925,-168.803725,8/16/2019 13:22,21740,walleye pollock,144,160,25,NA,3,NA,NA,NA,NA,NA
-19814,94,201902,67,70,70,2019,61.331305,-168.08544,8/17/2019 7:51,21740,walleye pollock,149,480,665,NA,1,NA,NA,NA,NA,NA
-19814,94,201902,67,70,70,2019,61.331305,-168.08544,8/17/2019 7:51,21740,walleye pollock,150,470,750,NA,2,NA,NA,NA,NA,NA
-19814,94,201902,67,70,70,2019,61.331305,-168.08544,8/17/2019 7:51,21740,walleye pollock,151,480,805,NA,2,NA,NA,NA,NA,NA
-19815,94,201902,68,70,70,2019,61.344665,-167.367465,8/17/2019 10:32,21740,walleye pollock,153,610,1485,NA,2,NA,NA,NA,NA,NA
-19815,94,201902,68,70,70,2019,61.344665,-167.367465,8/17/2019 10:32,21740,walleye pollock,154,530,805,NA,2,NA,NA,NA,NA,NA
-19815,94,201902,68,70,70,2019,61.344665,-167.367465,8/17/2019 10:32,21740,walleye pollock,155,690,2100,NA,2,NA,NA,NA,NA,NA
-19815,94,201902,68,70,70,2019,61.344665,-167.367465,8/17/2019 10:32,21740,walleye pollock,156,140,20,NA,3,NA,NA,NA,NA,NA
-19816,94,201902,69,70,70,2019,61.666785,-167.390325,8/17/2019 13:07,21740,walleye pollock,157,560,955,NA,1,NA,NA,NA,NA,NA
-19816,94,201902,69,70,70,2019,61.666785,-167.390325,8/17/2019 13:07,21740,walleye pollock,158,530,790,NA,1,NA,NA,NA,NA,NA
-19816,94,201902,69,70,70,2019,61.666785,-167.390325,8/17/2019 13:07,21740,walleye pollock,159,520,875,NA,2,NA,NA,NA,NA,NA
-19816,94,201902,69,70,70,2019,61.666785,-167.390325,8/17/2019 13:07,21740,walleye pollock,160,130,20,NA,3,NA,NA,NA,NA,NA
-19817,94,201902,70,70,70,2019,61.647585,-166.73471,8/17/2019 15:40,21740,walleye pollock,161,590,1315,NA,2,NA,NA,NA,NA,NA
-19817,94,201902,70,70,70,2019,61.647585,-166.73471,8/17/2019 15:40,21740,walleye pollock,162,140,20,NA,3,NA,NA,NA,NA,NA
-19817,94,201902,70,70,70,2019,61.647585,-166.73471,8/17/2019 15:40,21740,walleye pollock,163,130,15,NA,3,NA,NA,NA,NA,NA
-19817,94,201902,70,70,70,2019,61.647585,-166.73471,8/17/2019 15:40,21740,walleye pollock,164,130,15,NA,3,NA,NA,NA,NA,NA
-19830,94,201902,74,70,70,2019,60.666005,-166.636445,8/18/2019 13:29,21740,walleye pollock,165,500,625,NA,1,NA,NA,NA,NA,NA
-19830,94,201902,74,70,70,2019,60.666005,-166.636445,8/18/2019 13:29,21740,walleye pollock,166,650,1805,NA,2,NA,NA,NA,NA,NA
-19830,94,201902,74,70,70,2019,60.666005,-166.636445,8/18/2019 13:29,21740,walleye pollock,167,690,1525,NA,2,NA,NA,NA,NA,NA
-19830,94,201902,74,70,70,2019,60.666005,-166.636445,8/18/2019 13:29,21740,walleye pollock,168,160,25,NA,3,NA,NA,NA,NA,NA
-19831,94,201902,75,70,70,2019,60.6635,-167.33004,8/18/2019 16:06,21740,walleye pollock,169,620,1580,NA,2,NA,NA,NA,NA,NA
-19831,94,201902,75,70,70,2019,60.6635,-167.33004,8/18/2019 16:06,21740,walleye pollock,170,570,910,NA,2,NA,NA,NA,NA,NA
-19831,94,201902,75,70,70,2019,60.6635,-167.33004,8/18/2019 16:06,21740,walleye pollock,171,590,1235,NA,2,NA,NA,NA,NA,NA
-19831,94,201902,75,70,70,2019,60.6635,-167.33004,8/18/2019 16:06,21740,walleye pollock,172,170,30,NA,3,NA,NA,NA,NA,NA
-19836,94,201902,76,70,70,2019,61.000675,-167.36652,8/19/2019 8:11,21740,walleye pollock,173,540,1140,NA,1,NA,NA,NA,NA,NA
-19836,94,201902,76,70,70,2019,61.000675,-167.36652,8/19/2019 8:11,21740,walleye pollock,174,490,570,NA,1,NA,NA,NA,NA,NA
-19836,94,201902,76,70,70,2019,61.000675,-167.36652,8/19/2019 8:11,21740,walleye pollock,175,600,1735,NA,2,NA,NA,NA,NA,NA
-19836,94,201902,76,70,70,2019,61.000675,-167.36652,8/19/2019 8:11,21740,walleye pollock,176,130,20,NA,3,NA,NA,NA,NA,NA
-19837,94,201902,77,70,70,2019,60.998555,-168.035835,8/19/2019 10:37,21740,walleye pollock,177,500,640,NA,1,NA,NA,NA,NA,NA
-19837,94,201902,77,70,70,2019,60.998555,-168.035835,8/19/2019 10:37,21740,walleye pollock,178,500,875,NA,2,NA,NA,NA,NA,NA
-19837,94,201902,77,70,70,2019,60.998555,-168.035835,8/19/2019 10:37,21740,walleye pollock,179,570,1165,NA,2,NA,NA,NA,NA,NA
-19837,94,201902,77,70,70,2019,60.998555,-168.035835,8/19/2019 10:37,21740,walleye pollock,180,130,10,NA,3,NA,NA,NA,NA,NA
-19838,94,201902,78,70,70,2019,60.99725,-168.714285,8/19/2019 13:13,21740,walleye pollock,181,530,940,NA,1,NA,NA,NA,NA,NA
-19838,94,201902,78,70,70,2019,60.99725,-168.714285,8/19/2019 13:13,21740,walleye pollock,182,450,640,NA,1,NA,NA,NA,NA,NA
-19838,94,201902,78,70,70,2019,60.99725,-168.714285,8/19/2019 13:13,21740,walleye pollock,183,480,705,NA,2,NA,NA,NA,NA,NA
-19838,94,201902,78,70,70,2019,60.99725,-168.714285,8/19/2019 13:13,21740,walleye pollock,184,160,30,NA,3,NA,NA,NA,NA,NA
-19839,94,201902,79,70,70,2019,60.665215,-168.022505,8/19/2019 16:37,21740,walleye pollock,185,580,1060,NA,1,NA,NA,NA,NA,NA
-19839,94,201902,79,70,70,2019,60.665215,-168.022505,8/19/2019 16:37,21740,walleye pollock,186,570,1355,NA,2,NA,NA,NA,NA,NA
-19839,94,201902,79,70,70,2019,60.665215,-168.022505,8/19/2019 16:37,21740,walleye pollock,187,450,405,NA,2,NA,NA,NA,NA,NA
-19839,94,201902,79,70,70,2019,60.665215,-168.022505,8/19/2019 16:37,21740,walleye pollock,188,150,35,NA,3,NA,NA,NA,NA,NA
-19843,94,201902,57,70,70,2019,62.872775,-168.828885,8/14/2019 16:01,21740,walleye pollock,110,550,1005,NA,1,NA,NA,NA,NA,NA
-19843,94,201902,57,70,70,2019,62.872775,-168.828885,8/14/2019 16:01,21740,walleye pollock,111,550,1030,NA,2,NA,NA,NA,NA,NA
-19843,94,201902,57,70,70,2019,62.872775,-168.828885,8/14/2019 16:01,21740,walleye pollock,112,510,910,NA,2,NA,NA,NA,NA,NA
-19843,94,201902,57,70,70,2019,62.872775,-168.828885,8/14/2019 16:01,21740,walleye pollock,113,110,10,NA,3,NA,NA,NA,NA,NA
-19844,94,201902,58,70,70,2019,62.67068,-168.891655,8/14/2019 17:52,21740,walleye pollock,114,540,975,NA,1,NA,NA,NA,NA,NA
-19844,94,201902,58,70,70,2019,62.67068,-168.891655,8/14/2019 17:52,21740,walleye pollock,115,490,685,NA,1,NA,NA,NA,NA,NA
-19844,94,201902,58,70,70,2019,62.67068,-168.891655,8/14/2019 17:52,21740,walleye pollock,116,500,670,NA,2,NA,NA,NA,NA,NA
-19845,94,201902,80,70,70,2019,60.667385,-168.69992,8/20/2019 8:07,21740,walleye pollock,189,500,875,NA,1,NA,NA,NA,NA,NA
-19845,94,201902,80,70,70,2019,60.667385,-168.69992,8/20/2019 8:07,21740,walleye pollock,190,490,720,NA,1,NA,NA,NA,NA,NA
-19845,94,201902,80,70,70,2019,60.667385,-168.69992,8/20/2019 8:07,21740,walleye pollock,191,530,1005,NA,2,NA,NA,NA,NA,NA
-19845,94,201902,80,70,70,2019,60.667385,-168.69992,8/20/2019 8:07,21740,walleye pollock,192,150,20,NA,3,NA,NA,NA,NA,NA
-19846,94,201902,81,70,70,2019,60.66889,-169.36521,8/20/2019 10:36,21740,walleye pollock,193,480,755,NA,1,NA,NA,NA,NA,NA
-19846,94,201902,81,70,70,2019,60.66889,-169.36521,8/20/2019 10:36,21740,walleye pollock,194,430,530,NA,1,NA,NA,NA,NA,NA
-19846,94,201902,81,70,70,2019,60.66889,-169.36521,8/20/2019 10:36,21740,walleye pollock,195,460,595,NA,2,NA,NA,NA,NA,NA
-19846,94,201902,81,70,70,2019,60.66889,-169.36521,8/20/2019 10:36,21740,walleye pollock,196,100,5,NA,3,NA,NA,NA,NA,NA
-19485,162,201902,1,81,81,2019,62.31661,-175.319035,7/28/2019 15:46,21740,walleye pollock,1,450,602,NA,2,NA,NA,NA,NA,NA
-19485,162,201902,1,81,81,2019,62.31661,-175.319035,7/28/2019 15:46,21740,walleye pollock,2,440,496,NA,2,NA,NA,NA,NA,NA
-19485,162,201902,1,81,81,2019,62.31661,-175.319035,7/28/2019 15:46,21740,walleye pollock,3,420,532,NA,2,NA,NA,NA,NA,NA
-19485,162,201902,1,81,81,2019,62.31661,-175.319035,7/28/2019 15:46,21740,walleye pollock,4,150,18,NA,2,NA,NA,NA,NA,NA
-19486,162,201902,2,81,81,2019,62.33512,-174.571725,7/29/2019 7:38,21740,walleye pollock,5,450,544,NA,2,NA,NA,NA,NA,NA
-19486,162,201902,2,81,81,2019,62.33512,-174.571725,7/29/2019 7:38,21740,walleye pollock,6,260,108,NA,2,NA,NA,NA,NA,NA
-19486,162,201902,2,81,81,2019,62.33512,-174.571725,7/29/2019 7:38,21740,walleye pollock,7,220,64,NA,1,NA,NA,NA,NA,NA
-19486,162,201902,2,81,81,2019,62.33512,-174.571725,7/29/2019 7:38,21740,walleye pollock,8,240,86,NA,1,NA,NA,NA,NA,NA
-19487,162,201902,3,81,81,2019,62.334245,-173.86337,7/29/2019 10:08,21740,walleye pollock,9,280,150,NA,1,NA,NA,NA,NA,NA
-19487,162,201902,3,81,81,2019,62.334245,-173.86337,7/29/2019 10:08,21740,walleye pollock,10,450,552,NA,1,NA,NA,NA,NA,NA
-19487,162,201902,3,81,81,2019,62.334245,-173.86337,7/29/2019 10:08,21740,walleye pollock,11,220,66,NA,1,NA,NA,NA,NA,NA
-19487,162,201902,3,81,81,2019,62.334245,-173.86337,7/29/2019 10:08,21740,walleye pollock,12,190,44,NA,2,NA,NA,NA,NA,NA
-19488,162,201902,4,81,81,2019,62.334975,-173.156085,7/29/2019 12:43,21740,walleye pollock,13,260,80,NA,2,NA,NA,NA,NA,NA
-19488,162,201902,4,81,81,2019,62.334975,-173.156085,7/29/2019 12:43,21740,walleye pollock,14,530,940,NA,2,NA,NA,NA,NA,NA
-19488,162,201902,4,81,81,2019,62.334975,-173.156085,7/29/2019 12:43,21740,walleye pollock,15,440,546,NA,2,NA,NA,NA,NA,NA
-19488,162,201902,4,81,81,2019,62.334975,-173.156085,7/29/2019 12:43,21740,walleye pollock,16,440,576,NA,2,NA,NA,NA,NA,NA
-19489,162,201902,5,81,81,2019,62.3282,-172.451475,7/29/2019 15:19,21740,walleye pollock,17,440,616,NA,1,NA,NA,NA,NA,NA
-19489,162,201902,5,81,81,2019,62.3282,-172.451475,7/29/2019 15:19,21740,walleye pollock,18,480,574,NA,2,NA,NA,NA,NA,NA
-19489,162,201902,5,81,81,2019,62.3282,-172.451475,7/29/2019 15:19,21740,walleye pollock,19,450,572,NA,1,NA,NA,NA,NA,NA
-19489,162,201902,5,81,81,2019,62.3282,-172.451475,7/29/2019 15:19,21740,walleye pollock,20,100,5,NA,3,NA,NA,NA,NA,NA
-19490,162,201902,6,81,81,2019,62.00941,-172.371035,7/29/2019 17:54,21740,walleye pollock,21,470,666,NA,2,NA,NA,NA,NA,NA
-19490,162,201902,6,81,81,2019,62.00941,-172.371035,7/29/2019 17:54,21740,walleye pollock,22,250,94,NA,2,NA,NA,NA,NA,NA
-19490,162,201902,6,81,81,2019,62.00941,-172.371035,7/29/2019 17:54,21740,walleye pollock,23,490,770,NA,1,NA,NA,NA,NA,NA
-19490,162,201902,6,81,81,2019,62.00941,-172.371035,7/29/2019 17:54,21740,walleye pollock,24,500,746,NA,1,NA,NA,NA,NA,NA
-19491,162,201902,7,70,70,2019,61.985235,-171.655805,7/30/2019 7:32,21740,walleye pollock,26,100,6,NA,3,NA,NA,NA,NA,NA
-19491,162,201902,7,70,70,2019,61.985235,-171.655805,7/30/2019 7:32,21740,walleye pollock,25,500,756,NA,2,NA,NA,NA,NA,NA
-19491,162,201902,7,70,70,2019,61.985235,-171.655805,7/30/2019 7:32,21740,walleye pollock,27,500,782,NA,2,NA,NA,NA,NA,NA
-19491,162,201902,7,70,70,2019,61.985235,-171.655805,7/30/2019 7:32,21740,walleye pollock,28,250,94,NA,2,NA,NA,NA,NA,NA
-19492,162,201902,8,81,81,2019,62.321995,-171.706535,7/30/2019 10:07,21740,walleye pollock,29,110,10,NA,3,NA,NA,NA,NA,NA
-19492,162,201902,8,81,81,2019,62.321995,-171.706535,7/30/2019 10:07,21740,walleye pollock,30,500,755,NA,2,NA,NA,NA,NA,NA
-19492,162,201902,8,81,81,2019,62.321995,-171.706535,7/30/2019 10:07,21740,walleye pollock,31,500,732,NA,2,NA,NA,NA,NA,NA
-19492,162,201902,8,81,81,2019,62.321995,-171.706535,7/30/2019 10:07,21740,walleye pollock,32,470,566,NA,2,NA,NA,NA,NA,NA
-19493,162,201902,9,70,70,2019,62.33823,-171.04723,7/30/2019 12:33,21740,walleye pollock,33,500,746,NA,2,NA,NA,NA,NA,NA
-19493,162,201902,9,70,70,2019,62.33823,-171.04723,7/30/2019 12:33,21740,walleye pollock,34,240,92,NA,2,NA,NA,NA,NA,NA
-19493,162,201902,9,70,70,2019,62.33823,-171.04723,7/30/2019 12:33,21740,walleye pollock,35,440,592,NA,1,NA,NA,NA,NA,NA
-19493,162,201902,9,70,70,2019,62.33823,-171.04723,7/30/2019 12:33,21740,walleye pollock,36,490,572,NA,1,NA,NA,NA,NA,NA
-19494,162,201902,10,70,70,2019,61.99793,-170.978145,7/30/2019 15:13,21740,walleye pollock,37,100,8,NA,3,NA,NA,NA,NA,NA
-19494,162,201902,10,70,70,2019,61.99793,-170.978145,7/30/2019 15:13,21740,walleye pollock,38,510,748,NA,2,NA,NA,NA,NA,NA
-19494,162,201902,10,70,70,2019,61.99793,-170.978145,7/30/2019 15:13,21740,walleye pollock,39,470,632,NA,2,NA,NA,NA,NA,NA
-19494,162,201902,10,70,70,2019,61.99793,-170.978145,7/30/2019 15:13,21740,walleye pollock,40,460,704,NA,2,NA,NA,NA,NA,NA
-19506,162,201902,12,71,71,2019,64.338985,-166.83319,8/4/2019 13:24,21740,walleye pollock,41,600,1340,NA,1,NA,NA,NA,NA,NA
-19506,162,201902,12,71,71,2019,64.338985,-166.83319,8/4/2019 13:24,21740,walleye pollock,42,660,1750,NA,2,NA,NA,NA,NA,NA
-19506,162,201902,12,71,71,2019,64.338985,-166.83319,8/4/2019 13:24,21740,walleye pollock,43,530,1015,NA,2,NA,NA,NA,NA,NA
-19579,162,201902,14,71,71,2019,64.673895,-167.605935,8/5/2019 7:44,21740,walleye pollock,44,590,1206,NA,2,NA,NA,NA,NA,NA
-19579,162,201902,14,71,71,2019,64.673895,-167.605935,8/5/2019 7:44,21740,walleye pollock,45,540,1324,NA,1,NA,NA,NA,NA,NA
-19579,162,201902,14,71,71,2019,64.673895,-167.605935,8/5/2019 7:44,21740,walleye pollock,46,510,782,NA,1,NA,NA,NA,NA,NA
-19579,162,201902,14,71,71,2019,64.673895,-167.605935,8/5/2019 7:44,21740,walleye pollock,47,160,28,NA,3,NA,NA,NA,NA,NA
-19580,162,201902,15,71,71,2019,65.006105,-167.643845,8/5/2019 10:24,21740,walleye pollock,48,510,648,NA,2,NA,NA,NA,NA,NA
-19580,162,201902,15,71,71,2019,65.006105,-167.643845,8/5/2019 10:24,21740,walleye pollock,49,640,1770,NA,2,NA,NA,NA,NA,NA
-19580,162,201902,15,71,71,2019,65.006105,-167.643845,8/5/2019 10:24,21740,walleye pollock,50,620,1446,NA,2,NA,NA,NA,NA,NA
-19580,162,201902,15,71,71,2019,65.006105,-167.643845,8/5/2019 10:24,21740,walleye pollock,51,150,20,NA,3,NA,NA,NA,NA,NA
-19582,162,201902,17,71,71,2019,65.335015,-168.387785,8/5/2019 15:06,21740,walleye pollock,55,560,1260,NA,2,NA,NA,NA,NA,NA
-19582,162,201902,17,71,71,2019,65.335015,-168.387785,8/5/2019 15:06,21740,walleye pollock,56,650,1740,NA,1,NA,NA,NA,NA,NA
-19582,162,201902,17,71,71,2019,65.335015,-168.387785,8/5/2019 15:06,21740,walleye pollock,57,570,1060,NA,1,NA,NA,NA,NA,NA
-19582,162,201902,17,71,71,2019,65.335015,-168.387785,8/5/2019 15:06,21740,walleye pollock,58,150,20,NA,3,NA,NA,NA,NA,NA
-19583,162,201902,18,71,71,2019,65.223965,-168.904435,8/5/2019 17:47,21740,walleye pollock,59,500,790,NA,2,NA,NA,NA,NA,NA
-19583,162,201902,18,71,71,2019,65.223965,-168.904435,8/5/2019 17:47,21740,walleye pollock,60,580,1290,NA,2,NA,NA,NA,NA,NA
-19583,162,201902,18,71,71,2019,65.223965,-168.904435,8/5/2019 17:47,21740,walleye pollock,61,580,1355,NA,1,NA,NA,NA,NA,NA
-19730,162,201902,19,71,71,2019,65.01169,-169.902515,8/6/2019 7:31,21740,walleye pollock,64,620,1322,NA,2,NA,NA,NA,NA,NA
-19730,162,201902,19,71,71,2019,65.01169,-169.902515,8/6/2019 7:31,21740,walleye pollock,62,590,1254,NA,2,NA,NA,NA,NA,NA
-19730,162,201902,19,71,71,2019,65.01169,-169.902515,8/6/2019 7:31,21740,walleye pollock,63,530,986,NA,2,NA,NA,NA,NA,NA
-19731,162,201902,20,71,71,2019,65.01249,-169.11489,8/6/2019 10:03,21740,walleye pollock,65,540,975,NA,2,NA,NA,NA,NA,NA
-19731,162,201902,20,71,71,2019,65.01249,-169.11489,8/6/2019 10:03,21740,walleye pollock,66,480,720,NA,1,NA,NA,NA,NA,NA
-19731,162,201902,20,71,71,2019,65.01249,-169.11489,8/6/2019 10:03,21740,walleye pollock,67,480,710,NA,1,NA,NA,NA,NA,NA
-19732,162,201902,21,71,71,2019,65.00024,-168.36148,8/6/2019 12:38,21740,walleye pollock,68,150,20,NA,3,NA,NA,NA,NA,NA
-19732,162,201902,21,71,71,2019,65.00024,-168.36148,8/6/2019 12:38,21740,walleye pollock,69,590,1220,NA,2,NA,NA,NA,NA,NA
-19732,162,201902,21,71,71,2019,65.00024,-168.36148,8/6/2019 12:38,21740,walleye pollock,70,580,1165,NA,2,NA,NA,NA,NA,NA
-19732,162,201902,21,71,71,2019,65.00024,-168.36148,8/6/2019 12:38,21740,walleye pollock,71,520,1020,NA,1,NA,NA,NA,NA,NA
-19733,162,201902,22,71,71,2019,64.6631,-168.349225,8/6/2019 15:30,21740,walleye pollock,72,570,1235,NA,2,NA,NA,NA,NA,NA
-19733,162,201902,22,71,71,2019,64.6631,-168.349225,8/6/2019 15:30,21740,walleye pollock,73,550,870,NA,2,NA,NA,NA,NA,NA
-19733,162,201902,22,71,71,2019,64.6631,-168.349225,8/6/2019 15:30,21740,walleye pollock,74,580,1215,NA,2,NA,NA,NA,NA,NA
-19739,162,201902,23,71,71,2019,64.32977,-168.32124,8/7/2019 7:22,21740,walleye pollock,75,530,1080,NA,1,NA,NA,NA,NA,NA
-19739,162,201902,23,71,71,2019,64.32977,-168.32124,8/7/2019 7:22,21740,walleye pollock,76,490,595,NA,2,NA,NA,NA,NA,NA
-19739,162,201902,23,71,71,2019,64.32977,-168.32124,8/7/2019 7:22,21740,walleye pollock,77,590,1175,NA,2,NA,NA,NA,NA,NA
-19740,162,201902,24,71,71,2019,64.31802,-167.61301,8/7/2019 9:45,21740,walleye pollock,78,520,930,NA,1,NA,NA,NA,NA,NA
-19740,162,201902,24,71,71,2019,64.31802,-167.61301,8/7/2019 9:45,21740,walleye pollock,79,130,10,NA,3,NA,NA,NA,NA,NA
-19740,162,201902,24,71,71,2019,64.31802,-167.61301,8/7/2019 9:45,21740,walleye pollock,80,570,1200,NA,2,NA,NA,NA,NA,NA
-19740,162,201902,24,71,71,2019,64.31802,-167.61301,8/7/2019 9:45,21740,walleye pollock,81,500,685,NA,2,NA,NA,NA,NA,NA
-19741,162,201902,25,71,71,2019,64.00194,-167.568545,8/7/2019 12:23,21740,walleye pollock,82,160,35,NA,3,NA,NA,NA,NA,NA
-19741,162,201902,25,71,71,2019,64.00194,-167.568545,8/7/2019 12:23,21740,walleye pollock,83,530,965,NA,2,NA,NA,NA,NA,NA
-19741,162,201902,25,71,71,2019,64.00194,-167.568545,8/7/2019 12:23,21740,walleye pollock,84,500,815,NA,1,NA,NA,NA,NA,NA
-19741,162,201902,25,71,71,2019,64.00194,-167.568545,8/7/2019 12:23,21740,walleye pollock,85,270,140,NA,1,NA,NA,NA,NA,NA
-19742,162,201902,26,71,71,2019,64.01046,-168.277315,8/7/2019 14:49,21740,walleye pollock,88,520,1020,NA,1,NA,NA,NA,NA,NA
-19742,162,201902,26,71,71,2019,64.01046,-168.277315,8/7/2019 14:49,21740,walleye pollock,86,490,900,NA,2,NA,NA,NA,NA,NA
-19742,162,201902,26,71,71,2019,64.01046,-168.277315,8/7/2019 14:49,21740,walleye pollock,87,530,935,NA,1,NA,NA,NA,NA,NA
-19754,162,201902,27,71,71,2019,63.95837,-169.037045,8/8/2019 7:20,21740,walleye pollock,89,580,1088,NA,2,NA,NA,NA,NA,NA
-19754,162,201902,27,71,71,2019,63.95837,-169.037045,8/8/2019 7:20,21740,walleye pollock,90,480,724,NA,2,NA,NA,NA,NA,NA
-19754,162,201902,27,71,71,2019,63.95837,-169.037045,8/8/2019 7:20,21740,walleye pollock,91,560,1132,NA,2,NA,NA,NA,NA,NA
-19755,162,201902,28,71,71,2019,63.667525,-169.007845,8/8/2019 9:42,21740,walleye pollock,92,150,25,NA,3,NA,NA,NA,NA,NA
-19755,162,201902,28,71,71,2019,63.667525,-169.007845,8/8/2019 9:42,21740,walleye pollock,93,490,850,NA,1,NA,NA,NA,NA,NA
-19755,162,201902,28,71,71,2019,63.667525,-169.007845,8/8/2019 9:42,21740,walleye pollock,94,550,1005,NA,2,NA,NA,NA,NA,NA
-19755,162,201902,28,71,71,2019,63.667525,-169.007845,8/8/2019 9:42,21740,walleye pollock,95,540,940,NA,2,NA,NA,NA,NA,NA
-19756,162,201902,29,71,71,2019,63.65616,-169.754585,8/8/2019 12:20,21740,walleye pollock,96,590,1350,NA,1,NA,NA,NA,NA,NA
-19756,162,201902,29,71,71,2019,63.65616,-169.754585,8/8/2019 12:20,21740,walleye pollock,97,540,1045,NA,1,NA,NA,NA,NA,NA
-19756,162,201902,29,71,71,2019,63.65616,-169.754585,8/8/2019 12:20,21740,walleye pollock,98,580,1215,NA,2,NA,NA,NA,NA,NA
-19756,162,201902,29,71,71,2019,63.65616,-169.754585,8/8/2019 12:20,21740,walleye pollock,99,150,20,NA,3,NA,NA,NA,NA,NA
-19757,162,201902,30,71,71,2019,63.988455,-169.77752,8/8/2019 14:51,21740,walleye pollock,100,500,815,NA,1,NA,NA,NA,NA,NA
-19757,162,201902,30,71,71,2019,63.988455,-169.77752,8/8/2019 14:51,21740,walleye pollock,101,500,900,NA,1,NA,NA,NA,NA,NA
-19757,162,201902,30,71,71,2019,63.988455,-169.77752,8/8/2019 14:51,21740,walleye pollock,102,550,780,NA,2,NA,NA,NA,NA,NA
-19758,162,201902,31,71,71,2019,64.303325,-169.82463,8/8/2019 17:16,21740,walleye pollock,103,510,960,NA,2,NA,NA,NA,NA,NA
-19758,162,201902,31,71,71,2019,64.303325,-169.82463,8/8/2019 17:16,21740,walleye pollock,104,530,915,NA,2,NA,NA,NA,NA,NA
-19758,162,201902,31,71,71,2019,64.303325,-169.82463,8/8/2019 17:16,21740,walleye pollock,105,560,1155,NA,2,NA,NA,NA,NA,NA
-19765,162,201902,32,71,71,2019,64.329575,-169.076535,8/9/2019 7:37,21740,walleye pollock,106,600,1450,NA,2,NA,NA,NA,NA,NA
-19765,162,201902,32,71,71,2019,64.329575,-169.076535,8/9/2019 7:37,21740,walleye pollock,107,490,825,NA,1,NA,NA,NA,NA,NA
-19765,162,201902,32,71,71,2019,64.329575,-169.076535,8/9/2019 7:37,21740,walleye pollock,108,520,950,NA,1,NA,NA,NA,NA,NA
-19766,162,201902,33,71,71,2019,64.66013,-169.120555,8/9/2019 10:10,21740,walleye pollock,109,490,805,NA,2,NA,NA,NA,NA,NA
-19766,162,201902,33,71,71,2019,64.66013,-169.120555,8/9/2019 10:10,21740,walleye pollock,110,460,705,NA,2,NA,NA,NA,NA,NA
-19766,162,201902,33,71,71,2019,64.66013,-169.120555,8/9/2019 10:10,21740,walleye pollock,111,530,855,NA,2,NA,NA,NA,NA,NA
-19768,162,201902,35,71,71,2019,64.63456,-170.605155,8/10/2019 7:39,21740,walleye pollock,116,490,868,NA,1,NA,NA,NA,NA,NA
-19768,162,201902,35,71,71,2019,64.63456,-170.605155,8/10/2019 7:39,21740,walleye pollock,117,500,950,NA,2,NA,NA,NA,NA,NA
-19768,162,201902,35,71,71,2019,64.63456,-170.605155,8/10/2019 7:39,21740,walleye pollock,118,530,920,NA,2,NA,NA,NA,NA,NA
-19768,162,201902,35,71,71,2019,64.63456,-170.605155,8/10/2019 7:39,21740,walleye pollock,119,110,12,NA,3,NA,NA,NA,NA,NA
-19769,162,201902,36,71,71,2019,64.3301,-170.59159,8/10/2019 10:03,21740,walleye pollock,120,520,900,NA,2,NA,NA,NA,NA,NA
-19769,162,201902,36,71,71,2019,64.3301,-170.59159,8/10/2019 10:03,21740,walleye pollock,121,530,895,NA,1,NA,NA,NA,NA,NA
-19769,162,201902,36,71,71,2019,64.3301,-170.59159,8/10/2019 10:03,21740,walleye pollock,122,480,600,NA,1,NA,NA,NA,NA,NA
-19769,162,201902,36,71,71,2019,64.3301,-170.59159,8/10/2019 10:03,21740,walleye pollock,123,120,15,NA,3,NA,NA,NA,NA,NA
-19771,162,201902,38,71,71,2019,63.993085,-170.55962,8/10/2019 14:50,21740,walleye pollock,128,540,835,NA,1,NA,NA,NA,NA,NA
-19771,162,201902,38,71,71,2019,63.993085,-170.55962,8/10/2019 14:50,21740,walleye pollock,129,540,850,NA,1,NA,NA,NA,NA,NA
-19771,162,201902,38,71,71,2019,63.993085,-170.55962,8/10/2019 14:50,21740,walleye pollock,130,570,1165,NA,2,NA,NA,NA,NA,NA
-19779,162,201902,41,71,71,2019,64.00155,-172.00702,8/11/2019 18:07,21740,walleye pollock,134,480,810,NA,2,NA,NA,NA,NA,NA
-19779,162,201902,41,71,71,2019,64.00155,-172.00702,8/11/2019 18:07,21740,walleye pollock,135,510,884,NA,1,NA,NA,NA,NA,NA
-19779,162,201902,41,71,71,2019,64.00155,-172.00702,8/11/2019 18:07,21740,walleye pollock,136,460,678,NA,1,NA,NA,NA,NA,NA
-19788,162,201902,49,81,81,2019,63.010495,-173.293005,8/14/2019 11:52,21740,walleye pollock,160,480,725,NA,2,NA,NA,NA,NA,NA
-19788,162,201902,49,81,81,2019,63.010495,-173.293005,8/14/2019 11:52,21740,walleye pollock,161,450,575,NA,1,NA,NA,NA,NA,NA
-19788,162,201902,49,81,81,2019,63.010495,-173.293005,8/14/2019 11:52,21740,walleye pollock,162,480,715,NA,1,NA,NA,NA,NA,NA
-19788,162,201902,49,81,81,2019,63.010495,-173.293005,8/14/2019 11:52,21740,walleye pollock,163,100,10,NA,3,NA,NA,NA,NA,NA
-19789,162,201902,50,81,81,2019,63.001735,-174.0076,8/14/2019 14:26,21740,walleye pollock,164,550,1050,NA,2,NA,NA,NA,NA,NA
-19789,162,201902,50,81,81,2019,63.001735,-174.0076,8/14/2019 14:26,21740,walleye pollock,165,460,732,NA,2,NA,NA,NA,NA,NA
-19789,162,201902,50,81,81,2019,63.001735,-174.0076,8/14/2019 14:26,21740,walleye pollock,166,550,1000,NA,2,NA,NA,NA,NA,NA
-19789,162,201902,50,81,81,2019,63.001735,-174.0076,8/14/2019 14:26,21740,walleye pollock,167,230,56,NA,1,NA,NA,NA,NA,NA
-19791,162,201902,52,81,81,2019,62.66971,-174.6305,8/14/2019 18:12,21740,walleye pollock,168,510,865,NA,2,NA,NA,NA,NA,NA
-19791,162,201902,52,81,81,2019,62.66971,-174.6305,8/14/2019 18:12,21740,walleye pollock,169,440,520,NA,2,NA,NA,NA,NA,NA
-19791,162,201902,52,81,81,2019,62.66971,-174.6305,8/14/2019 18:12,21740,walleye pollock,170,470,655,NA,1,NA,NA,NA,NA,NA
-19791,162,201902,52,81,81,2019,62.66971,-174.6305,8/14/2019 18:12,21740,walleye pollock,171,130,10,NA,3,NA,NA,NA,NA,NA
-19801,162,201902,53,81,81,2019,62.65517,-173.90926,8/15/2019 8:13,21740,walleye pollock,174,480,686,NA,2,NA,NA,NA,NA,NA
-19801,162,201902,53,81,81,2019,62.65517,-173.90926,8/15/2019 8:13,21740,walleye pollock,172,460,590,NA,1,NA,NA,NA,NA,NA
-19801,162,201902,53,81,81,2019,62.65517,-173.90926,8/15/2019 8:13,21740,walleye pollock,173,480,656,NA,1,NA,NA,NA,NA,NA
-19802,162,201902,54,81,81,2019,62.66735,-173.19076,8/15/2019 10:57,21740,walleye pollock,176,580,1332,NA,2,NA,NA,NA,NA,NA
-19802,162,201902,54,81,81,2019,62.66735,-173.19076,8/15/2019 10:57,21740,walleye pollock,177,490,840,NA,2,NA,NA,NA,NA,NA
-19802,162,201902,54,81,81,2019,62.66735,-173.19076,8/15/2019 10:57,21740,walleye pollock,178,160,26,NA,3,NA,NA,NA,NA,NA
-19802,162,201902,54,81,81,2019,62.66735,-173.19076,8/15/2019 10:57,21740,walleye pollock,179,470,692,NA,1,NA,NA,NA,NA,NA
-19802,162,201902,54,81,81,2019,62.66735,-173.19076,8/15/2019 10:57,21740,walleye pollock,180,240,78,NA,1,NA,NA,NA,NA,NA
-19803,162,201902,55,81,81,2019,62.668765,-172.508855,8/15/2019 13:24,21740,walleye pollock,181,470,600,NA,1,NA,NA,NA,NA,NA
-19803,162,201902,55,81,81,2019,62.668765,-172.508855,8/15/2019 13:24,21740,walleye pollock,182,500,720,NA,1,NA,NA,NA,NA,NA
-19803,162,201902,55,81,81,2019,62.668765,-172.508855,8/15/2019 13:24,21740,walleye pollock,183,510,900,NA,2,NA,NA,NA,NA,NA
-19803,162,201902,55,81,81,2019,62.668765,-172.508855,8/15/2019 13:24,21740,walleye pollock,184,220,65,NA,3,NA,NA,NA,NA,NA
-19804,162,201902,56,70,70,2019,62.66339,-171.8221,8/15/2019 15:54,21740,walleye pollock,185,440,525,NA,2,NA,NA,NA,NA,NA
-19804,162,201902,56,70,70,2019,62.66339,-171.8221,8/15/2019 15:54,21740,walleye pollock,186,480,630,NA,2,NA,NA,NA,NA,NA
-19804,162,201902,56,70,70,2019,62.66339,-171.8221,8/15/2019 15:54,21740,walleye pollock,187,430,605,NA,1,NA,NA,NA,NA,NA
-19804,162,201902,56,70,70,2019,62.66339,-171.8221,8/15/2019 15:54,21740,walleye pollock,188,170,30,NA,1,NA,NA,NA,NA,NA
-19805,162,201902,57,70,70,2019,62.974005,-171.806345,8/15/2019 18:23,21740,walleye pollock,189,480,700,NA,1,NA,NA,NA,NA,NA
-19805,162,201902,57,70,70,2019,62.974005,-171.806345,8/15/2019 18:23,21740,walleye pollock,190,490,750,NA,1,NA,NA,NA,NA,NA
-19805,162,201902,57,70,70,2019,62.974005,-171.806345,8/15/2019 18:23,21740,walleye pollock,191,510,805,NA,2,NA,NA,NA,NA,NA
-19805,162,201902,57,70,70,2019,62.974005,-171.806345,8/15/2019 18:23,21740,walleye pollock,192,160,25,NA,3,NA,NA,NA,NA,NA
-19806,162,201902,58,70,70,2019,63.273085,-171.123505,8/16/2019 8:03,21740,walleye pollock,193,550,945,NA,2,NA,NA,NA,NA,NA
-19806,162,201902,58,70,70,2019,63.273085,-171.123505,8/16/2019 8:03,21740,walleye pollock,194,560,1035,NA,2,NA,NA,NA,NA,NA
-19807,162,201902,59,70,70,2019,63.00214,-171.13227,8/16/2019 10:06,21740,walleye pollock,195,480,644,NA,1,NA,NA,NA,NA,NA
-19807,162,201902,59,70,70,2019,63.00214,-171.13227,8/16/2019 10:06,21740,walleye pollock,196,470,554,NA,1,NA,NA,NA,NA,NA
-19807,162,201902,59,70,70,2019,63.00214,-171.13227,8/16/2019 10:06,21740,walleye pollock,197,470,618,NA,2,NA,NA,NA,NA,NA
-19808,162,201902,60,70,70,2019,62.949575,-170.494965,8/16/2019 12:37,21740,walleye pollock,198,520,786,NA,1,NA,NA,NA,NA,NA
-19808,162,201902,60,70,70,2019,62.949575,-170.494965,8/16/2019 12:37,21740,walleye pollock,199,500,824,NA,1,NA,NA,NA,NA,NA
-19808,162,201902,60,70,70,2019,62.949575,-170.494965,8/16/2019 12:37,21740,walleye pollock,200,460,640,NA,2,NA,NA,NA,NA,NA
-19808,162,201902,60,70,70,2019,62.949575,-170.494965,8/16/2019 12:37,21740,walleye pollock,201,170,26,NA,3,NA,NA,NA,NA,NA
-19809,162,201902,61,70,70,2019,62.675665,-171.096775,8/16/2019 15:43,21740,walleye pollock,202,500,750,NA,1,NA,NA,NA,NA,NA
-19809,162,201902,61,70,70,2019,62.675665,-171.096775,8/16/2019 15:43,21740,walleye pollock,203,540,915,NA,1,NA,NA,NA,NA,NA
-19809,162,201902,61,70,70,2019,62.675665,-171.096775,8/16/2019 15:43,21740,walleye pollock,204,460,660,NA,2,NA,NA,NA,NA,NA
-19809,162,201902,61,70,70,2019,62.675665,-171.096775,8/16/2019 15:43,21740,walleye pollock,205,160,25,NA,3,NA,NA,NA,NA,NA
-19818,162,201902,62,70,70,2019,62.67188,-170.329935,8/17/2019 8:04,21740,walleye pollock,206,490,800,NA,1,NA,NA,NA,NA,NA
-19818,162,201902,62,70,70,2019,62.67188,-170.329935,8/17/2019 8:04,21740,walleye pollock,207,500,844,NA,2,NA,NA,NA,NA,NA
-19818,162,201902,62,70,70,2019,62.67188,-170.329935,8/17/2019 8:04,21740,walleye pollock,208,490,700,NA,2,NA,NA,NA,NA,NA
-19818,162,201902,62,70,70,2019,62.67188,-170.329935,8/17/2019 8:04,21740,walleye pollock,209,180,32,NA,2,NA,NA,NA,NA,NA
-19820,162,201902,64,70,70,2019,62.346275,-169.590045,8/17/2019 13:05,21740,walleye pollock,213,480,715,NA,1,NA,NA,NA,NA,NA
-19820,162,201902,64,70,70,2019,62.346275,-169.590045,8/17/2019 13:05,21740,walleye pollock,214,490,740,NA,1,NA,NA,NA,NA,NA
-19820,162,201902,64,70,70,2019,62.346275,-169.590045,8/17/2019 13:05,21740,walleye pollock,215,490,785,NA,2,NA,NA,NA,NA,NA
-19820,162,201902,64,70,70,2019,62.346275,-169.590045,8/17/2019 13:05,21740,walleye pollock,216,150,25,NA,3,NA,NA,NA,NA,NA
-19821,162,201902,65,70,70,2019,62.32753,-170.281995,8/17/2019 15:43,21740,walleye pollock,217,450,540,NA,2,NA,NA,NA,NA,NA
-19821,162,201902,65,70,70,2019,62.32753,-170.281995,8/17/2019 15:43,21740,walleye pollock,218,430,465,NA,2,NA,NA,NA,NA,NA
-19821,162,201902,65,70,70,2019,62.32753,-170.281995,8/17/2019 15:43,21740,walleye pollock,219,470,665,NA,1,NA,NA,NA,NA,NA
-19821,162,201902,65,70,70,2019,62.32753,-170.281995,8/17/2019 15:43,21740,walleye pollock,220,140,15,NA,3,NA,NA,NA,NA,NA
-19822,162,201902,66,70,70,2019,61.99635,-170.24224,8/18/2019 8:11,21740,walleye pollock,221,480,658,NA,1,NA,NA,NA,NA,NA
-19822,162,201902,66,70,70,2019,61.99635,-170.24224,8/18/2019 8:11,21740,walleye pollock,222,460,558,NA,2,NA,NA,NA,NA,NA
-19822,162,201902,66,70,70,2019,61.99635,-170.24224,8/18/2019 8:11,21740,walleye pollock,223,460,544,NA,2,NA,NA,NA,NA,NA
-19822,162,201902,66,70,70,2019,61.99635,-170.24224,8/18/2019 8:11,21740,walleye pollock,224,120,16,NA,3,NA,NA,NA,NA,NA
-19823,162,201902,67,70,70,2019,61.992035,-169.559745,8/18/2019 10:40,21740,walleye pollock,225,310,174,NA,2,NA,NA,NA,NA,NA
-19823,162,201902,67,70,70,2019,61.992035,-169.559745,8/18/2019 10:40,21740,walleye pollock,226,450,512,NA,2,NA,NA,NA,NA,NA
-19823,162,201902,67,70,70,2019,61.992035,-169.559745,8/18/2019 10:40,21740,walleye pollock,227,160,24,NA,3,NA,NA,NA,NA,NA
-19823,162,201902,67,70,70,2019,61.992035,-169.559745,8/18/2019 10:40,21740,walleye pollock,228,550,1006,NA,1,NA,NA,NA,NA,NA
-19825,162,201902,69,70,70,2019,61.664485,-170.177965,8/18/2019 15:42,21740,walleye pollock,233,550,980,NA,1,NA,NA,NA,NA,NA
-19825,162,201902,69,70,70,2019,61.664485,-170.177965,8/18/2019 15:42,21740,walleye pollock,234,320,220,NA,1,NA,NA,NA,NA,NA
-19825,162,201902,69,70,70,2019,61.664485,-170.177965,8/18/2019 15:42,21740,walleye pollock,235,330,245,NA,1,NA,NA,NA,NA,NA
-19825,162,201902,69,70,70,2019,61.664485,-170.177965,8/18/2019 15:42,21740,walleye pollock,236,140,15,NA,3,NA,NA,NA,NA,NA
-19826,162,201902,70,70,70,2019,61.33742,-170.17414,8/18/2019 18:09,21740,walleye pollock,237,350,255,NA,1,NA,NA,NA,NA,NA
-19826,162,201902,70,70,70,2019,61.33742,-170.17414,8/18/2019 18:09,21740,walleye pollock,238,590,1425,NA,2,NA,NA,NA,NA,NA
-19826,162,201902,70,70,70,2019,61.33742,-170.17414,8/18/2019 18:09,21740,walleye pollock,239,270,130,NA,2,NA,NA,NA,NA,NA
-19826,162,201902,70,70,70,2019,61.33742,-170.17414,8/18/2019 18:09,21740,walleye pollock,240,190,40,NA,1,NA,NA,NA,NA,NA
-19832,162,201902,71,70,70,2019,61.32734,-169.464865,8/19/2019 8:08,21740,walleye pollock,241,510,760,NA,1,NA,NA,NA,NA,NA
-19832,162,201902,71,70,70,2019,61.32734,-169.464865,8/19/2019 8:08,21740,walleye pollock,242,510,1010,NA,2,NA,NA,NA,NA,NA
-19832,162,201902,71,70,70,2019,61.32734,-169.464865,8/19/2019 8:08,21740,walleye pollock,243,590,1182,NA,2,NA,NA,NA,NA,NA
-19832,162,201902,71,70,70,2019,61.32734,-169.464865,8/19/2019 8:08,21740,walleye pollock,244,150,26,NA,3,NA,NA,NA,NA,NA
-19833,162,201902,72,70,70,2019,60.99903,-169.42226,8/19/2019 10:40,21740,walleye pollock,245,520,864,NA,1,NA,NA,NA,NA,NA
-19833,162,201902,72,70,70,2019,60.99903,-169.42226,8/19/2019 10:40,21740,walleye pollock,246,560,1102,NA,2,NA,NA,NA,NA,NA
-19833,162,201902,72,70,70,2019,60.99903,-169.42226,8/19/2019 10:40,21740,walleye pollock,247,480,706,NA,2,NA,NA,NA,NA,NA
-19833,162,201902,72,70,70,2019,60.99903,-169.42226,8/19/2019 10:40,21740,walleye pollock,248,140,22,NA,3,NA,NA,NA,NA,NA
-19834,162,201902,73,70,70,2019,60.992235,-170.07322,8/19/2019 13:10,21740,walleye pollock,249,360,300,NA,1,NA,NA,NA,NA,NA
-19834,162,201902,73,70,70,2019,60.992235,-170.07322,8/19/2019 13:10,21740,walleye pollock,250,340,250,NA,2,NA,NA,NA,NA,NA
-19834,162,201902,73,70,70,2019,60.992235,-170.07322,8/19/2019 13:10,21740,walleye pollock,251,290,155,NA,2,NA,NA,NA,NA,NA
-19834,162,201902,73,70,70,2019,60.992235,-170.07322,8/19/2019 13:10,21740,walleye pollock,252,130,12,NA,3,NA,NA,NA,NA,NA
-19835,162,201902,74,81,81,2019,60.992635,-170.769875,8/19/2019 15:51,21740,walleye pollock,253,460,635,NA,1,NA,NA,NA,NA,NA
-19835,162,201902,74,81,81,2019,60.992635,-170.769875,8/19/2019 15:51,21740,walleye pollock,254,450,580,NA,1,NA,NA,NA,NA,NA
-19835,162,201902,74,81,81,2019,60.992635,-170.769875,8/19/2019 15:51,21740,walleye pollock,255,460,640,NA,2,NA,NA,NA,NA,NA
-19835,162,201902,74,81,81,2019,60.992635,-170.769875,8/19/2019 15:51,21740,walleye pollock,256,190,45,NA,2,NA,NA,NA,NA,NA
-19841,162,201902,76,70,70,2019,60.666145,-170.092865,8/20/2019 11:14,21740,walleye pollock,261,450,565,NA,1,NA,NA,NA,NA,NA
-19841,162,201902,76,70,70,2019,60.666145,-170.092865,8/20/2019 11:14,21740,walleye pollock,262,520,920,NA,2,NA,NA,NA,NA,NA
-19841,162,201902,76,70,70,2019,60.666145,-170.092865,8/20/2019 11:14,21740,walleye pollock,263,360,270,NA,2,NA,NA,NA,NA,NA
-19841,162,201902,76,70,70,2019,60.666145,-170.092865,8/20/2019 11:14,21740,walleye pollock,264,230,60,NA,1,NA,NA,NA,NA,NA
-19847,162,201902,42,81,81,2019,63.6616,-172.721165,8/13/2019 7:49,21740,walleye pollock,137,480,724,NA,1,NA,NA,NA,NA,NA
-19847,162,201902,42,81,81,2019,63.6616,-172.721165,8/13/2019 7:49,21740,walleye pollock,138,350,308,NA,1,NA,NA,NA,NA,NA
-19847,162,201902,42,81,81,2019,63.6616,-172.721165,8/13/2019 7:49,21740,walleye pollock,139,420,406,NA,2,NA,NA,NA,NA,NA
-19847,162,201902,42,81,81,2019,63.6616,-172.721165,8/13/2019 7:49,21740,walleye pollock,140,130,12,NA,3,NA,NA,NA,NA,NA
-19848,162,201902,43,70,70,2019,63.69839,-172.061445,8/13/2019 10:10,21740,walleye pollock,141,540,1145,NA,2,NA,NA,NA,NA,NA
-19848,162,201902,43,70,70,2019,63.69839,-172.061445,8/13/2019 10:10,21740,walleye pollock,142,520,865,NA,2,NA,NA,NA,NA,NA
-19848,162,201902,43,70,70,2019,63.69839,-172.061445,8/13/2019 10:10,21740,walleye pollock,143,440,510,NA,1,NA,NA,NA,NA,NA
-19850,162,201902,45,81,81,2019,63.33313,-172.647645,8/13/2019 15:40,21740,walleye pollock,148,440,475,NA,1,NA,NA,NA,NA,NA
-19850,162,201902,45,81,81,2019,63.33313,-172.647645,8/13/2019 15:40,21740,walleye pollock,149,480,685,NA,2,NA,NA,NA,NA,NA
-19850,162,201902,45,81,81,2019,63.33313,-172.647645,8/13/2019 15:40,21740,walleye pollock,150,490,790,NA,2,NA,NA,NA,NA,NA
-19850,162,201902,45,81,81,2019,63.33313,-172.647645,8/13/2019 15:40,21740,walleye pollock,151,100,10,NA,3,NA,NA,NA,NA,NA
-19851,162,201902,46,81,81,2019,63.336915,-173.406035,8/13/2019 18:24,21740,walleye pollock,152,450,570,NA,1,NA,NA,NA,NA,NA
-19851,162,201902,46,81,81,2019,63.336915,-173.406035,8/13/2019 18:24,21740,walleye pollock,153,460,605,NA,1,NA,NA,NA,NA,NA
-19851,162,201902,46,81,81,2019,63.336915,-173.406035,8/13/2019 18:24,21740,walleye pollock,154,490,695,NA,2,NA,NA,NA,NA,NA
-19851,162,201902,46,81,81,2019,63.336915,-173.406035,8/13/2019 18:24,21740,walleye pollock,155,120,15,NA,3,NA,NA,NA,NA,NA
-20576,94,202102,1,81,81,2021,61.67323,-173.07778,7/22/2021 7:31,21740,walleye pollock,1,540,915,11,2,NA,NA,NA,NA,NA
-20576,94,202102,1,81,81,2021,61.67323,-173.07778,7/22/2021 7:31,21740,walleye pollock,2,480,610,10,1,NA,NA,NA,NA,NA
-20576,94,202102,1,81,81,2021,61.67323,-173.07778,7/22/2021 7:31,21740,walleye pollock,3,470,595,9,1,NA,NA,NA,NA,NA
-20576,94,202102,1,81,81,2021,61.67323,-173.07778,7/22/2021 7:31,21740,walleye pollock,4,490,715,8,2,NA,NA,NA,NA,NA
-20576,94,202102,1,81,81,2021,61.67323,-173.07778,7/22/2021 7:31,21740,walleye pollock,5,550,905,8,2,NA,NA,NA,NA,NA
-20577,94,202102,2,81,81,2021,61.359355,-172.91428,7/22/2021 10:15,21740,walleye pollock,6,490,700,8,2,NA,NA,NA,NA,NA
-20577,94,202102,2,81,81,2021,61.359355,-172.91428,7/22/2021 10:15,21740,walleye pollock,7,460,610,7,1,NA,NA,NA,NA,NA
-20577,94,202102,2,81,81,2021,61.359355,-172.91428,7/22/2021 10:15,21740,walleye pollock,8,460,625,7,1,NA,NA,NA,NA,NA
-20577,94,202102,2,81,81,2021,61.359355,-172.91428,7/22/2021 10:15,21740,walleye pollock,9,460,625,8,1,NA,NA,NA,NA,NA
-20577,94,202102,2,81,81,2021,61.359355,-172.91428,7/22/2021 10:15,21740,walleye pollock,10,470,655,6,1,NA,NA,NA,NA,NA
-20589,94,202102,3,81,81,2021,61.340725,-172.206795,7/23/2021 7:33,21740,walleye pollock,11,420,515,7,1,NA,NA,NA,NA,NA
-20589,94,202102,3,81,81,2021,61.340725,-172.206795,7/23/2021 7:33,21740,walleye pollock,12,450,520,7,2,NA,NA,NA,NA,NA
-20589,94,202102,3,81,81,2021,61.340725,-172.206795,7/23/2021 7:33,21740,walleye pollock,13,490,735,9,1,NA,NA,NA,NA,NA
-20589,94,202102,3,81,81,2021,61.340725,-172.206795,7/23/2021 7:33,21740,walleye pollock,14,460,670,8,1,NA,NA,NA,NA,NA
-20589,94,202102,3,81,81,2021,61.340725,-172.206795,7/23/2021 7:33,21740,walleye pollock,15,500,795,7,2,NA,NA,NA,NA,NA
-20590,94,202102,4,81,81,2021,61.338445,-171.53157,7/23/2021 10:10,21740,walleye pollock,16,550,875,10,1,NA,NA,NA,NA,NA
-20590,94,202102,4,81,81,2021,61.338445,-171.53157,7/23/2021 10:10,21740,walleye pollock,17,470,670,9,1,NA,NA,NA,NA,NA
-20590,94,202102,4,81,81,2021,61.338445,-171.53157,7/23/2021 10:10,21740,walleye pollock,18,460,660,7,1,NA,NA,NA,NA,NA
-20590,94,202102,4,81,81,2021,61.338445,-171.53157,7/23/2021 10:10,21740,walleye pollock,19,460,660,7,2,NA,NA,NA,NA,NA
-20590,94,202102,4,81,81,2021,61.338445,-171.53157,7/23/2021 10:10,21740,walleye pollock,20,520,845,9,2,NA,NA,NA,NA,NA
-20591,94,202102,5,81,81,2021,61.66059,-171.533265,7/23/2021 12:57,21740,walleye pollock,21,550,960,9,2,NA,NA,NA,NA,NA
-20591,94,202102,5,81,81,2021,61.66059,-171.533265,7/23/2021 12:57,21740,walleye pollock,22,550,1035,7,2,NA,NA,NA,NA,NA
-20591,94,202102,5,81,81,2021,61.66059,-171.533265,7/23/2021 12:57,21740,walleye pollock,23,490,655,8,2,NA,NA,NA,NA,NA
-20591,94,202102,5,81,81,2021,61.66059,-171.533265,7/23/2021 12:57,21740,walleye pollock,24,510,770,7,1,NA,NA,NA,NA,NA
-20591,94,202102,5,81,81,2021,61.66059,-171.533265,7/23/2021 12:57,21740,walleye pollock,25,510,760,7,1,NA,NA,NA,NA,NA
-20592,94,202102,6,81,81,2021,61.664665,-172.292375,7/23/2021 15:47,21740,walleye pollock,26,560,960,9,2,NA,NA,NA,NA,NA
-20592,94,202102,6,81,81,2021,61.664665,-172.292375,7/23/2021 15:47,21740,walleye pollock,27,580,1210,8,2,NA,NA,NA,NA,NA
-20592,94,202102,6,81,81,2021,61.664665,-172.292375,7/23/2021 15:47,21740,walleye pollock,28,500,810,8,2,NA,NA,NA,NA,NA
-20592,94,202102,6,81,81,2021,61.664665,-172.292375,7/23/2021 15:47,21740,walleye pollock,29,500,750,8,2,NA,NA,NA,NA,NA
-20592,94,202102,6,81,81,2021,61.664665,-172.292375,7/23/2021 15:47,21740,walleye pollock,30,520,690,9,1,NA,NA,NA,NA,NA
-20598,94,202102,7,81,81,2021,61.997375,-173.11302,7/24/2021 7:29,21740,walleye pollock,31,520,775,9,2,NA,NA,NA,NA,NA
-20598,94,202102,7,81,81,2021,61.997375,-173.11302,7/24/2021 7:29,21740,walleye pollock,32,490,580,7,2,NA,NA,NA,NA,NA
-20598,94,202102,7,81,81,2021,61.997375,-173.11302,7/24/2021 7:29,21740,walleye pollock,33,490,592,8,1,NA,NA,NA,NA,NA
-20598,94,202102,7,81,81,2021,61.997375,-173.11302,7/24/2021 7:29,21740,walleye pollock,34,540,874,11,1,NA,NA,NA,NA,NA
-20601,94,202102,10,81,81,2021,62.332695,-171.79744,7/24/2021 15:37,21740,walleye pollock,35,520,765,11,2,NA,NA,NA,NA,NA
-20601,94,202102,10,81,81,2021,62.332695,-171.79744,7/24/2021 15:37,21740,walleye pollock,36,530,750,9,2,NA,NA,NA,NA,NA
-20601,94,202102,10,81,81,2021,62.332695,-171.79744,7/24/2021 15:37,21740,walleye pollock,37,530,1000,11,1,NA,NA,NA,NA,NA
-20601,94,202102,10,81,81,2021,62.332695,-171.79744,7/24/2021 15:37,21740,walleye pollock,38,450,580,8,1,NA,NA,NA,NA,NA
-20601,94,202102,10,81,81,2021,62.332695,-171.79744,7/24/2021 15:37,21740,walleye pollock,39,460,540,8,1,NA,NA,NA,NA,NA
-20602,94,202102,11,70,70,2021,62.02658,-171.66618,7/24/2021 18:35,21740,walleye pollock,40,530,870,12,1,NA,NA,NA,NA,NA
-20602,94,202102,11,70,70,2021,62.02658,-171.66618,7/24/2021 18:35,21740,walleye pollock,41,600,1230,11,1,NA,NA,NA,NA,NA
-20602,94,202102,11,70,70,2021,62.02658,-171.66618,7/24/2021 18:35,21740,walleye pollock,42,500,735,8,2,NA,NA,NA,NA,NA
-20602,94,202102,11,70,70,2021,62.02658,-171.66618,7/24/2021 18:35,21740,walleye pollock,43,480,580,9,2,NA,NA,NA,NA,NA
-20602,94,202102,11,70,70,2021,62.02658,-171.66618,7/24/2021 18:35,21740,walleye pollock,44,540,800,7,2,NA,NA,NA,NA,NA
-20607,94,202102,12,70,70,2021,61.980685,-171.07103,7/25/2021 7:36,21740,walleye pollock,45,600,1410,10,2,NA,NA,NA,NA,NA
-20607,94,202102,12,70,70,2021,61.980685,-171.07103,7/25/2021 7:36,21740,walleye pollock,46,560,980,8,2,NA,NA,NA,NA,NA
-20607,94,202102,12,70,70,2021,61.980685,-171.07103,7/25/2021 7:36,21740,walleye pollock,47,530,920,10,2,NA,NA,NA,NA,NA
-20607,94,202102,12,70,70,2021,61.980685,-171.07103,7/25/2021 7:36,21740,walleye pollock,48,550,1010,11,1,NA,NA,NA,NA,NA
-20607,94,202102,12,70,70,2021,61.980685,-171.07103,7/25/2021 7:36,21740,walleye pollock,49,520,765,10,1,NA,NA,NA,NA,NA
-20607,94,202102,12,70,70,2021,61.980685,-171.07103,7/25/2021 7:36,21740,walleye pollock,50,120,15,1,3,NA,NA,NA,NA,NA
-20608,94,202102,13,70,70,2021,62.00565,-170.269635,7/25/2021 10:46,21740,walleye pollock,51,570,990,7,2,NA,NA,NA,NA,NA
-20608,94,202102,13,70,70,2021,62.00565,-170.269635,7/25/2021 10:46,21740,walleye pollock,52,570,1130,9,2,NA,NA,NA,NA,NA
-20608,94,202102,13,70,70,2021,62.00565,-170.269635,7/25/2021 10:46,21740,walleye pollock,53,480,640,11,2,NA,NA,NA,NA,NA
-20608,94,202102,13,70,70,2021,62.00565,-170.269635,7/25/2021 10:46,21740,walleye pollock,54,530,845,9,1,NA,NA,NA,NA,NA
-20608,94,202102,13,70,70,2021,62.00565,-170.269635,7/25/2021 10:46,21740,walleye pollock,55,480,700,8,1,NA,NA,NA,NA,NA
-20609,94,202102,14,70,70,2021,62.305455,-170.27634,7/25/2021 13:18,21740,walleye pollock,56,680,2130,12,2,NA,NA,NA,NA,NA
-20609,94,202102,14,70,70,2021,62.305455,-170.27634,7/25/2021 13:18,21740,walleye pollock,57,540,1015,8,2,NA,NA,NA,NA,NA
-20609,94,202102,14,70,70,2021,62.305455,-170.27634,7/25/2021 13:18,21740,walleye pollock,58,490,840,10,2,NA,NA,NA,NA,NA
-20609,94,202102,14,70,70,2021,62.305455,-170.27634,7/25/2021 13:18,21740,walleye pollock,59,560,1070,12,2,NA,NA,NA,NA,NA
-20609,94,202102,14,70,70,2021,62.305455,-170.27634,7/25/2021 13:18,21740,walleye pollock,60,530,950,11,1,NA,NA,NA,NA,NA
-20610,94,202102,15,70,70,2021,62.33985,-170.989715,7/25/2021 16:17,21740,walleye pollock,61,610,1195,9,2,NA,NA,NA,NA,NA
-20610,94,202102,15,70,70,2021,62.33985,-170.989715,7/25/2021 16:17,21740,walleye pollock,62,490,765,6,2,NA,NA,NA,NA,NA
-20610,94,202102,15,70,70,2021,62.33985,-170.989715,7/25/2021 16:17,21740,walleye pollock,63,490,755,8,2,NA,NA,NA,NA,NA
-20610,94,202102,15,70,70,2021,62.33985,-170.989715,7/25/2021 16:17,21740,walleye pollock,64,560,1050,10,1,NA,NA,NA,NA,NA
-20610,94,202102,15,70,70,2021,62.33985,-170.989715,7/25/2021 16:17,21740,walleye pollock,65,480,655,8,1,NA,NA,NA,NA,NA
-20611,94,202102,16,70,70,2021,62.64141,-170.958235,7/26/2021 7:30,21740,walleye pollock,70,540,845,8,1,NA,NA,NA,NA,NA
-20611,94,202102,16,70,70,2021,62.64141,-170.958235,7/26/2021 7:30,21740,walleye pollock,71,510,695,11,1,NA,NA,NA,NA,NA
-20611,94,202102,16,70,70,2021,62.64141,-170.958235,7/26/2021 7:30,21740,walleye pollock,66,580,1445,11,2,NA,NA,NA,NA,NA
-20611,94,202102,16,70,70,2021,62.64141,-170.958235,7/26/2021 7:30,21740,walleye pollock,67,560,935,10,2,NA,NA,NA,NA,NA
-20611,94,202102,16,70,70,2021,62.64141,-170.958235,7/26/2021 7:30,21740,walleye pollock,68,500,730,8,2,NA,NA,NA,NA,NA
-20611,94,202102,16,70,70,2021,62.64141,-170.958235,7/26/2021 7:30,21740,walleye pollock,69,130,10,1,3,NA,NA,NA,NA,NA
-20612,94,202102,17,70,70,2021,63.003185,-171.11632,7/26/2021 10:25,21740,walleye pollock,72,570,1305,9,2,NA,NA,NA,NA,NA
-20612,94,202102,17,70,70,2021,63.003185,-171.11632,7/26/2021 10:25,21740,walleye pollock,73,510,715,8,2,NA,NA,NA,NA,NA
-20612,94,202102,17,70,70,2021,63.003185,-171.11632,7/26/2021 10:25,21740,walleye pollock,74,590,1215,12,2,NA,NA,NA,NA,NA
-20612,94,202102,17,70,70,2021,63.003185,-171.11632,7/26/2021 10:25,21740,walleye pollock,75,480,630,9,2,NA,NA,NA,NA,NA
-20612,94,202102,17,70,70,2021,63.003185,-171.11632,7/26/2021 10:25,21740,walleye pollock,76,580,1065,13,2,NA,NA,NA,NA,NA
-20613,94,202102,18,70,70,2021,63.20071,-171.16688,7/26/2021 12:34,21740,walleye pollock,77,560,1154,8,1,NA,NA,NA,NA,NA
-20613,94,202102,18,70,70,2021,63.20071,-171.16688,7/26/2021 12:34,21740,walleye pollock,78,690,1994,13,2,NA,NA,NA,NA,NA
-20613,94,202102,18,70,70,2021,63.20071,-171.16688,7/26/2021 12:34,21740,walleye pollock,79,620,1490,9,2,NA,NA,NA,NA,NA
-20613,94,202102,18,70,70,2021,63.20071,-171.16688,7/26/2021 12:34,21740,walleye pollock,80,590,1242,10,2,NA,NA,NA,NA,NA
-20613,94,202102,18,70,70,2021,63.20071,-171.16688,7/26/2021 12:34,21740,walleye pollock,81,700,2020,10,2,NA,NA,NA,NA,NA
-20614,94,202102,19,70,70,2021,62.944735,-170.48452,7/26/2021 15:20,21740,walleye pollock,82,570,955,13,1,NA,NA,NA,NA,NA
-20614,94,202102,19,70,70,2021,62.944735,-170.48452,7/26/2021 15:20,21740,walleye pollock,83,490,795,8,1,NA,NA,NA,NA,NA
-20614,94,202102,19,70,70,2021,62.944735,-170.48452,7/26/2021 15:20,21740,walleye pollock,84,520,750,7,2,NA,NA,NA,NA,NA
-20614,94,202102,19,70,70,2021,62.944735,-170.48452,7/26/2021 15:20,21740,walleye pollock,85,630,1245,11,2,NA,NA,NA,NA,NA
-20614,94,202102,19,70,70,2021,62.944735,-170.48452,7/26/2021 15:20,21740,walleye pollock,86,540,860,8,2,NA,NA,NA,NA,NA
-20615,94,202102,20,70,70,2021,62.674705,-170.364425,7/26/2021 17:42,21740,walleye pollock,87,490,775,9,2,NA,NA,NA,NA,NA
-20615,94,202102,20,70,70,2021,62.674705,-170.364425,7/26/2021 17:42,21740,walleye pollock,88,540,900,9,2,NA,NA,NA,NA,NA
-20615,94,202102,20,70,70,2021,62.674705,-170.364425,7/26/2021 17:42,21740,walleye pollock,89,580,1220,9,1,NA,NA,NA,NA,NA
-20615,94,202102,20,70,70,2021,62.674705,-170.364425,7/26/2021 17:42,21740,walleye pollock,90,530,865,9,1,NA,NA,NA,NA,NA
-20615,94,202102,20,70,70,2021,62.674705,-170.364425,7/26/2021 17:42,21740,walleye pollock,91,480,750,6,1,NA,NA,NA,NA,NA
-20625,94,202102,24,70,70,2021,62.99652,-168.200905,7/27/2021 15:44,21740,walleye pollock,107,610,1300,11,2,NA,NA,NA,NA,NA
-20625,94,202102,24,70,70,2021,62.99652,-168.200905,7/27/2021 15:44,21740,walleye pollock,108,610,1310,11,2,NA,NA,NA,NA,NA
-20625,94,202102,24,70,70,2021,62.99652,-168.200905,7/27/2021 15:44,21740,walleye pollock,109,560,1065,10,2,NA,NA,NA,NA,NA
-20625,94,202102,24,70,70,2021,62.99652,-168.200905,7/27/2021 15:44,21740,walleye pollock,110,520,780,8,2,NA,NA,NA,NA,NA
-20625,94,202102,24,70,70,2021,62.99652,-168.200905,7/27/2021 15:44,21740,walleye pollock,111,570,1235,11,2,NA,NA,NA,NA,NA
-20622,94,202102,21,70,70,2021,62.66026,-169.62538,7/27/2021 7:37,21740,walleye pollock,92,570,1306,8,1,NA,NA,NA,NA,NA
-20622,94,202102,21,70,70,2021,62.66026,-169.62538,7/27/2021 7:37,21740,walleye pollock,93,590,1234,10,1,NA,NA,NA,NA,NA
-20622,94,202102,21,70,70,2021,62.66026,-169.62538,7/27/2021 7:37,21740,walleye pollock,94,510,788,11,2,NA,NA,NA,NA,NA
-20622,94,202102,21,70,70,2021,62.66026,-169.62538,7/27/2021 7:37,21740,walleye pollock,95,510,823,9,2,NA,NA,NA,NA,NA
-20622,94,202102,21,70,70,2021,62.66026,-169.62538,7/27/2021 7:37,21740,walleye pollock,96,530,892,10,2,NA,NA,NA,NA,NA
-20623,94,202102,22,70,70,2021,62.657235,-168.896405,7/27/2021 10:52,21740,walleye pollock,97,520,826,9,2,NA,NA,NA,NA,NA
-20623,94,202102,22,70,70,2021,62.657235,-168.896405,7/27/2021 10:52,21740,walleye pollock,98,540,960,13,2,NA,NA,NA,NA,NA
-20623,94,202102,22,70,70,2021,62.657235,-168.896405,7/27/2021 10:52,21740,walleye pollock,99,550,950,10,2,NA,NA,NA,NA,NA
-20623,94,202102,22,70,70,2021,62.657235,-168.896405,7/27/2021 10:52,21740,walleye pollock,100,520,812,8,1,NA,NA,NA,NA,NA
-20623,94,202102,22,70,70,2021,62.657235,-168.896405,7/27/2021 10:52,21740,walleye pollock,101,650,1578,10,1,NA,NA,NA,NA,NA
-20624,94,202102,23,70,70,2021,62.865445,-168.825805,7/27/2021 12:55,21740,walleye pollock,102,550,996,7,1,NA,NA,NA,NA,NA
-20624,94,202102,23,70,70,2021,62.865445,-168.825805,7/27/2021 12:55,21740,walleye pollock,103,530,854,6,1,NA,NA,NA,NA,NA
-20624,94,202102,23,70,70,2021,62.865445,-168.825805,7/27/2021 12:55,21740,walleye pollock,104,570,1136,9,2,NA,NA,NA,NA,NA
-20624,94,202102,23,70,70,2021,62.865445,-168.825805,7/27/2021 12:55,21740,walleye pollock,105,590,1076,12,2,NA,NA,NA,NA,NA
-20624,94,202102,23,70,70,2021,62.865445,-168.825805,7/27/2021 12:55,21740,walleye pollock,106,500,604,7,2,NA,NA,NA,NA,NA
-20626,94,202102,25,71,71,2021,63.68096,-168.963455,7/28/2021 12:01,21740,walleye pollock,112,510,884,9,1,NA,NA,NA,NA,NA
-20626,94,202102,25,71,71,2021,63.68096,-168.963455,7/28/2021 12:01,21740,walleye pollock,113,510,848,8,1,NA,NA,NA,NA,NA
-20626,94,202102,25,71,71,2021,63.68096,-168.963455,7/28/2021 12:01,21740,walleye pollock,114,540,950,11,2,NA,NA,NA,NA,NA
-20626,94,202102,25,71,71,2021,63.68096,-168.963455,7/28/2021 12:01,21740,walleye pollock,115,530,946,11,2,NA,NA,NA,NA,NA
-20626,94,202102,25,71,71,2021,63.68096,-168.963455,7/28/2021 12:01,21740,walleye pollock,116,530,882,7,2,NA,NA,NA,NA,NA
-20627,94,202102,26,71,71,2021,63.68538,-169.66229,7/28/2021 15:07,21740,walleye pollock,117,560,1144,11,1,NA,NA,NA,NA,NA
-20627,94,202102,26,71,71,2021,63.68538,-169.66229,7/28/2021 15:07,21740,walleye pollock,118,630,1676,8,2,NA,NA,NA,NA,NA
-20627,94,202102,26,71,71,2021,63.68538,-169.66229,7/28/2021 15:07,21740,walleye pollock,119,630,1336,13,2,NA,NA,NA,NA,NA
-20627,94,202102,26,71,71,2021,63.68538,-169.66229,7/28/2021 15:07,21740,walleye pollock,120,610,1420,9,2,NA,NA,NA,NA,NA
-20627,94,202102,26,71,71,2021,63.68538,-169.66229,7/28/2021 15:07,21740,walleye pollock,121,610,1434,10,2,NA,NA,NA,NA,NA
-20644,94,202102,31,71,71,2021,63.372045,-168.283725,7/29/2021 15:57,21740,walleye pollock,137,550,1055,12,1,NA,NA,NA,NA,NA
-20644,94,202102,31,71,71,2021,63.372045,-168.283725,7/29/2021 15:57,21740,walleye pollock,138,690,1960,11,2,NA,NA,NA,NA,NA
-20644,94,202102,31,71,71,2021,63.372045,-168.283725,7/29/2021 15:57,21740,walleye pollock,139,580,1140,12,2,NA,NA,NA,NA,NA
-20644,94,202102,31,71,71,2021,63.372045,-168.283725,7/29/2021 15:57,21740,walleye pollock,140,600,1450,9,2,NA,NA,NA,NA,NA
-20644,94,202102,31,71,71,2021,63.372045,-168.283725,7/29/2021 15:57,21740,walleye pollock,141,550,985,11,2,NA,NA,NA,NA,NA
-20641,94,202102,28,71,71,2021,63.99764,-169.0628,7/29/2021 7:34,21740,walleye pollock,122,640,1334,11,1,NA,NA,NA,NA,NA
-20641,94,202102,28,71,71,2021,63.99764,-169.0628,7/29/2021 7:34,21740,walleye pollock,123,600,1200,11,1,NA,NA,NA,NA,NA
-20641,94,202102,28,71,71,2021,63.99764,-169.0628,7/29/2021 7:34,21740,walleye pollock,124,620,1430,11,2,NA,NA,NA,NA,NA
-20641,94,202102,28,71,71,2021,63.99764,-169.0628,7/29/2021 7:34,21740,walleye pollock,125,610,1470,11,2,NA,NA,NA,NA,NA
-20641,94,202102,28,71,71,2021,63.99764,-169.0628,7/29/2021 7:34,21740,walleye pollock,126,650,1552,10,2,NA,NA,NA,NA,NA
-20642,94,202102,29,71,71,2021,64.0101,-168.3144,7/29/2021 10:17,21740,walleye pollock,127,550,940,10,1,NA,NA,NA,NA,NA
-20642,94,202102,29,71,71,2021,64.0101,-168.3144,7/29/2021 10:17,21740,walleye pollock,128,520,735,9,1,NA,NA,NA,NA,NA
-20642,94,202102,29,71,71,2021,64.0101,-168.3144,7/29/2021 10:17,21740,walleye pollock,129,530,1015,8,2,NA,NA,NA,NA,NA
-20642,94,202102,29,71,71,2021,64.0101,-168.3144,7/29/2021 10:17,21740,walleye pollock,130,590,1480,10,2,NA,NA,NA,NA,NA
-20642,94,202102,29,71,71,2021,64.0101,-168.3144,7/29/2021 10:17,21740,walleye pollock,131,600,1190,10,2,NA,NA,NA,NA,NA
-20643,94,202102,30,71,71,2021,63.68902,-168.26882,7/29/2021 13:09,21740,walleye pollock,132,520,785,10,1,NA,NA,NA,NA,NA
-20643,94,202102,30,71,71,2021,63.68902,-168.26882,7/29/2021 13:09,21740,walleye pollock,133,530,895,8,1,NA,NA,NA,NA,NA
-20643,94,202102,30,71,71,2021,63.68902,-168.26882,7/29/2021 13:09,21740,walleye pollock,134,510,855,7,2,NA,NA,NA,NA,NA
-20643,94,202102,30,71,71,2021,63.68902,-168.26882,7/29/2021 13:09,21740,walleye pollock,135,530,850,11,2,NA,NA,NA,NA,NA
-20643,94,202102,30,71,71,2021,63.68902,-168.26882,7/29/2021 13:09,21740,walleye pollock,136,510,665,12,2,NA,NA,NA,NA,NA
-20645,94,202102,32,71,71,2021,63.3267,-167.564485,7/30/2021 7:34,21740,walleye pollock,142,520,850,11,1,NA,NA,NA,NA,NA
-20645,94,202102,32,71,71,2021,63.3267,-167.564485,7/30/2021 7:34,21740,walleye pollock,143,540,1170,10,1,NA,NA,NA,NA,NA
-20645,94,202102,32,71,71,2021,63.3267,-167.564485,7/30/2021 7:34,21740,walleye pollock,144,530,790,10,1,NA,NA,NA,NA,NA
-20645,94,202102,32,71,71,2021,63.3267,-167.564485,7/30/2021 7:34,21740,walleye pollock,145,650,1416,11,2,NA,NA,NA,NA,NA
-20645,94,202102,32,71,71,2021,63.3267,-167.564485,7/30/2021 7:34,21740,walleye pollock,146,610,1356,9,2,NA,NA,NA,NA,NA
-20646,94,202102,33,71,71,2021,63.66072,-167.528985,7/30/2021 10:15,21740,walleye pollock,147,590,1650,9,2,NA,NA,NA,NA,NA
-20646,94,202102,33,71,71,2021,63.66072,-167.528985,7/30/2021 10:15,21740,walleye pollock,148,650,2095,9,2,NA,NA,NA,NA,NA
-20646,94,202102,33,71,71,2021,63.66072,-167.528985,7/30/2021 10:15,21740,walleye pollock,149,530,740,7,2,NA,NA,NA,NA,NA
-20646,94,202102,33,71,71,2021,63.66072,-167.528985,7/30/2021 10:15,21740,walleye pollock,150,640,1495,14,1,NA,NA,NA,NA,NA
-20646,94,202102,33,71,71,2021,63.66072,-167.528985,7/30/2021 10:15,21740,walleye pollock,151,490,740,7,1,NA,NA,NA,NA,NA
-20647,94,202102,34,71,71,2021,64.028995,-167.56952,7/30/2021 13:21,21740,walleye pollock,152,120,10,1,3,NA,NA,NA,NA,NA
-20647,94,202102,34,71,71,2021,64.028995,-167.56952,7/30/2021 13:21,21740,walleye pollock,153,130,14,1,3,NA,NA,NA,NA,NA
-20647,94,202102,34,71,71,2021,64.028995,-167.56952,7/30/2021 13:21,21740,walleye pollock,154,560,1054,12,1,NA,NA,NA,NA,NA
-20647,94,202102,34,71,71,2021,64.028995,-167.56952,7/30/2021 13:21,21740,walleye pollock,155,590,1424,8,1,NA,NA,NA,NA,NA
-20647,94,202102,34,71,71,2021,64.028995,-167.56952,7/30/2021 13:21,21740,walleye pollock,156,550,1088,9,1,NA,NA,NA,NA,NA
-20647,94,202102,34,71,71,2021,64.028995,-167.56952,7/30/2021 13:21,21740,walleye pollock,157,620,1524,8,2,NA,NA,NA,NA,NA
-20661,94,202102,36,71,71,2021,64.002595,-166.054845,8/2/2021 12:41,21740,walleye pollock,158,590,1148,12,1,NA,NA,NA,NA,NA
-20661,94,202102,36,71,71,2021,64.002595,-166.054845,8/2/2021 12:41,21740,walleye pollock,159,600,1170,12,1,NA,NA,NA,NA,NA
-20661,94,202102,36,71,71,2021,64.002595,-166.054845,8/2/2021 12:41,21740,walleye pollock,160,540,892,9,2,NA,NA,NA,NA,NA
-20661,94,202102,36,71,71,2021,64.002595,-166.054845,8/2/2021 12:41,21740,walleye pollock,161,620,1262,13,2,NA,NA,NA,NA,NA
-20661,94,202102,36,71,71,2021,64.002595,-166.054845,8/2/2021 12:41,21740,walleye pollock,162,580,1132,10,2,NA,NA,NA,NA,NA
-20794,94,202102,46,70,70,2021,61.99935,-166.72792,8/14/2021 7:43,21740,walleye pollock,163,140,18,1,1,NA,NA,NA,NA,NA
-20794,94,202102,46,70,70,2021,61.99935,-166.72792,8/14/2021 7:43,21740,walleye pollock,164,140,18,1,1,NA,NA,NA,NA,NA
-20794,94,202102,46,70,70,2021,61.99935,-166.72792,8/14/2021 7:43,21740,walleye pollock,165,130,18,1,1,NA,NA,NA,NA,NA
-20794,94,202102,46,70,70,2021,61.99935,-166.72792,8/14/2021 7:43,21740,walleye pollock,166,160,28,1,2,NA,NA,NA,NA,NA
-20794,94,202102,46,70,70,2021,61.99935,-166.72792,8/14/2021 7:43,21740,walleye pollock,167,170,34,1,2,NA,NA,NA,NA,NA
-20796,94,202102,48,70,70,2021,61.690615,-167.37308,8/14/2021 13:56,21740,walleye pollock,168,160,32,1,2,NA,NA,NA,NA,NA
-20796,94,202102,48,70,70,2021,61.690615,-167.37308,8/14/2021 13:56,21740,walleye pollock,169,160,32,1,2,NA,NA,NA,NA,NA
-20796,94,202102,48,70,70,2021,61.690615,-167.37308,8/14/2021 13:56,21740,walleye pollock,170,140,14,1,1,NA,NA,NA,NA,NA
-20796,94,202102,48,70,70,2021,61.690615,-167.37308,8/14/2021 13:56,21740,walleye pollock,171,150,26,1,1,NA,NA,NA,NA,NA
-20796,94,202102,48,70,70,2021,61.690615,-167.37308,8/14/2021 13:56,21740,walleye pollock,172,170,30,1,1,NA,NA,NA,NA,NA
-20814,94,202102,56,70,70,2021,61.32372,-169.41532,8/16/2021 8:00,21740,walleye pollock,173,500,845,8,1,NA,NA,NA,NA,NA
-20814,94,202102,56,70,70,2021,61.32372,-169.41532,8/16/2021 8:00,21740,walleye pollock,174,480,760,7,1,NA,NA,NA,NA,NA
-20814,94,202102,56,70,70,2021,61.32372,-169.41532,8/16/2021 8:00,21740,walleye pollock,175,470,745,6,2,NA,NA,NA,NA,NA
-20814,94,202102,56,70,70,2021,61.32372,-169.41532,8/16/2021 8:00,21740,walleye pollock,176,610,1425,10,2,NA,NA,NA,NA,NA
-20814,94,202102,56,70,70,2021,61.32372,-169.41532,8/16/2021 8:00,21740,walleye pollock,177,560,1205,8,2,NA,NA,NA,NA,NA
-20815,94,202102,57,70,70,2021,61.01061,-169.427505,8/16/2021 10:56,21740,walleye pollock,178,520,954,8,1,NA,NA,NA,NA,NA
-20815,94,202102,57,70,70,2021,61.01061,-169.427505,8/16/2021 10:56,21740,walleye pollock,179,480,682,9,1,NA,NA,NA,NA,NA
-20815,94,202102,57,70,70,2021,61.01061,-169.427505,8/16/2021 10:56,21740,walleye pollock,180,500,814,8,2,NA,NA,NA,NA,NA
-20815,94,202102,57,70,70,2021,61.01061,-169.427505,8/16/2021 10:56,21740,walleye pollock,181,560,1132,8,2,NA,NA,NA,NA,NA
-20815,94,202102,57,70,70,2021,61.01061,-169.427505,8/16/2021 10:56,21740,walleye pollock,182,580,1342,8,2,NA,NA,NA,NA,NA
-20817,94,202102,59,70,70,2021,61.0056,-168.05467,8/16/2021 16:18,21740,walleye pollock,183,160,35,1,1,NA,NA,NA,NA,NA
-20817,94,202102,59,70,70,2021,61.0056,-168.05467,8/16/2021 16:18,21740,walleye pollock,184,550,785,9,1,NA,NA,NA,NA,NA
-20817,94,202102,59,70,70,2021,61.0056,-168.05467,8/16/2021 16:18,21740,walleye pollock,185,680,2060,9,2,NA,NA,NA,NA,NA
-20817,94,202102,59,70,70,2021,61.0056,-168.05467,8/16/2021 16:18,21740,walleye pollock,186,160,35,1,2,NA,NA,NA,NA,NA
-20817,94,202102,59,70,70,2021,61.0056,-168.05467,8/16/2021 16:18,21740,walleye pollock,187,160,35,1,2,NA,NA,NA,NA,NA
-20818,94,202102,60,70,70,2021,60.692485,-168.01277,8/16/2021 18:51,21740,walleye pollock,188,190,55,1,1,NA,NA,NA,NA,NA
-20818,94,202102,60,70,70,2021,60.692485,-168.01277,8/16/2021 18:51,21740,walleye pollock,189,570,1260,11,1,NA,NA,NA,NA,NA
-20818,94,202102,60,70,70,2021,60.692485,-168.01277,8/16/2021 18:51,21740,walleye pollock,190,170,45,1,1,NA,NA,NA,NA,NA
-20818,94,202102,60,70,70,2021,60.692485,-168.01277,8/16/2021 18:51,21740,walleye pollock,191,650,1730,13,2,NA,NA,NA,NA,NA
-20818,94,202102,60,70,70,2021,60.692485,-168.01277,8/16/2021 18:51,21740,walleye pollock,192,620,1320,9,2,NA,NA,NA,NA,NA
-20585,162,202102,2,81,81,2021,62.33486,-175.275625,7/23/2021 7:33,21740,walleye pollock,1,540,910,8,1,NA,NA,NA,NA,NA
-20585,162,202102,2,81,81,2021,62.33486,-175.275625,7/23/2021 7:33,21740,walleye pollock,2,480,660,8,1,NA,NA,NA,NA,NA
-20585,162,202102,2,81,81,2021,62.33486,-175.275625,7/23/2021 7:33,21740,walleye pollock,3,490,635,7,2,NA,NA,NA,NA,NA
-20585,162,202102,2,81,81,2021,62.33486,-175.275625,7/23/2021 7:33,21740,walleye pollock,4,620,1190,10,2,NA,NA,NA,NA,NA
-20585,162,202102,2,81,81,2021,62.33486,-175.275625,7/23/2021 7:33,21740,walleye pollock,5,520,790,8,2,NA,NA,NA,NA,NA
-20586,162,202102,3,81,81,2021,62.337775,-174.61426,7/23/2021 10:03,21740,walleye pollock,6,460,565,6,2,NA,NA,NA,NA,NA
-20586,162,202102,3,81,81,2021,62.337775,-174.61426,7/23/2021 10:03,21740,walleye pollock,7,490,610,7,2,NA,NA,NA,NA,NA
-20586,162,202102,3,81,81,2021,62.337775,-174.61426,7/23/2021 10:03,21740,walleye pollock,8,470,640,9,1,NA,NA,NA,NA,NA
-20586,162,202102,3,81,81,2021,62.337775,-174.61426,7/23/2021 10:03,21740,walleye pollock,9,470,600,7,1,NA,NA,NA,NA,NA
-20586,162,202102,3,81,81,2021,62.337775,-174.61426,7/23/2021 10:03,21740,walleye pollock,10,490,705,9,1,NA,NA,NA,NA,NA
-20586,162,202102,3,81,81,2021,62.337775,-174.61426,7/23/2021 10:03,21740,walleye pollock,11,130,15,1,3,NA,NA,NA,NA,NA
-20587,162,202102,4,81,81,2021,62.659095,-174.621015,7/23/2021 12:35,21740,walleye pollock,12,480,655,8,2,NA,NA,NA,NA,NA
-20587,162,202102,4,81,81,2021,62.659095,-174.621015,7/23/2021 12:35,21740,walleye pollock,13,520,800,11,2,NA,NA,NA,NA,NA
-20587,162,202102,4,81,81,2021,62.659095,-174.621015,7/23/2021 12:35,21740,walleye pollock,14,470,635,6,2,NA,NA,NA,NA,NA
-20587,162,202102,4,81,81,2021,62.659095,-174.621015,7/23/2021 12:35,21740,walleye pollock,15,430,485,7,1,NA,NA,NA,NA,NA
-20587,162,202102,4,81,81,2021,62.659095,-174.621015,7/23/2021 12:35,21740,walleye pollock,16,470,605,6,1,NA,NA,NA,NA,NA
-20587,162,202102,4,81,81,2021,62.659095,-174.621015,7/23/2021 12:35,21740,walleye pollock,17,110,5,1,3,NA,NA,NA,NA,NA
-20593,162,202102,6,81,81,2021,62.332455,-173.83068,7/24/2021 7:17,21740,walleye pollock,18,580,1170,12,1,NA,NA,NA,NA,NA
-20593,162,202102,6,81,81,2021,62.332455,-173.83068,7/24/2021 7:17,21740,walleye pollock,19,500,705,12,1,NA,NA,NA,NA,NA
-20593,162,202102,6,81,81,2021,62.332455,-173.83068,7/24/2021 7:17,21740,walleye pollock,20,470,765,7,2,NA,NA,NA,NA,NA
-20593,162,202102,6,81,81,2021,62.332455,-173.83068,7/24/2021 7:17,21740,walleye pollock,21,480,635,7,2,NA,NA,NA,NA,NA
-20593,162,202102,6,81,81,2021,62.332455,-173.83068,7/24/2021 7:17,21740,walleye pollock,22,590,1165,9,2,NA,NA,NA,NA,NA
-20593,162,202102,6,81,81,2021,62.332455,-173.83068,7/24/2021 7:17,21740,walleye pollock,23,120,10,1,3,NA,NA,NA,NA,NA
-20594,162,202102,7,81,81,2021,62.348985,-173.16048,7/24/2021 10:03,21740,walleye pollock,24,490,685,6,1,NA,NA,NA,NA,NA
-20594,162,202102,7,81,81,2021,62.348985,-173.16048,7/24/2021 10:03,21740,walleye pollock,25,510,940,8,1,NA,NA,NA,NA,NA
-20594,162,202102,7,81,81,2021,62.348985,-173.16048,7/24/2021 10:03,21740,walleye pollock,26,490,670,9,1,NA,NA,NA,NA,NA
-20594,162,202102,7,81,81,2021,62.348985,-173.16048,7/24/2021 10:03,21740,walleye pollock,27,530,845,7,2,NA,NA,NA,NA,NA
-20594,162,202102,7,81,81,2021,62.348985,-173.16048,7/24/2021 10:03,21740,walleye pollock,28,460,655,7,2,NA,NA,NA,NA,NA
-20594,162,202102,7,81,81,2021,62.348985,-173.16048,7/24/2021 10:03,21740,walleye pollock,29,140,20,1,3,NA,NA,NA,NA,NA
-20595,162,202102,8,81,81,2021,62.662975,-173.16578,7/24/2021 12:33,21740,walleye pollock,30,470,625,7,2,NA,NA,NA,NA,NA
-20595,162,202102,8,81,81,2021,62.662975,-173.16578,7/24/2021 12:33,21740,walleye pollock,31,510,740,8,2,NA,NA,NA,NA,NA
-20595,162,202102,8,81,81,2021,62.662975,-173.16578,7/24/2021 12:33,21740,walleye pollock,32,580,1095,9,2,NA,NA,NA,NA,NA
-20595,162,202102,8,81,81,2021,62.662975,-173.16578,7/24/2021 12:33,21740,walleye pollock,33,520,830,8,2,NA,NA,NA,NA,NA
-20595,162,202102,8,81,81,2021,62.662975,-173.16578,7/24/2021 12:33,21740,walleye pollock,34,530,845,7,2,NA,NA,NA,NA,NA
-20596,162,202102,9,81,81,2021,62.667145,-172.44106,7/24/2021 15:11,21740,walleye pollock,35,490,600,7,1,NA,NA,NA,NA,NA
-20596,162,202102,9,81,81,2021,62.667145,-172.44106,7/24/2021 15:11,21740,walleye pollock,36,500,605,11,1,NA,NA,NA,NA,NA
-20596,162,202102,9,81,81,2021,62.667145,-172.44106,7/24/2021 15:11,21740,walleye pollock,37,560,1050,10,1,NA,NA,NA,NA,NA
-20596,162,202102,9,81,81,2021,62.667145,-172.44106,7/24/2021 15:11,21740,walleye pollock,38,560,940,11,2,NA,NA,NA,NA,NA
-20596,162,202102,9,81,81,2021,62.667145,-172.44106,7/24/2021 15:11,21740,walleye pollock,39,480,675,5,2,NA,NA,NA,NA,NA
-20597,162,202102,10,70,70,2021,62.67179,-171.8136,7/24/2021 17:29,21740,walleye pollock,40,510,805,8,2,NA,NA,NA,NA,NA
-20597,162,202102,10,70,70,2021,62.67179,-171.8136,7/24/2021 17:29,21740,walleye pollock,41,560,1025,7,2,NA,NA,NA,NA,NA
-20597,162,202102,10,70,70,2021,62.67179,-171.8136,7/24/2021 17:29,21740,walleye pollock,42,520,820,7,2,NA,NA,NA,NA,NA
-20597,162,202102,10,70,70,2021,62.67179,-171.8136,7/24/2021 17:29,21740,walleye pollock,43,530,870,NA,2,NA,NA,NA,NA,NA
-20597,162,202102,10,70,70,2021,62.67179,-171.8136,7/24/2021 17:29,21740,walleye pollock,44,480,705,7,2,NA,NA,NA,NA,NA
-20603,162,202102,11,70,70,2021,63.00793,-171.767845,7/25/2021 7:23,21740,walleye pollock,45,540,875,7,1,NA,NA,NA,NA,NA
-20603,162,202102,11,70,70,2021,63.00793,-171.767845,7/25/2021 7:23,21740,walleye pollock,46,510,780,11,1,NA,NA,NA,NA,NA
-20603,162,202102,11,70,70,2021,63.00793,-171.767845,7/25/2021 7:23,21740,walleye pollock,47,500,750,7,2,NA,NA,NA,NA,NA
-20603,162,202102,11,70,70,2021,63.00793,-171.767845,7/25/2021 7:23,21740,walleye pollock,48,600,1085,10,2,NA,NA,NA,NA,NA
-20603,162,202102,11,70,70,2021,63.00793,-171.767845,7/25/2021 7:23,21740,walleye pollock,49,490,665,5,2,NA,NA,NA,NA,NA
-20603,162,202102,11,70,70,2021,63.00793,-171.767845,7/25/2021 7:23,21740,walleye pollock,50,120,10,1,3,NA,NA,NA,NA,NA
-20605,162,202102,13,81,81,2021,63.004,-173.215325,7/25/2021 12:37,21740,walleye pollock,51,500,800,7,1,NA,NA,NA,NA,NA
-20605,162,202102,13,81,81,2021,63.004,-173.215325,7/25/2021 12:37,21740,walleye pollock,52,490,695,7,1,NA,NA,NA,NA,NA
-20605,162,202102,13,81,81,2021,63.004,-173.215325,7/25/2021 12:37,21740,walleye pollock,53,530,855,NA,1,NA,NA,NA,NA,NA
-20605,162,202102,13,81,81,2021,63.004,-173.215325,7/25/2021 12:37,21740,walleye pollock,54,560,1040,9,2,NA,NA,NA,NA,NA
-20605,162,202102,13,81,81,2021,63.004,-173.215325,7/25/2021 12:37,21740,walleye pollock,55,540,845,7,2,NA,NA,NA,NA,NA
-20606,162,202102,14,81,81,2021,63.000435,-173.981685,7/25/2021 15:19,21740,walleye pollock,56,570,1200,11,2,NA,NA,NA,NA,NA
-20606,162,202102,14,81,81,2021,63.000435,-173.981685,7/25/2021 15:19,21740,walleye pollock,57,470,550,7,2,NA,NA,NA,NA,NA
-20606,162,202102,14,81,81,2021,63.000435,-173.981685,7/25/2021 15:19,21740,walleye pollock,58,520,740,7,2,NA,NA,NA,NA,NA
-20606,162,202102,14,81,81,2021,63.000435,-173.981685,7/25/2021 15:19,21740,walleye pollock,59,500,720,7,2,NA,NA,NA,NA,NA
-20606,162,202102,14,81,81,2021,63.000435,-173.981685,7/25/2021 15:19,21740,walleye pollock,60,490,730,9,2,NA,NA,NA,NA,NA
-20616,162,202102,15,81,81,2021,63.339025,-173.357445,7/26/2021 7:00,21740,walleye pollock,61,500,675,10,2,NA,NA,NA,NA,NA
-20616,162,202102,15,81,81,2021,63.339025,-173.357445,7/26/2021 7:00,21740,walleye pollock,62,510,800,9,2,NA,NA,NA,NA,NA
-20616,162,202102,15,81,81,2021,63.339025,-173.357445,7/26/2021 7:00,21740,walleye pollock,63,520,995,9,2,NA,NA,NA,NA,NA
-20616,162,202102,15,81,81,2021,63.339025,-173.357445,7/26/2021 7:00,21740,walleye pollock,64,510,740,9,1,NA,NA,NA,NA,NA
-20616,162,202102,15,81,81,2021,63.339025,-173.357445,7/26/2021 7:00,21740,walleye pollock,65,450,545,7,1,NA,NA,NA,NA,NA
-20617,162,202102,16,81,81,2021,63.33523,-172.62468,7/26/2021 9:32,21740,walleye pollock,66,520,805,8,1,NA,NA,NA,NA,NA
-20617,162,202102,16,81,81,2021,63.33523,-172.62468,7/26/2021 9:32,21740,walleye pollock,67,560,1105,10,1,NA,NA,NA,NA,NA
-20617,162,202102,16,81,81,2021,63.33523,-172.62468,7/26/2021 9:32,21740,walleye pollock,68,480,665,7,2,NA,NA,NA,NA,NA
-20617,162,202102,16,81,81,2021,63.33523,-172.62468,7/26/2021 9:32,21740,walleye pollock,69,510,735,7,2,NA,NA,NA,NA,NA
-20617,162,202102,16,81,81,2021,63.33523,-172.62468,7/26/2021 9:32,21740,walleye pollock,70,520,765,9,2,NA,NA,NA,NA,NA
-20617,162,202102,16,81,81,2021,63.33523,-172.62468,7/26/2021 9:32,21740,walleye pollock,71,100,10,1,3,NA,NA,NA,NA,NA
-20619,162,202102,18,70,70,2021,63.24515,-171.99726,7/26/2021 13:34,21740,walleye pollock,72,630,1575,8,1,NA,NA,NA,NA,NA
-20619,162,202102,18,70,70,2021,63.24515,-171.99726,7/26/2021 13:34,21740,walleye pollock,73,460,635,6,1,NA,NA,NA,NA,NA
-20619,162,202102,18,70,70,2021,63.24515,-171.99726,7/26/2021 13:34,21740,walleye pollock,74,490,640,8,2,NA,NA,NA,NA,NA
-20619,162,202102,18,70,70,2021,63.24515,-171.99726,7/26/2021 13:34,21740,walleye pollock,75,510,800,11,2,NA,NA,NA,NA,NA
-20619,162,202102,18,70,70,2021,63.24515,-171.99726,7/26/2021 13:34,21740,walleye pollock,76,630,1430,12,2,NA,NA,NA,NA,NA
-20620,162,202102,19,70,70,2021,63.535055,-171.99621,7/26/2021 16:03,21740,walleye pollock,77,550,900,11,1,NA,NA,NA,NA,NA
-20620,162,202102,19,70,70,2021,63.535055,-171.99621,7/26/2021 16:03,21740,walleye pollock,78,580,1280,11,1,NA,NA,NA,NA,NA
-20620,162,202102,19,70,70,2021,63.535055,-171.99621,7/26/2021 16:03,21740,walleye pollock,79,560,935,12,1,NA,NA,NA,NA,NA
-20620,162,202102,19,70,70,2021,63.535055,-171.99621,7/26/2021 16:03,21740,walleye pollock,80,600,1240,9,2,NA,NA,NA,NA,NA
-20620,162,202102,19,70,70,2021,63.535055,-171.99621,7/26/2021 16:03,21740,walleye pollock,81,610,1435,9,2,NA,NA,NA,NA,NA
-20621,162,202102,20,81,81,2021,63.657025,-172.673635,7/26/2021 18:39,21740,walleye pollock,82,470,640,7,1,NA,NA,NA,NA,NA
-20621,162,202102,20,81,81,2021,63.657025,-172.673635,7/26/2021 18:39,21740,walleye pollock,83,480,825,7,1,NA,NA,NA,NA,NA
-20621,162,202102,20,81,81,2021,63.657025,-172.673635,7/26/2021 18:39,21740,walleye pollock,84,490,705,7,2,NA,NA,NA,NA,NA
-20621,162,202102,20,81,81,2021,63.657025,-172.673635,7/26/2021 18:39,21740,walleye pollock,85,500,660,8,2,NA,NA,NA,NA,NA
-20621,162,202102,20,81,81,2021,63.657025,-172.673635,7/26/2021 18:39,21740,walleye pollock,86,490,705,7,2,NA,NA,NA,NA,NA
-20630,162,202102,22,71,71,2021,64.01035,-171.79476,7/27/2021 9:55,21740,walleye pollock,87,470,625,7,1,NA,NA,NA,NA,NA
-20630,162,202102,22,71,71,2021,64.01035,-171.79476,7/27/2021 9:55,21740,walleye pollock,88,490,680,12,1,NA,NA,NA,NA,NA
-20630,162,202102,22,71,71,2021,64.01035,-171.79476,7/27/2021 9:55,21740,walleye pollock,89,480,745,6,2,NA,NA,NA,NA,NA
-20630,162,202102,22,71,71,2021,64.01035,-171.79476,7/27/2021 9:55,21740,walleye pollock,90,490,740,7,2,NA,NA,NA,NA,NA
-20630,162,202102,22,71,71,2021,64.01035,-171.79476,7/27/2021 9:55,21740,walleye pollock,91,470,685,7,2,NA,NA,NA,NA,NA
-20631,162,202102,23,71,71,2021,64.04661,-171.351435,7/27/2021 11:56,21740,walleye pollock,92,540,960,11,1,NA,NA,NA,NA,NA
-20631,162,202102,23,71,71,2021,64.04661,-171.351435,7/27/2021 11:56,21740,walleye pollock,93,500,655,8,2,NA,NA,NA,NA,NA
-20631,162,202102,23,71,71,2021,64.04661,-171.351435,7/27/2021 11:56,21740,walleye pollock,94,520,785,8,2,NA,NA,NA,NA,NA
-20631,162,202102,23,71,71,2021,64.04661,-171.351435,7/27/2021 11:56,21740,walleye pollock,95,450,595,7,1,NA,NA,NA,NA,NA
-20631,162,202102,23,71,71,2021,64.04661,-171.351435,7/27/2021 11:56,21740,walleye pollock,96,520,765,7,2,NA,NA,NA,NA,NA
-20634,162,202102,26,71,71,2021,64.233985,-171.105935,7/28/2021 13:29,21740,walleye pollock,97,480,690,7,2,NA,NA,NA,NA,NA
-20634,162,202102,26,71,71,2021,64.233985,-171.105935,7/28/2021 13:29,21740,walleye pollock,98,460,560,6,2,NA,NA,NA,NA,NA
-20634,162,202102,26,71,71,2021,64.233985,-171.105935,7/28/2021 13:29,21740,walleye pollock,99,510,735,8,2,NA,NA,NA,NA,NA
-20634,162,202102,26,71,71,2021,64.233985,-171.105935,7/28/2021 13:29,21740,walleye pollock,100,500,645,7,2,NA,NA,NA,NA,NA
-20634,162,202102,26,71,71,2021,64.233985,-171.105935,7/28/2021 13:29,21740,walleye pollock,101,490,605,7,2,NA,NA,NA,NA,NA
-20635,162,202102,27,71,71,2021,64.28089,-170.67872,7/28/2021 15:31,21740,walleye pollock,102,490,690,8,1,NA,NA,NA,NA,NA
-20635,162,202102,27,71,71,2021,64.28089,-170.67872,7/28/2021 15:31,21740,walleye pollock,103,500,825,7,1,NA,NA,NA,NA,NA
-20635,162,202102,27,71,71,2021,64.28089,-170.67872,7/28/2021 15:31,21740,walleye pollock,104,490,575,14,1,NA,NA,NA,NA,NA
-20635,162,202102,27,71,71,2021,64.28089,-170.67872,7/28/2021 15:31,21740,walleye pollock,105,560,1030,12,2,NA,NA,NA,NA,NA
-20635,162,202102,27,71,71,2021,64.28089,-170.67872,7/28/2021 15:31,21740,walleye pollock,106,480,680,7,2,NA,NA,NA,NA,NA
-20636,162,202102,28,71,71,2021,64.316715,-169.83788,7/29/2021 7:14,21740,walleye pollock,107,490,705,7,1,NA,NA,NA,NA,NA
-20636,162,202102,28,71,71,2021,64.316715,-169.83788,7/29/2021 7:14,21740,walleye pollock,108,530,975,12,1,NA,NA,NA,NA,NA
-20636,162,202102,28,71,71,2021,64.316715,-169.83788,7/29/2021 7:14,21740,walleye pollock,109,490,740,7,1,NA,NA,NA,NA,NA
-20636,162,202102,28,71,71,2021,64.316715,-169.83788,7/29/2021 7:14,21740,walleye pollock,110,540,860,8,2,NA,NA,NA,NA,NA
-20636,162,202102,28,71,71,2021,64.316715,-169.83788,7/29/2021 7:14,21740,walleye pollock,111,680,1575,NA,2,NA,NA,NA,NA,NA
-20648,162,202102,33,71,71,2021,65.252895,-168.947575,7/30/2021 7:18,21740,walleye pollock,117,590,1345,9,2,NA,NA,NA,NA,NA
-20648,162,202102,33,71,71,2021,65.252895,-168.947575,7/30/2021 7:18,21740,walleye pollock,118,540,1000,14,2,NA,NA,NA,NA,NA
-20648,162,202102,33,71,71,2021,65.252895,-168.947575,7/30/2021 7:18,21740,walleye pollock,119,520,815,8,2,NA,NA,NA,NA,NA
-20648,162,202102,33,71,71,2021,65.252895,-168.947575,7/30/2021 7:18,21740,walleye pollock,120,580,1280,10,2,NA,NA,NA,NA,NA
-20648,162,202102,33,71,71,2021,65.252895,-168.947575,7/30/2021 7:18,21740,walleye pollock,121,540,810,8,2,NA,NA,NA,NA,NA
-20649,162,202102,34,71,71,2021,65.017845,-169.10073,7/30/2021 9:58,21740,walleye pollock,122,580,1335,14,1,NA,NA,NA,NA,NA
-20649,162,202102,34,71,71,2021,65.017845,-169.10073,7/30/2021 9:58,21740,walleye pollock,123,590,1295,8,2,NA,NA,NA,NA,NA
-20649,162,202102,34,71,71,2021,65.017845,-169.10073,7/30/2021 9:58,21740,walleye pollock,124,580,1315,10,2,NA,NA,NA,NA,NA
-20649,162,202102,34,71,71,2021,65.017845,-169.10073,7/30/2021 9:58,21740,walleye pollock,125,600,1355,11,2,NA,NA,NA,NA,NA
-20649,162,202102,34,71,71,2021,65.017845,-169.10073,7/30/2021 9:58,21740,walleye pollock,126,560,1325,9,1,NA,NA,NA,NA,NA
-20650,162,202102,35,71,71,2021,64.65804,-169.15643,7/30/2021 12:55,21740,walleye pollock,127,570,1340,12,2,NA,NA,NA,NA,NA
-20650,162,202102,35,71,71,2021,64.65804,-169.15643,7/30/2021 12:55,21740,walleye pollock,128,600,1455,9,2,NA,NA,NA,NA,NA
-20650,162,202102,35,71,71,2021,64.65804,-169.15643,7/30/2021 12:55,21740,walleye pollock,129,570,1330,14,2,NA,NA,NA,NA,NA
-20650,162,202102,35,71,71,2021,64.65804,-169.15643,7/30/2021 12:55,21740,walleye pollock,130,560,1120,12,1,NA,NA,NA,NA,NA
-20650,162,202102,35,71,71,2021,64.65804,-169.15643,7/30/2021 12:55,21740,walleye pollock,131,580,1170,6,2,NA,NA,NA,NA,NA
-20651,162,202102,36,71,71,2021,64.33431,-169.097245,7/30/2021 15:28,21740,walleye pollock,132,560,1205,10,2,NA,NA,NA,NA,NA
-20651,162,202102,36,71,71,2021,64.33431,-169.097245,7/30/2021 15:28,21740,walleye pollock,133,620,1460,13,2,NA,NA,NA,NA,NA
-20651,162,202102,36,71,71,2021,64.33431,-169.097245,7/30/2021 15:28,21740,walleye pollock,134,590,1300,12,2,NA,NA,NA,NA,NA
-20651,162,202102,36,71,71,2021,64.33431,-169.097245,7/30/2021 15:28,21740,walleye pollock,135,580,1540,10,2,NA,NA,NA,NA,NA
-20651,162,202102,36,71,71,2021,64.33431,-169.097245,7/30/2021 15:28,21740,walleye pollock,136,580,1395,10,2,NA,NA,NA,NA,NA
-20653,162,202102,38,71,71,2021,64.653955,-168.331795,7/31/2021 9:44,21740,walleye pollock,137,580,1265,9,1,NA,NA,NA,NA,NA
-20653,162,202102,38,71,71,2021,64.653955,-168.331795,7/31/2021 9:44,21740,walleye pollock,138,510,975,8,1,NA,NA,NA,NA,NA
-20653,162,202102,38,71,71,2021,64.653955,-168.331795,7/31/2021 9:44,21740,walleye pollock,139,590,1300,11,2,NA,NA,NA,NA,NA
-20653,162,202102,38,71,71,2021,64.653955,-168.331795,7/31/2021 9:44,21740,walleye pollock,140,570,1225,11,2,NA,NA,NA,NA,NA
-20653,162,202102,38,71,71,2021,64.653955,-168.331795,7/31/2021 9:44,21740,walleye pollock,141,540,1015,12,1,NA,NA,NA,NA,NA
-20654,162,202102,39,71,71,2021,64.994345,-168.339065,7/31/2021 12:18,21740,walleye pollock,142,630,1440,13,2,NA,NA,NA,NA,NA
-20654,162,202102,39,71,71,2021,64.994345,-168.339065,7/31/2021 12:18,21740,walleye pollock,143,560,1190,8,2,NA,NA,NA,NA,NA
-20654,162,202102,39,71,71,2021,64.994345,-168.339065,7/31/2021 12:18,21740,walleye pollock,144,560,1055,9,2,NA,NA,NA,NA,NA
-20654,162,202102,39,71,71,2021,64.994345,-168.339065,7/31/2021 12:18,21740,walleye pollock,145,590,1575,12,2,NA,NA,NA,NA,NA
-20654,162,202102,39,71,71,2021,64.994345,-168.339065,7/31/2021 12:18,21740,walleye pollock,146,540,895,6,2,NA,NA,NA,NA,NA
-20655,162,202102,40,71,71,2021,65.32447,-168.362725,7/31/2021 14:57,21740,walleye pollock,147,580,1205,7,2,NA,NA,NA,NA,NA
-20655,162,202102,40,71,71,2021,65.32447,-168.362725,7/31/2021 14:57,21740,walleye pollock,148,660,1995,12,1,NA,NA,NA,NA,NA
-20655,162,202102,40,71,71,2021,65.32447,-168.362725,7/31/2021 14:57,21740,walleye pollock,149,540,925,8,2,NA,NA,NA,NA,NA
-20655,162,202102,40,71,71,2021,65.32447,-168.362725,7/31/2021 14:57,21740,walleye pollock,150,550,1115,7,1,NA,NA,NA,NA,NA
-20655,162,202102,40,71,71,2021,65.32447,-168.362725,7/31/2021 14:57,21740,walleye pollock,151,640,1565,10,1,NA,NA,NA,NA,NA
-20656,162,202102,41,71,71,2021,64.333085,-167.57719,8/1/2021 7:18,21740,walleye pollock,152,640,1710,11,1,NA,NA,NA,NA,NA
-20656,162,202102,41,71,71,2021,64.333085,-167.57719,8/1/2021 7:18,21740,walleye pollock,153,620,1505,9,1,NA,NA,NA,NA,NA
-20656,162,202102,41,71,71,2021,64.333085,-167.57719,8/1/2021 7:18,21740,walleye pollock,154,620,1550,12,2,NA,NA,NA,NA,NA
-20656,162,202102,41,71,71,2021,64.333085,-167.57719,8/1/2021 7:18,21740,walleye pollock,155,600,1390,9,2,NA,NA,NA,NA,NA
-20656,162,202102,41,71,71,2021,64.333085,-167.57719,8/1/2021 7:18,21740,walleye pollock,156,570,1035,9,2,NA,NA,NA,NA,NA
-20657,162,202102,42,71,71,2021,64.657665,-167.605295,8/1/2021 9:41,21740,walleye pollock,157,140,15,1,3,NA,NA,NA,NA,NA
-20657,162,202102,42,71,71,2021,64.657665,-167.605295,8/1/2021 9:41,21740,walleye pollock,158,580,1335,12,1,NA,NA,NA,NA,NA
-20657,162,202102,42,71,71,2021,64.657665,-167.605295,8/1/2021 9:41,21740,walleye pollock,159,540,1175,10,2,NA,NA,NA,NA,NA
-20657,162,202102,42,71,71,2021,64.657665,-167.605295,8/1/2021 9:41,21740,walleye pollock,160,560,1150,9,1,NA,NA,NA,NA,NA
-20657,162,202102,42,71,71,2021,64.657665,-167.605295,8/1/2021 9:41,21740,walleye pollock,161,610,1385,10,2,NA,NA,NA,NA,NA
-20657,162,202102,42,71,71,2021,64.657665,-167.605295,8/1/2021 9:41,21740,walleye pollock,162,590,1445,9,2,NA,NA,NA,NA,NA
-20658,162,202102,43,71,71,2021,64.978615,-167.614405,8/1/2021 12:10,21740,walleye pollock,163,580,1015,8,2,NA,NA,NA,NA,NA
-20658,162,202102,43,71,71,2021,64.978615,-167.614405,8/1/2021 12:10,21740,walleye pollock,164,630,1930,11,2,NA,NA,NA,NA,NA
-20658,162,202102,43,71,71,2021,64.978615,-167.614405,8/1/2021 12:10,21740,walleye pollock,165,660,1555,8,2,NA,NA,NA,NA,NA
-20658,162,202102,43,71,71,2021,64.978615,-167.614405,8/1/2021 12:10,21740,walleye pollock,166,640,1840,9,2,NA,NA,NA,NA,NA
-20658,162,202102,43,71,71,2021,64.978615,-167.614405,8/1/2021 12:10,21740,walleye pollock,167,600,1090,12,2,NA,NA,NA,NA,NA
-20662,162,202102,50,71,71,2021,63.66752,-165.319985,8/6/2021 7:12,21740,walleye pollock,197,150,25,1,2,NA,NA,NA,NA,NA
-20662,162,202102,50,71,71,2021,63.66752,-165.319985,8/6/2021 7:12,21740,walleye pollock,198,150,25,1,2,NA,NA,NA,NA,NA
-20662,162,202102,50,71,71,2021,63.66752,-165.319985,8/6/2021 7:12,21740,walleye pollock,199,140,20,1,2,NA,NA,NA,NA,NA
-20662,162,202102,50,71,71,2021,63.66752,-165.319985,8/6/2021 7:12,21740,walleye pollock,200,160,30,1,1,NA,NA,NA,NA,NA
-20662,162,202102,50,71,71,2021,63.66752,-165.319985,8/6/2021 7:12,21740,walleye pollock,201,160,25,1,1,NA,NA,NA,NA,NA
-20691,162,202102,67,70,70,2021,63.00607,-166.024015,8/10/2021 7:10,21740,walleye pollock,202,160,30,1,1,NA,NA,NA,NA,NA
-20691,162,202102,67,70,70,2021,63.00607,-166.024015,8/10/2021 7:10,21740,walleye pollock,203,170,35,1,1,NA,NA,NA,NA,NA
-20691,162,202102,67,70,70,2021,63.00607,-166.024015,8/10/2021 7:10,21740,walleye pollock,204,170,45,1,1,NA,NA,NA,NA,NA
-20691,162,202102,67,70,70,2021,63.00607,-166.024015,8/10/2021 7:10,21740,walleye pollock,205,160,35,1,1,NA,NA,NA,NA,NA
-20691,162,202102,67,70,70,2021,63.00607,-166.024015,8/10/2021 7:10,21740,walleye pollock,206,180,50,1,2,NA,NA,NA,NA,NA
-20693,162,202102,69,71,71,2021,63.326175,-166.720785,8/10/2021 12:17,21740,walleye pollock,207,630,1270,12,2,NA,NA,NA,NA,NA
-20693,162,202102,69,71,71,2021,63.326175,-166.720785,8/10/2021 12:17,21740,walleye pollock,208,140,20,1,1,NA,NA,NA,NA,NA
-20693,162,202102,69,71,71,2021,63.326175,-166.720785,8/10/2021 12:17,21740,walleye pollock,209,120,10,1,3,NA,NA,NA,NA,NA
-20693,162,202102,69,71,71,2021,63.326175,-166.720785,8/10/2021 12:17,21740,walleye pollock,210,130,20,1,3,NA,NA,NA,NA,NA
-20693,162,202102,69,71,71,2021,63.326175,-166.720785,8/10/2021 12:17,21740,walleye pollock,211,130,20,1,3,NA,NA,NA,NA,NA
-20694,162,202102,70,70,70,2021,63.00235,-166.75036,8/10/2021 14:45,21740,walleye pollock,212,170,45,1,2,NA,NA,NA,NA,NA
-20694,162,202102,70,70,70,2021,63.00235,-166.75036,8/10/2021 14:45,21740,walleye pollock,213,170,40,1,1,NA,NA,NA,NA,NA
-20694,162,202102,70,70,70,2021,63.00235,-166.75036,8/10/2021 14:45,21740,walleye pollock,214,160,35,1,1,NA,NA,NA,NA,NA
-20694,162,202102,70,70,70,2021,63.00235,-166.75036,8/10/2021 14:45,21740,walleye pollock,215,170,35,1,2,NA,NA,NA,NA,NA
-20694,162,202102,70,70,70,2021,63.00235,-166.75036,8/10/2021 14:45,21740,walleye pollock,216,170,35,1,1,NA,NA,NA,NA,NA
-20695,162,202102,71,70,70,2021,62.9969,-167.424855,8/10/2021 17:13,21740,walleye pollock,217,560,1150,10,1,NA,NA,NA,NA,NA
-20695,162,202102,71,70,70,2021,62.9969,-167.424855,8/10/2021 17:13,21740,walleye pollock,218,530,905,9,2,NA,NA,NA,NA,NA
-20695,162,202102,71,70,70,2021,62.9969,-167.424855,8/10/2021 17:13,21740,walleye pollock,219,520,785,8,1,NA,NA,NA,NA,NA
-20695,162,202102,71,70,70,2021,62.9969,-167.424855,8/10/2021 17:13,21740,walleye pollock,220,520,930,8,1,NA,NA,NA,NA,NA
-20695,162,202102,71,70,70,2021,62.9969,-167.424855,8/10/2021 17:13,21740,walleye pollock,221,590,1205,6,2,NA,NA,NA,NA,NA
-20770,162,202102,72,70,70,2021,62.64567,-168.18579,8/11/2021 7:27,21740,walleye pollock,223,540,980,8,1,NA,NA,NA,NA,NA
-20770,162,202102,72,70,70,2021,62.64567,-168.18579,8/11/2021 7:27,21740,walleye pollock,222,600,1490,6,1,NA,NA,NA,NA,NA
-20770,162,202102,72,70,70,2021,62.64567,-168.18579,8/11/2021 7:27,21740,walleye pollock,224,530,820,8,2,NA,NA,NA,NA,NA
-20770,162,202102,72,70,70,2021,62.64567,-168.18579,8/11/2021 7:27,21740,walleye pollock,225,540,975,7,2,NA,NA,NA,NA,NA
-20770,162,202102,72,70,70,2021,62.64567,-168.18579,8/11/2021 7:27,21740,walleye pollock,226,590,1380,9,2,NA,NA,NA,NA,NA
-20771,162,202102,73,70,70,2021,62.662255,-167.48342,8/11/2021 10:02,21740,walleye pollock,227,540,980,9,1,NA,NA,NA,NA,NA
-20771,162,202102,73,70,70,2021,62.662255,-167.48342,8/11/2021 10:02,21740,walleye pollock,228,580,1145,8,2,NA,NA,NA,NA,NA
-20771,162,202102,73,70,70,2021,62.662255,-167.48342,8/11/2021 10:02,21740,walleye pollock,229,520,815,6,2,NA,NA,NA,NA,NA
-20771,162,202102,73,70,70,2021,62.662255,-167.48342,8/11/2021 10:02,21740,walleye pollock,230,550,995,7,1,NA,NA,NA,NA,NA
-20771,162,202102,73,70,70,2021,62.662255,-167.48342,8/11/2021 10:02,21740,walleye pollock,231,540,1025,9,1,NA,NA,NA,NA,NA
-20772,162,202102,74,70,70,2021,62.663465,-166.763945,8/11/2021 12:46,21740,walleye pollock,232,140,20,1,1,NA,NA,NA,NA,NA
-20772,162,202102,74,70,70,2021,62.663465,-166.763945,8/11/2021 12:46,21740,walleye pollock,233,140,25,1,1,NA,NA,NA,NA,NA
-20772,162,202102,74,70,70,2021,62.663465,-166.763945,8/11/2021 12:46,21740,walleye pollock,234,140,20,1,1,NA,NA,NA,NA,NA
-20772,162,202102,74,70,70,2021,62.663465,-166.763945,8/11/2021 12:46,21740,walleye pollock,235,150,20,1,2,NA,NA,NA,NA,NA
-20772,162,202102,74,70,70,2021,62.663465,-166.763945,8/11/2021 12:46,21740,walleye pollock,236,150,25,1,2,NA,NA,NA,NA,NA
-20773,162,202102,75,70,70,2021,62.33807,-166.72109,8/11/2021 15:09,21740,walleye pollock,237,150,30,1,1,NA,NA,NA,NA,NA
-20773,162,202102,75,70,70,2021,62.33807,-166.72109,8/11/2021 15:09,21740,walleye pollock,238,150,35,1,2,NA,NA,NA,NA,NA
-20773,162,202102,75,70,70,2021,62.33807,-166.72109,8/11/2021 15:09,21740,walleye pollock,239,130,20,1,1,NA,NA,NA,NA,NA
-20773,162,202102,75,70,70,2021,62.33807,-166.72109,8/11/2021 15:09,21740,walleye pollock,240,130,20,1,3,NA,NA,NA,NA,NA
-20773,162,202102,75,70,70,2021,62.33807,-166.72109,8/11/2021 15:09,21740,walleye pollock,241,120,15,1,3,NA,NA,NA,NA,NA
-20775,162,202102,77,70,70,2021,62.342515,-167.47154,8/11/2021 18:58,21740,walleye pollock,242,170,40,1,2,NA,NA,NA,NA,NA
-20775,162,202102,77,70,70,2021,62.342515,-167.47154,8/11/2021 18:58,21740,walleye pollock,243,170,45,1,2,NA,NA,NA,NA,NA
-20775,162,202102,77,70,70,2021,62.342515,-167.47154,8/11/2021 18:58,21740,walleye pollock,244,180,40,1,2,NA,NA,NA,NA,NA
-20775,162,202102,77,70,70,2021,62.342515,-167.47154,8/11/2021 18:58,21740,walleye pollock,245,170,40,1,1,NA,NA,NA,NA,NA
-20775,162,202102,77,70,70,2021,62.342515,-167.47154,8/11/2021 18:58,21740,walleye pollock,246,190,45,1,1,NA,NA,NA,NA,NA
-20776,162,202102,78,70,70,2021,62.341485,-168.157475,8/12/2021 7:34,21740,walleye pollock,247,540,1050,10,1,NA,NA,NA,NA,NA
-20776,162,202102,78,70,70,2021,62.341485,-168.157475,8/12/2021 7:34,21740,walleye pollock,251,530,800,9,2,NA,NA,NA,NA,NA
-20776,162,202102,78,70,70,2021,62.341485,-168.157475,8/12/2021 7:34,21740,walleye pollock,248,510,730,8,1,NA,NA,NA,NA,NA
-20776,162,202102,78,70,70,2021,62.341485,-168.157475,8/12/2021 7:34,21740,walleye pollock,249,550,995,15,2,NA,NA,NA,NA,NA
-20776,162,202102,78,70,70,2021,62.341485,-168.157475,8/12/2021 7:34,21740,walleye pollock,250,600,1335,8,2,NA,NA,NA,NA,NA
-20777,162,202102,79,70,70,2021,62.32697,-168.874705,8/12/2021 10:05,21740,walleye pollock,252,550,1015,7,2,NA,NA,NA,NA,NA
-20777,162,202102,79,70,70,2021,62.32697,-168.874705,8/12/2021 10:05,21740,walleye pollock,253,530,955,7,1,NA,NA,NA,NA,NA
-20777,162,202102,79,70,70,2021,62.32697,-168.874705,8/12/2021 10:05,21740,walleye pollock,254,530,790,10,1,NA,NA,NA,NA,NA
-20777,162,202102,79,70,70,2021,62.32697,-168.874705,8/12/2021 10:05,21740,walleye pollock,255,600,1430,11,1,NA,NA,NA,NA,NA
-20777,162,202102,79,70,70,2021,62.32697,-168.874705,8/12/2021 10:05,21740,walleye pollock,256,580,1065,10,2,NA,NA,NA,NA,NA
-20778,162,202102,80,70,70,2021,62.31809,-169.58511,8/12/2021 13:40,21740,walleye pollock,257,540,895,12,1,NA,NA,NA,NA,NA
-20778,162,202102,80,70,70,2021,62.31809,-169.58511,8/12/2021 13:40,21740,walleye pollock,258,530,865,9,1,NA,NA,NA,NA,NA
-20778,162,202102,80,70,70,2021,62.31809,-169.58511,8/12/2021 13:40,21740,walleye pollock,259,560,1005,9,2,NA,NA,NA,NA,NA
-20778,162,202102,80,70,70,2021,62.31809,-169.58511,8/12/2021 13:40,21740,walleye pollock,260,540,735,9,2,NA,NA,NA,NA,NA
-20778,162,202102,80,70,70,2021,62.31809,-169.58511,8/12/2021 13:40,21740,walleye pollock,261,520,930,9,2,NA,NA,NA,NA,NA
-20779,162,202102,81,70,70,2021,62.017705,-169.5518,8/12/2021 16:01,21740,walleye pollock,262,520,865,7,2,NA,NA,NA,NA,NA
-20779,162,202102,81,70,70,2021,62.017705,-169.5518,8/12/2021 16:01,21740,walleye pollock,263,530,900,8,2,NA,NA,NA,NA,NA
-20779,162,202102,81,70,70,2021,62.017705,-169.5518,8/12/2021 16:01,21740,walleye pollock,264,490,710,9,1,NA,NA,NA,NA,NA
-20779,162,202102,81,70,70,2021,62.017705,-169.5518,8/12/2021 16:01,21740,walleye pollock,265,510,905,8,1,NA,NA,NA,NA,NA
-20779,162,202102,81,70,70,2021,62.017705,-169.5518,8/12/2021 16:01,21740,walleye pollock,266,510,815,7,2,NA,NA,NA,NA,NA
-20780,162,202102,82,70,70,2021,61.99519,-168.79878,8/13/2021 7:41,21740,walleye pollock,267,510,775,8,2,NA,NA,NA,NA,NA
-20780,162,202102,82,70,70,2021,61.99519,-168.79878,8/13/2021 7:41,21740,walleye pollock,268,540,850,8,2,NA,NA,NA,NA,NA
-20780,162,202102,82,70,70,2021,61.99519,-168.79878,8/13/2021 7:41,21740,walleye pollock,269,570,1275,10,1,NA,NA,NA,NA,NA
-20780,162,202102,82,70,70,2021,61.99519,-168.79878,8/13/2021 7:41,21740,walleye pollock,270,530,905,13,1,NA,NA,NA,NA,NA
-20780,162,202102,82,70,70,2021,61.99519,-168.79878,8/13/2021 7:41,21740,walleye pollock,271,490,765,9,1,NA,NA,NA,NA,NA
-20781,162,202102,83,70,70,2021,61.999715,-168.130655,8/13/2021 10:14,21740,walleye pollock,272,180,45,1,1,NA,NA,NA,NA,NA
-20781,162,202102,83,70,70,2021,61.999715,-168.130655,8/13/2021 10:14,21740,walleye pollock,273,570,1370,13,1,NA,NA,NA,NA,NA
-20781,162,202102,83,70,70,2021,61.999715,-168.130655,8/13/2021 10:14,21740,walleye pollock,274,500,905,9,1,NA,NA,NA,NA,NA
-20781,162,202102,83,70,70,2021,61.999715,-168.130655,8/13/2021 10:14,21740,walleye pollock,275,620,1590,8,2,NA,NA,NA,NA,NA
-20781,162,202102,83,70,70,2021,61.999715,-168.130655,8/13/2021 10:14,21740,walleye pollock,276,570,1320,8,2,NA,NA,NA,NA,NA
-20783,162,202102,85,70,70,2021,61.66585,-168.79037,8/13/2021 15:27,21740,walleye pollock,277,520,970,7,1,NA,NA,NA,NA,NA
-20783,162,202102,85,70,70,2021,61.66585,-168.79037,8/13/2021 15:27,21740,walleye pollock,278,510,540,8,1,NA,NA,NA,NA,NA
-20783,162,202102,85,70,70,2021,61.66585,-168.79037,8/13/2021 15:27,21740,walleye pollock,279,530,920,10,2,NA,NA,NA,NA,NA
-20783,162,202102,85,70,70,2021,61.66585,-168.79037,8/13/2021 15:27,21740,walleye pollock,280,150,15,1,1,NA,NA,NA,NA,NA
-20783,162,202102,85,70,70,2021,61.66585,-168.79037,8/13/2021 15:27,21740,walleye pollock,281,150,15,1,2,NA,NA,NA,NA,NA
-20784,162,202102,86,70,70,2021,61.667485,-169.467605,8/13/2021 17:57,21740,walleye pollock,282,510,945,10,1,NA,NA,NA,NA,NA
-20784,162,202102,86,70,70,2021,61.667485,-169.467605,8/13/2021 17:57,21740,walleye pollock,283,480,785,7,1,NA,NA,NA,NA,NA
-20784,162,202102,86,70,70,2021,61.667485,-169.467605,8/13/2021 17:57,21740,walleye pollock,284,550,980,8,2,NA,NA,NA,NA,NA
-20784,162,202102,86,70,70,2021,61.667485,-169.467605,8/13/2021 17:57,21740,walleye pollock,285,590,1135,9,2,NA,NA,NA,NA,NA
-20784,162,202102,86,70,70,2021,61.667485,-169.467605,8/13/2021 17:57,21740,walleye pollock,286,560,1080,10,2,NA,NA,NA,NA,NA
-20799,162,202102,87,70,70,2021,61.67021,-170.2141,8/15/2021 7:54,21740,walleye pollock,287,480,735,8,2,NA,NA,NA,NA,NA
-20799,162,202102,87,70,70,2021,61.67021,-170.2141,8/15/2021 7:54,21740,walleye pollock,288,500,790,8,2,NA,NA,NA,NA,NA
-20799,162,202102,87,70,70,2021,61.67021,-170.2141,8/15/2021 7:54,21740,walleye pollock,289,510,830,7,2,NA,NA,NA,NA,NA
-20799,162,202102,87,70,70,2021,61.67021,-170.2141,8/15/2021 7:54,21740,walleye pollock,290,480,630,6,1,NA,NA,NA,NA,NA
-20799,162,202102,87,70,70,2021,61.67021,-170.2141,8/15/2021 7:54,21740,walleye pollock,291,470,700,7,1,NA,NA,NA,NA,NA
-20800,162,202102,88,81,81,2021,61.661175,-170.9271,8/15/2021 10:34,21740,walleye pollock,292,480,675,8,1,NA,NA,NA,NA,NA
-20800,162,202102,88,81,81,2021,61.661175,-170.9271,8/15/2021 10:34,21740,walleye pollock,293,490,765,9,1,NA,NA,NA,NA,NA
-20800,162,202102,88,81,81,2021,61.661175,-170.9271,8/15/2021 10:34,21740,walleye pollock,294,500,775,7,2,NA,NA,NA,NA,NA
-20800,162,202102,88,81,81,2021,61.661175,-170.9271,8/15/2021 10:34,21740,walleye pollock,295,590,1335,10,2,NA,NA,NA,NA,NA
-20800,162,202102,88,81,81,2021,61.661175,-170.9271,8/15/2021 10:34,21740,walleye pollock,296,480,685,5,2,NA,NA,NA,NA,NA
-20801,162,202102,89,81,81,2021,61.33833,-170.839695,8/15/2021 13:19,21740,walleye pollock,297,400,455,4,1,NA,NA,NA,NA,NA
-20801,162,202102,89,81,81,2021,61.33833,-170.839695,8/15/2021 13:19,21740,walleye pollock,298,510,850,7,2,NA,NA,NA,NA,NA
-20801,162,202102,89,81,81,2021,61.33833,-170.839695,8/15/2021 13:19,21740,walleye pollock,299,490,775,8,2,NA,NA,NA,NA,NA
-20801,162,202102,89,81,81,2021,61.33833,-170.839695,8/15/2021 13:19,21740,walleye pollock,300,500,640,7,2,NA,NA,NA,NA,NA
-20801,162,202102,89,81,81,2021,61.33833,-170.839695,8/15/2021 13:19,21740,walleye pollock,301,490,680,5,2,NA,NA,NA,NA,NA
-20802,162,202102,90,70,70,2021,61.327975,-170.179565,8/15/2021 15:44,21740,walleye pollock,302,470,710,6,1,NA,NA,NA,NA,NA
-20802,162,202102,90,70,70,2021,61.327975,-170.179565,8/15/2021 15:44,21740,walleye pollock,303,510,795,7,2,NA,NA,NA,NA,NA
-20802,162,202102,90,70,70,2021,61.327975,-170.179565,8/15/2021 15:44,21740,walleye pollock,304,450,655,8,1,NA,NA,NA,NA,NA
-20802,162,202102,90,70,70,2021,61.327975,-170.179565,8/15/2021 15:44,21740,walleye pollock,305,510,980,8,1,NA,NA,NA,NA,NA
-20802,162,202102,90,70,70,2021,61.327975,-170.179565,8/15/2021 15:44,21740,walleye pollock,306,490,805,6,2,NA,NA,NA,NA,NA
-20803,162,202102,91,70,70,2021,60.99985,-170.115065,8/15/2021 18:30,21740,walleye pollock,307,500,850,8,1,NA,NA,NA,NA,NA
-20803,162,202102,91,70,70,2021,60.99985,-170.115065,8/15/2021 18:30,21740,walleye pollock,308,510,1015,8,2,NA,NA,NA,NA,NA
-20803,162,202102,91,70,70,2021,60.99985,-170.115065,8/15/2021 18:30,21740,walleye pollock,309,480,685,7,2,NA,NA,NA,NA,NA
-20803,162,202102,91,70,70,2021,60.99985,-170.115065,8/15/2021 18:30,21740,walleye pollock,310,480,740,5,2,NA,NA,NA,NA,NA
-20803,162,202102,91,70,70,2021,60.99985,-170.115065,8/15/2021 18:30,21740,walleye pollock,311,510,930,8,1,NA,NA,NA,NA,NA
-20803,162,202102,91,70,70,2021,60.99985,-170.115065,8/15/2021 18:30,21740,walleye pollock,312,160,30,1,3,NA,NA,NA,NA,NA
-20809,162,202102,92,81,81,2021,60.999635,-170.805845,8/16/2021 8:03,21740,walleye pollock,313,500,820,7,1,NA,NA,NA,NA,NA
-20809,162,202102,92,81,81,2021,60.999635,-170.805845,8/16/2021 8:03,21740,walleye pollock,314,490,835,7,2,NA,NA,NA,NA,NA
-20809,162,202102,92,81,81,2021,60.999635,-170.805845,8/16/2021 8:03,21740,walleye pollock,315,490,710,6,2,NA,NA,NA,NA,NA
-20809,162,202102,92,81,81,2021,60.999635,-170.805845,8/16/2021 8:03,21740,walleye pollock,316,450,545,6,1,NA,NA,NA,NA,NA
-20809,162,202102,92,81,81,2021,60.999635,-170.805845,8/16/2021 8:03,21740,walleye pollock,317,420,580,4,1,NA,NA,NA,NA,NA
-20810,162,202102,93,81,81,2021,60.67469,-170.753935,8/16/2021 10:37,21740,walleye pollock,318,440,610,4,1,NA,NA,NA,NA,NA
-20810,162,202102,93,81,81,2021,60.67469,-170.753935,8/16/2021 10:37,21740,walleye pollock,322,490,700,7,2,NA,NA,NA,NA,NA
-20810,162,202102,93,81,81,2021,60.67469,-170.753935,8/16/2021 10:37,21740,walleye pollock,319,510,760,6,2,NA,NA,NA,NA,NA
-20810,162,202102,93,81,81,2021,60.67469,-170.753935,8/16/2021 10:37,21740,walleye pollock,320,440,620,4,1,NA,NA,NA,NA,NA
-20810,162,202102,93,81,81,2021,60.67469,-170.753935,8/16/2021 10:37,21740,walleye pollock,321,460,555,5,2,NA,NA,NA,NA,NA
-20811,162,202102,94,70,70,2021,60.67186,-170.054575,8/16/2021 13:16,21740,walleye pollock,323,440,565,6,1,NA,NA,NA,NA,NA
-20811,162,202102,94,70,70,2021,60.67186,-170.054575,8/16/2021 13:16,21740,walleye pollock,324,430,600,4,1,NA,NA,NA,NA,NA
-20811,162,202102,94,70,70,2021,60.67186,-170.054575,8/16/2021 13:16,21740,walleye pollock,325,490,800,7,1,NA,NA,NA,NA,NA
-20811,162,202102,94,70,70,2021,60.67186,-170.054575,8/16/2021 13:16,21740,walleye pollock,326,470,770,6,2,NA,NA,NA,NA,NA
-20811,162,202102,94,70,70,2021,60.67186,-170.054575,8/16/2021 13:16,21740,walleye pollock,327,530,775,12,2,NA,NA,NA,NA,NA
-20811,162,202102,94,70,70,2021,60.67186,-170.054575,8/16/2021 13:16,21740,walleye pollock,328,150,25,1,2,NA,NA,NA,NA,NA
-20812,162,202102,95,70,70,2021,60.671735,-169.368795,8/16/2021 15:42,21740,walleye pollock,329,160,25,1,2,NA,NA,NA,NA,NA
-20812,162,202102,95,70,70,2021,60.671735,-169.368795,8/16/2021 15:42,21740,walleye pollock,330,510,860,7,2,NA,NA,NA,NA,NA
-20812,162,202102,95,70,70,2021,60.671735,-169.368795,8/16/2021 15:42,21740,walleye pollock,331,510,890,12,1,NA,NA,NA,NA,NA
-20812,162,202102,95,70,70,2021,60.671735,-169.368795,8/16/2021 15:42,21740,walleye pollock,332,490,570,8,2,NA,NA,NA,NA,NA
-20812,162,202102,95,70,70,2021,60.671735,-169.368795,8/16/2021 15:42,21740,walleye pollock,333,480,730,6,2,NA,NA,NA,NA,NA
-20812,162,202102,95,70,70,2021,60.671735,-169.368795,8/16/2021 15:42,21740,walleye pollock,334,450,540,5,1,NA,NA,NA,NA,NA
-20813,162,202102,96,70,70,2021,60.66512,-168.70247,8/16/2021 18:05,21740,walleye pollock,335,510,805,7,1,NA,NA,NA,NA,NA
-20813,162,202102,96,70,70,2021,60.66512,-168.70247,8/16/2021 18:05,21740,walleye pollock,336,160,35,1,1,NA,NA,NA,NA,NA
-20813,162,202102,96,70,70,2021,60.66512,-168.70247,8/16/2021 18:05,21740,walleye pollock,337,180,50,1,2,NA,NA,NA,NA,NA
-20813,162,202102,96,70,70,2021,60.66512,-168.70247,8/16/2021 18:05,21740,walleye pollock,338,140,25,1,1,NA,NA,NA,NA,NA
-20813,162,202102,96,70,70,2021,60.66512,-168.70247,8/16/2021 18:05,21740,walleye pollock,339,510,745,7,2,NA,NA,NA,NA,NA
-21014,162,202102,45,71,71,2021,64.674045,-166.85066,8/5/2021 7:28,21740,walleye pollock,168,590,1010,9,1,NA,NA,NA,NA,NA
-21014,162,202102,45,71,71,2021,64.674045,-166.85066,8/5/2021 7:28,21740,walleye pollock,169,660,1655,12,2,NA,NA,NA,NA,NA
-21014,162,202102,45,71,71,2021,64.674045,-166.85066,8/5/2021 7:28,21740,walleye pollock,170,650,1880,11,2,NA,NA,NA,NA,NA
-21014,162,202102,45,71,71,2021,64.674045,-166.85066,8/5/2021 7:28,21740,walleye pollock,171,640,1510,12,2,NA,NA,NA,NA,NA
-21014,162,202102,45,71,71,2021,64.674045,-166.85066,8/5/2021 7:28,21740,walleye pollock,172,560,890,9,2,NA,NA,NA,NA,NA
-21014,162,202102,45,71,71,2021,64.674045,-166.85066,8/5/2021 7:28,21740,walleye pollock,173,750,3280,NA,2,NA,NA,NA,NA,NA
-21015,162,202102,46,71,71,2021,64.3544,-166.835115,8/5/2021 10:00,21740,walleye pollock,175,550,930,11,2,NA,NA,NA,NA,NA
-21015,162,202102,46,71,71,2021,64.3544,-166.835115,8/5/2021 10:00,21740,walleye pollock,174,120,10,1,3,NA,NA,NA,NA,NA
-21015,162,202102,46,71,71,2021,64.3544,-166.835115,8/5/2021 10:00,21740,walleye pollock,176,670,1830,15,1,NA,NA,NA,NA,NA
-21015,162,202102,46,71,71,2021,64.3544,-166.835115,8/5/2021 10:00,21740,walleye pollock,177,620,1360,10,2,NA,NA,NA,NA,NA
-21015,162,202102,46,71,71,2021,64.3544,-166.835115,8/5/2021 10:00,21740,walleye pollock,178,560,1160,10,1,NA,NA,NA,NA,NA
-21015,162,202102,46,71,71,2021,64.3544,-166.835115,8/5/2021 10:00,21740,walleye pollock,179,570,1090,10,1,NA,NA,NA,NA,NA
-21016,162,202102,47,71,71,2021,64.00184,-166.823305,8/5/2021 12:41,21740,walleye pollock,180,700,2220,11,2,NA,NA,NA,NA,NA
-21016,162,202102,47,71,71,2021,64.00184,-166.823305,8/5/2021 12:41,21740,walleye pollock,181,590,1410,10,2,NA,NA,NA,NA,NA
-21016,162,202102,47,71,71,2021,64.00184,-166.823305,8/5/2021 12:41,21740,walleye pollock,182,610,1425,10,1,NA,NA,NA,NA,NA
-21016,162,202102,47,71,71,2021,64.00184,-166.823305,8/5/2021 12:41,21740,walleye pollock,183,490,850,7,1,NA,NA,NA,NA,NA
-21016,162,202102,47,71,71,2021,64.00184,-166.823305,8/5/2021 12:41,21740,walleye pollock,184,590,1295,7,1,NA,NA,NA,NA,NA
-21017,162,202102,48,71,71,2021,63.680525,-166.77645,8/5/2021 15:07,21740,walleye pollock,185,120,10,1,3,NA,NA,NA,NA,NA
-21017,162,202102,48,71,71,2021,63.680525,-166.77645,8/5/2021 15:07,21740,walleye pollock,186,540,845,9,2,NA,NA,NA,NA,NA
-21017,162,202102,48,71,71,2021,63.680525,-166.77645,8/5/2021 15:07,21740,walleye pollock,187,610,1570,8,2,NA,NA,NA,NA,NA
-21017,162,202102,48,71,71,2021,63.680525,-166.77645,8/5/2021 15:07,21740,walleye pollock,188,560,1105,11,1,NA,NA,NA,NA,NA
-21017,162,202102,48,71,71,2021,63.680525,-166.77645,8/5/2021 15:07,21740,walleye pollock,189,610,1540,8,1,NA,NA,NA,NA,NA
-21017,162,202102,48,71,71,2021,63.680525,-166.77645,8/5/2021 15:07,21740,walleye pollock,190,680,2040,12,1,NA,NA,NA,NA,NA
-21018,162,202102,49,71,71,2021,63.67123,-166.109065,8/5/2021 17:28,21740,walleye pollock,191,580,1285,8,2,NA,NA,NA,NA,NA
-21018,162,202102,49,71,71,2021,63.67123,-166.109065,8/5/2021 17:28,21740,walleye pollock,192,630,1675,14,1,NA,NA,NA,NA,NA
-21018,162,202102,49,71,71,2021,63.67123,-166.109065,8/5/2021 17:28,21740,walleye pollock,193,590,1250,12,1,NA,NA,NA,NA,NA
-21018,162,202102,49,71,71,2021,63.67123,-166.109065,8/5/2021 17:28,21740,walleye pollock,194,580,1195,7,2,NA,NA,NA,NA,NA
-21018,162,202102,49,71,71,2021,63.67123,-166.109065,8/5/2021 17:28,21740,walleye pollock,195,610,1295,12,1,NA,NA,NA,NA,NA
-21018,162,202102,49,71,71,2021,63.67123,-166.109065,8/5/2021 17:28,21740,walleye pollock,196,110,10,1,3,NA,NA,NA,NA,NA
-21798,94,202202,1,81,81,2022,61.675715,-173.10262,7/29/2022 13:33,21740,walleye pollock,1,530,958,8,1,NA,NA,NA,NA,NA
-21798,94,202202,1,81,81,2022,61.675715,-173.10262,7/29/2022 13:33,21740,walleye pollock,2,540,976,11,1,NA,NA,NA,NA,NA
-21798,94,202202,1,81,81,2022,61.675715,-173.10262,7/29/2022 13:33,21740,walleye pollock,3,470,556,7,1,NA,NA,NA,NA,NA
-21799,94,202202,2,81,81,2022,62.00947,-173.082955,7/29/2022 16:26,21740,walleye pollock,4,530,774,10,1,NA,NA,NA,NA,NA
-21799,94,202202,2,81,81,2022,62.00947,-173.082955,7/29/2022 16:26,21740,walleye pollock,5,500,706,11,1,NA,NA,NA,NA,NA
-21799,94,202202,2,81,81,2022,62.00947,-173.082955,7/29/2022 16:26,21740,walleye pollock,6,480,622,8,2,NA,NA,NA,NA,NA
-21830,94,202202,3,71,71,2022,64.32042,-165.31448,8/2/2022 7:25,21740,walleye pollock,7,150,20,1,3,NA,NA,NA,NA,NA
-21830,94,202202,3,71,71,2022,64.32042,-165.31448,8/2/2022 7:25,21740,walleye pollock,8,120,14,1,3,NA,NA,NA,NA,NA
-21830,94,202202,3,71,71,2022,64.32042,-165.31448,8/2/2022 7:25,21740,walleye pollock,9,120,14,1,3,NA,NA,NA,NA,NA
-21832,94,202202,5,71,71,2022,64.003325,-164.55016,8/2/2022 13:26,21740,walleye pollock,10,120,14,1,3,NA,NA,NA,NA,NA
-21832,94,202202,5,71,71,2022,64.003325,-164.55016,8/2/2022 13:26,21740,walleye pollock,11,130,16,1,3,NA,NA,NA,NA,NA
-21832,94,202202,5,71,71,2022,64.003325,-164.55016,8/2/2022 13:26,21740,walleye pollock,12,100,8,1,3,NA,NA,NA,NA,NA
-21833,94,202202,6,71,71,2022,63.996575,-163.832905,8/2/2022 16:05,21740,walleye pollock,13,130,14,1,3,NA,NA,NA,NA,NA
-21833,94,202202,6,71,71,2022,63.996575,-163.832905,8/2/2022 16:05,21740,walleye pollock,14,130,14,1,3,NA,NA,NA,NA,NA
-21833,94,202202,6,71,71,2022,63.996575,-163.832905,8/2/2022 16:05,21740,walleye pollock,15,120,12,1,3,NA,NA,NA,NA,NA
-21841,94,202202,8,71,71,2022,64.24725,-163.1278,8/3/2022 9:32,21740,walleye pollock,16,130,14,1,3,NA,NA,NA,NA,NA
-21841,94,202202,8,71,71,2022,64.24725,-163.1278,8/3/2022 9:32,21740,walleye pollock,17,140,18,1,3,NA,NA,NA,NA,NA
-21841,94,202202,8,71,71,2022,64.24725,-163.1278,8/3/2022 9:32,21740,walleye pollock,18,120,10,1,3,NA,NA,NA,NA,NA
-21854,94,202202,13,71,71,2022,63.991775,-163.042885,8/4/2022 13:33,21740,walleye pollock,19,110,14,1,3,NA,NA,NA,NA,NA
-21854,94,202202,13,71,71,2022,63.991775,-163.042885,8/4/2022 13:33,21740,walleye pollock,20,100,10,1,3,NA,NA,NA,NA,NA
-21854,94,202202,13,71,71,2022,63.991775,-163.042885,8/4/2022 13:33,21740,walleye pollock,21,130,16,1,3,NA,NA,NA,NA,NA
-21868,94,202202,15,71,71,2022,64.019425,-165.31816,8/5/2022 11:52,21740,walleye pollock,22,110,16,1,3,NA,NA,NA,NA,NA
-21868,94,202202,15,71,71,2022,64.019425,-165.31816,8/5/2022 11:52,21740,walleye pollock,23,130,16,1,3,NA,NA,NA,NA,NA
-21868,94,202202,15,71,71,2022,64.019425,-165.31816,8/5/2022 11:52,21740,walleye pollock,24,120,28,1,3,NA,NA,NA,NA,NA
-21869,94,202202,16,71,71,2022,63.67115,-165.37059,8/5/2022 14:32,21740,walleye pollock,25,120,15,1,3,NA,NA,NA,NA,NA
-21869,94,202202,16,71,71,2022,63.67115,-165.37059,8/5/2022 14:32,21740,walleye pollock,26,120,10,1,3,NA,NA,NA,NA,NA
-21869,94,202202,16,71,71,2022,63.67115,-165.37059,8/5/2022 14:32,21740,walleye pollock,27,600,1700,7,2,NA,NA,NA,NA,NA
-21870,94,202202,17,71,71,2022,63.677525,-164.62849,8/5/2022 17:18,21740,walleye pollock,28,110,10,1,3,NA,NA,NA,NA,NA
-21870,94,202202,17,71,71,2022,63.677525,-164.62849,8/5/2022 17:18,21740,walleye pollock,29,130,16,1,3,NA,NA,NA,NA,NA
-21870,94,202202,17,71,71,2022,63.677525,-164.62849,8/5/2022 17:18,21740,walleye pollock,30,110,10,1,3,NA,NA,NA,NA,NA
-21880,94,202202,20,71,71,2022,64.00197,-166.80728,8/6/2022 10:59,21740,walleye pollock,34,550,1216,8,1,NA,NA,NA,NA,NA
-21880,94,202202,20,71,71,2022,64.00197,-166.80728,8/6/2022 10:59,21740,walleye pollock,35,620,1744,9,2,NA,NA,NA,NA,NA
-21880,94,202202,20,71,71,2022,64.00197,-166.80728,8/6/2022 10:59,21740,walleye pollock,36,630,1690,10,2,NA,NA,NA,NA,NA
-21881,94,202202,21,71,71,2022,64.33481,-166.8288,8/6/2022 13:45,21740,walleye pollock,37,680,2556,11,2,NA,NA,NA,NA,NA
-21881,94,202202,21,71,71,2022,64.33481,-166.8288,8/6/2022 13:45,21740,walleye pollock,38,660,1872,12,1,NA,NA,NA,NA,NA
-21881,94,202202,21,71,71,2022,64.33481,-166.8288,8/6/2022 13:45,21740,walleye pollock,39,580,1024,10,1,NA,NA,NA,NA,NA
-21882,94,202202,22,71,71,2022,64.344405,-167.576195,8/6/2022 16:45,21740,walleye pollock,40,640,1710,12,2,NA,NA,NA,NA,NA
-21882,94,202202,22,71,71,2022,64.344405,-167.576195,8/6/2022 16:45,21740,walleye pollock,41,560,1270,8,1,NA,NA,NA,NA,NA
-21882,94,202202,22,71,71,2022,64.344405,-167.576195,8/6/2022 16:45,21740,walleye pollock,42,650,1730,13,1,NA,NA,NA,NA,NA
-21895,94,202202,23,71,71,2022,64.33917,-168.36378,8/7/2022 7:08,21740,walleye pollock,43,610,1554,10,1,NA,NA,NA,NA,NA
-21895,94,202202,23,71,71,2022,64.33917,-168.36378,8/7/2022 7:08,21740,walleye pollock,44,550,1072,7,1,NA,NA,NA,NA,NA
-21895,94,202202,23,71,71,2022,64.33917,-168.36378,8/7/2022 7:08,21740,walleye pollock,45,510,758,8,2,NA,NA,NA,NA,NA
-21896,94,202202,24,71,71,2022,64.023125,-168.29402,8/7/2022 10:01,21740,walleye pollock,46,610,1304,11,2,NA,NA,NA,NA,NA
-21896,94,202202,24,71,71,2022,64.023125,-168.29402,8/7/2022 10:01,21740,walleye pollock,47,620,1646,13,2,NA,NA,NA,NA,NA
-21896,94,202202,24,71,71,2022,64.023125,-168.29402,8/7/2022 10:01,21740,walleye pollock,48,620,1722,13,2,NA,NA,NA,NA,NA
-21897,94,202202,25,71,71,2022,64.013565,-167.57013,8/7/2022 12:53,21740,walleye pollock,49,510,666,7,1,NA,NA,NA,NA,NA
-21897,94,202202,25,71,71,2022,64.013565,-167.57013,8/7/2022 12:53,21740,walleye pollock,50,530,1006,7,2,NA,NA,NA,NA,NA
-21897,94,202202,25,71,71,2022,64.013565,-167.57013,8/7/2022 12:53,21740,walleye pollock,51,570,1102,9,2,NA,NA,NA,NA,NA
-21917,94,202202,28,70,70,2022,62.665555,-168.889095,8/8/2022 10:14,21740,walleye pollock,52,500,788,8,1,NA,NA,NA,NA,NA
-21917,94,202202,28,70,70,2022,62.665555,-168.889095,8/8/2022 10:14,21740,walleye pollock,53,540,936,11,1,NA,NA,NA,NA,NA
-21917,94,202202,28,70,70,2022,62.665555,-168.889095,8/8/2022 10:14,21740,walleye pollock,54,590,1322,10,2,NA,NA,NA,NA,NA
-21918,94,202202,29,70,70,2022,62.66045,-169.601185,8/8/2022 14:04,21740,walleye pollock,55,490,632,10,1,NA,NA,NA,NA,NA
-21918,94,202202,29,70,70,2022,62.66045,-169.601185,8/8/2022 14:04,21740,walleye pollock,56,500,760,8,2,NA,NA,NA,NA,NA
-21918,94,202202,29,70,70,2022,62.66045,-169.601185,8/8/2022 14:04,21740,walleye pollock,57,580,1362,11,2,NA,NA,NA,NA,NA
-21919,94,202202,30,70,70,2022,62.684015,-170.301315,8/8/2022 17:44,21740,walleye pollock,58,530,910,8,1,NA,NA,NA,NA,NA
-21919,94,202202,30,70,70,2022,62.684015,-170.301315,8/8/2022 17:44,21740,walleye pollock,59,600,1355,12,2,NA,NA,NA,NA,NA
-21919,94,202202,30,70,70,2022,62.684015,-170.301315,8/8/2022 17:44,21740,walleye pollock,60,540,760,9,2,NA,NA,NA,NA,NA
-21920,94,202202,31,70,70,2022,62.333215,-170.27695,8/9/2022 7:40,21740,walleye pollock,61,490,674,NA,1,NA,NA,NA,NA,NA
-21920,94,202202,31,70,70,2022,62.333215,-170.27695,8/9/2022 7:40,21740,walleye pollock,62,540,1032,NA,2,NA,NA,NA,NA,NA
-21920,94,202202,31,70,70,2022,62.333215,-170.27695,8/9/2022 7:40,21740,walleye pollock,63,530,748,11,2,NA,NA,NA,NA,NA
-21921,94,202202,32,70,70,2022,62.35028,-169.586915,8/9/2022 10:14,21740,walleye pollock,64,120,15,1,3,NA,NA,NA,NA,NA
-21921,94,202202,32,70,70,2022,62.35028,-169.586915,8/9/2022 10:14,21740,walleye pollock,65,600,1605,8,2,NA,NA,NA,NA,NA
-21921,94,202202,32,70,70,2022,62.35028,-169.586915,8/9/2022 10:14,21740,walleye pollock,66,620,1425,13,1,NA,NA,NA,NA,NA
-21921,94,202202,32,70,70,2022,62.35028,-169.586915,8/9/2022 10:14,21740,walleye pollock,67,570,1265,12,1,NA,NA,NA,NA,NA
-21922,94,202202,33,70,70,2022,62.33632,-168.87414,8/9/2022 13:00,21740,walleye pollock,68,520,810,8,1,NA,NA,NA,NA,NA
-21922,94,202202,33,70,70,2022,62.33632,-168.87414,8/9/2022 13:00,21740,walleye pollock,69,560,1080,8,2,NA,NA,NA,NA,NA
-21922,94,202202,33,70,70,2022,62.33632,-168.87414,8/9/2022 13:00,21740,walleye pollock,70,520,790,8,2,NA,NA,NA,NA,NA
-21923,94,202202,34,70,70,2022,62.3406,-168.16825,8/9/2022 16:10,21740,walleye pollock,71,560,1095,9,1,NA,NA,NA,NA,NA
-21923,94,202202,34,70,70,2022,62.3406,-168.16825,8/9/2022 16:10,21740,walleye pollock,72,630,1700,NA,2,NA,NA,NA,NA,NA
-21923,94,202202,34,70,70,2022,62.3406,-168.16825,8/9/2022 16:10,21740,walleye pollock,73,520,790,10,2,NA,NA,NA,NA,NA
-21934,94,202202,35,70,70,2022,62.664035,-168.198525,8/10/2022 7:40,21740,walleye pollock,76,580,1120,8,1,NA,NA,NA,NA,NA
-21934,94,202202,35,70,70,2022,62.664035,-168.198525,8/10/2022 7:40,21740,walleye pollock,74,580,1064,8,2,NA,NA,NA,NA,NA
-21934,94,202202,35,70,70,2022,62.664035,-168.198525,8/10/2022 7:40,21740,walleye pollock,75,570,1100,14,1,NA,NA,NA,NA,NA
-21935,94,202202,36,70,70,2022,62.9865,-168.20187,8/10/2022 10:27,21740,walleye pollock,77,560,1094,8,1,NA,NA,NA,NA,NA
-21935,94,202202,36,70,70,2022,62.9865,-168.20187,8/10/2022 10:27,21740,walleye pollock,78,600,1480,10,2,NA,NA,NA,NA,NA
-21935,94,202202,36,70,70,2022,62.9865,-168.20187,8/10/2022 10:27,21740,walleye pollock,79,520,918,10,2,NA,NA,NA,NA,NA
-21936,94,202202,37,71,71,2022,63.34629,-168.254575,8/10/2022 13:46,21740,walleye pollock,80,500,766,7,1,NA,NA,NA,NA,NA
-21936,94,202202,37,71,71,2022,63.34629,-168.254575,8/10/2022 13:46,21740,walleye pollock,81,580,1282,9,2,NA,NA,NA,NA,NA
-21936,94,202202,37,71,71,2022,63.34629,-168.254575,8/10/2022 13:46,21740,walleye pollock,82,570,1086,11,2,NA,NA,NA,NA,NA
-21937,94,202202,38,71,71,2022,63.66443,-168.27987,8/10/2022 16:50,21740,walleye pollock,84,590,1254,10,2,NA,NA,NA,NA,NA
-21937,94,202202,38,71,71,2022,63.66443,-168.27987,8/10/2022 16:50,21740,walleye pollock,83,630,1534,11,1,NA,NA,NA,NA,NA
-21937,94,202202,38,71,71,2022,63.66443,-168.27987,8/10/2022 16:50,21740,walleye pollock,85,540,934,8,2,NA,NA,NA,NA,NA
-21941,94,202202,39,71,71,2022,63.32786,-167.56633,8/11/2022 7:37,21740,walleye pollock,86,580,1322,10,2,NA,NA,NA,NA,NA
-21941,94,202202,39,71,71,2022,63.32786,-167.56633,8/11/2022 7:37,21740,walleye pollock,87,620,1676,11,2,NA,NA,NA,NA,NA
-21941,94,202202,39,71,71,2022,63.32786,-167.56633,8/11/2022 7:37,21740,walleye pollock,88,660,2248,11,2,NA,NA,NA,NA,NA
-21942,94,202202,40,71,71,2022,63.328655,-166.76869,8/11/2022 10:42,21740,walleye pollock,89,540,818,7,2,NA,NA,NA,NA,NA
-21942,94,202202,40,71,71,2022,63.328655,-166.76869,8/11/2022 10:42,21740,walleye pollock,90,620,1648,10,2,NA,NA,NA,NA,NA
-21942,94,202202,40,71,71,2022,63.328655,-166.76869,8/11/2022 10:42,21740,walleye pollock,91,670,1816,15,2,NA,NA,NA,NA,NA
-21942,94,202202,40,71,71,2022,63.328655,-166.76869,8/11/2022 10:42,21740,walleye pollock,92,160,25,1,3,NA,NA,NA,NA,NA
-21943,94,202202,41,71,71,2022,63.66568,-166.78848,8/11/2022 13:24,21740,walleye pollock,93,160,25,1,3,NA,NA,NA,NA,NA
-21943,94,202202,41,71,71,2022,63.66568,-166.78848,8/11/2022 13:24,21740,walleye pollock,94,660,2185,11,2,NA,NA,NA,NA,NA
-21943,94,202202,41,71,71,2022,63.66568,-166.78848,8/11/2022 13:24,21740,walleye pollock,95,580,1040,7,2,NA,NA,NA,NA,NA
-21943,94,202202,41,71,71,2022,63.66568,-166.78848,8/11/2022 13:24,21740,walleye pollock,96,630,1765,12,2,NA,NA,NA,NA,NA
-21944,94,202202,42,71,71,2022,63.670615,-166.05882,8/11/2022 16:14,21740,walleye pollock,97,650,2050,NA,1,NA,NA,NA,NA,NA
-21944,94,202202,42,71,71,2022,63.670615,-166.05882,8/11/2022 16:14,21740,walleye pollock,98,710,2430,12,2,NA,NA,NA,NA,NA
-21944,94,202202,42,71,71,2022,63.670615,-166.05882,8/11/2022 16:14,21740,walleye pollock,99,680,2125,13,2,NA,NA,NA,NA,NA
-21965,94,202202,44,71,71,2022,63.33164,-166.044755,8/12/2022 10:20,21740,walleye pollock,100,140,20,1,3,NA,NA,NA,NA,NA
-21965,94,202202,44,71,71,2022,63.33164,-166.044755,8/12/2022 10:20,21740,walleye pollock,101,140,12,1,3,NA,NA,NA,NA,NA
-21965,94,202202,44,71,71,2022,63.33164,-166.044755,8/12/2022 10:20,21740,walleye pollock,102,120,10,1,3,NA,NA,NA,NA,NA
-21967,94,202202,46,70,70,2022,63.00431,-166.743765,8/12/2022 15:55,21740,walleye pollock,103,150,20,1,1,NA,NA,NA,NA,NA
-21967,94,202202,46,70,70,2022,63.00431,-166.743765,8/12/2022 15:55,21740,walleye pollock,104,150,20,1,1,NA,NA,NA,NA,NA
-21967,94,202202,46,70,70,2022,63.00431,-166.743765,8/12/2022 15:55,21740,walleye pollock,105,150,20,1,1,NA,NA,NA,NA,NA
-21968,94,202202,47,70,70,2022,63.002495,-167.45715,8/12/2022 18:37,21740,walleye pollock,106,640,1590,12,1,NA,NA,NA,NA,NA
-21968,94,202202,47,70,70,2022,63.002495,-167.45715,8/12/2022 18:37,21740,walleye pollock,107,150,20,1,3,NA,NA,NA,NA,NA
-21968,94,202202,47,70,70,2022,63.002495,-167.45715,8/12/2022 18:37,21740,walleye pollock,108,630,1655,11,2,NA,NA,NA,NA,NA
-21968,94,202202,47,70,70,2022,63.002495,-167.45715,8/12/2022 18:37,21740,walleye pollock,109,590,1285,8,2,NA,NA,NA,NA,NA
-21969,94,202202,48,70,70,2022,62.321945,-166.74467,8/13/2022 7:36,21740,walleye pollock,113,150,22,1,3,NA,NA,NA,NA,NA
-21969,94,202202,48,70,70,2022,62.321945,-166.74467,8/13/2022 7:36,21740,walleye pollock,114,130,14,1,3,NA,NA,NA,NA,NA
-21969,94,202202,48,70,70,2022,62.321945,-166.74467,8/13/2022 7:36,21740,walleye pollock,112,150,26,1,3,NA,NA,NA,NA,NA
-21970,94,202202,49,70,70,2022,62.63388,-166.75536,8/13/2022 10:14,21740,walleye pollock,115,150,22,1,3,NA,NA,NA,NA,NA
-21970,94,202202,49,70,70,2022,62.63388,-166.75536,8/13/2022 10:14,21740,walleye pollock,116,130,14,NA,3,NA,NA,NA,NA,NA
-21970,94,202202,49,70,70,2022,62.63388,-166.75536,8/13/2022 10:14,21740,walleye pollock,117,160,30,1,3,NA,NA,NA,NA,NA
-21971,94,202202,50,70,70,2022,62.65413,-167.393235,8/13/2022 12:55,21740,walleye pollock,118,630,1352,11,2,NA,NA,NA,NA,NA
-21971,94,202202,50,70,70,2022,62.65413,-167.393235,8/13/2022 12:55,21740,walleye pollock,119,160,26,NA,2,NA,NA,NA,NA,NA
-21986,94,202202,52,70,70,2022,62.031705,-169.55111,8/14/2022 13:12,21740,walleye pollock,120,530,824,9,2,NA,NA,NA,NA,NA
-21986,94,202202,52,70,70,2022,62.031705,-169.55111,8/14/2022 13:12,21740,walleye pollock,121,510,818,8,1,NA,NA,NA,NA,NA
-21986,94,202202,52,70,70,2022,62.031705,-169.55111,8/14/2022 13:12,21740,walleye pollock,122,510,644,7,1,NA,NA,NA,NA,NA
-21987,94,202202,53,70,70,2022,61.67318,-169.5082,8/14/2022 15:57,21740,walleye pollock,123,130,15,1,3,NA,NA,NA,NA,NA
-21987,94,202202,53,70,70,2022,61.67318,-169.5082,8/14/2022 15:57,21740,walleye pollock,124,510,990,10,1,NA,NA,NA,NA,NA
-21987,94,202202,53,70,70,2022,61.67318,-169.5082,8/14/2022 15:57,21740,walleye pollock,125,520,820,9,2,NA,NA,NA,NA,NA
-21987,94,202202,53,70,70,2022,61.67318,-169.5082,8/14/2022 15:57,21740,walleye pollock,126,490,775,6,2,NA,NA,NA,NA,NA
-21988,94,202202,54,70,70,2022,61.658665,-168.797375,8/15/2022 7:52,21740,walleye pollock,127,500,828,8,1,NA,NA,NA,NA,NA
-21988,94,202202,54,70,70,2022,61.658665,-168.797375,8/15/2022 7:52,21740,walleye pollock,128,510,688,7,2,NA,NA,NA,NA,NA
-21988,94,202202,54,70,70,2022,61.658665,-168.797375,8/15/2022 7:52,21740,walleye pollock,129,590,1322,8,2,NA,NA,NA,NA,NA
-21989,94,202202,55,70,70,2022,61.991995,-168.83506,8/15/2022 10:29,21740,walleye pollock,130,720,2024,11,1,NA,NA,NA,NA,NA
-21989,94,202202,55,70,70,2022,61.991995,-168.83506,8/15/2022 10:29,21740,walleye pollock,131,520,848,10,1,NA,NA,NA,NA,NA
-21989,94,202202,55,70,70,2022,61.991995,-168.83506,8/15/2022 10:29,21740,walleye pollock,132,530,960,9,2,NA,NA,NA,NA,NA
-21989,94,202202,55,70,70,2022,61.991995,-168.83506,8/15/2022 10:29,21740,walleye pollock,133,150,18,1,3,NA,NA,NA,NA,NA
-21990,94,202202,56,70,70,2022,62.000115,-168.123685,8/15/2022 13:14,21740,walleye pollock,134,130,15,1,3,NA,NA,NA,NA,NA
-21990,94,202202,56,70,70,2022,62.000115,-168.123685,8/15/2022 13:14,21740,walleye pollock,135,100,10,1,3,NA,NA,NA,NA,NA
-21990,94,202202,56,70,70,2022,62.000115,-168.123685,8/15/2022 13:14,21740,walleye pollock,136,620,1430,12,2,NA,NA,NA,NA,NA
-21991,94,202202,57,70,70,2022,61.67958,-168.10485,8/15/2022 16:43,21740,walleye pollock,137,170,30,1,1,NA,NA,NA,NA,NA
-21991,94,202202,57,70,70,2022,61.67958,-168.10485,8/15/2022 16:43,21740,walleye pollock,138,130,14,1,1,NA,NA,NA,NA,NA
-21991,94,202202,57,70,70,2022,61.67958,-168.10485,8/15/2022 16:43,21740,walleye pollock,139,580,1176,9,2,NA,NA,NA,NA,NA
-21992,94,202202,58,70,70,2022,61.33809,-168.767095,8/16/2022 13:01,21740,walleye pollock,140,160,20,1,3,NA,NA,NA,NA,NA
-21992,94,202202,58,70,70,2022,61.33809,-168.767095,8/16/2022 13:01,21740,walleye pollock,141,570,1155,8,2,NA,NA,NA,NA,NA
-21992,94,202202,58,70,70,2022,61.33809,-168.767095,8/16/2022 13:01,21740,walleye pollock,142,560,985,11,2,NA,NA,NA,NA,NA
-21992,94,202202,58,70,70,2022,61.33809,-168.767095,8/16/2022 13:01,21740,walleye pollock,143,560,1070,9,2,NA,NA,NA,NA,NA
-21993,94,202202,59,70,70,2022,61.01698,-168.74834,8/16/2022 15:37,21740,walleye pollock,144,140,20,1,3,NA,NA,NA,NA,NA
-21993,94,202202,59,70,70,2022,61.01698,-168.74834,8/16/2022 15:37,21740,walleye pollock,145,550,1114,9,1,NA,NA,NA,NA,NA
-21993,94,202202,59,70,70,2022,61.01698,-168.74834,8/16/2022 15:37,21740,walleye pollock,146,560,1004,10,2,NA,NA,NA,NA,NA
-21993,94,202202,59,70,70,2022,61.01698,-168.74834,8/16/2022 15:37,21740,walleye pollock,147,490,666,8,2,NA,NA,NA,NA,NA
-22000,94,202202,60,70,70,2022,61.32989,-168.106955,8/17/2022 8:07,21740,walleye pollock,148,530,844,9,1,NA,NA,NA,NA,NA
-22000,94,202202,60,70,70,2022,61.32989,-168.106955,8/17/2022 8:07,21740,walleye pollock,149,620,1392,10,2,NA,NA,NA,NA,NA
-22000,94,202202,60,70,70,2022,61.32989,-168.106955,8/17/2022 8:07,21740,walleye pollock,150,610,980,9,2,NA,NA,NA,NA,NA
-22000,94,202202,60,70,70,2022,61.32989,-168.106955,8/17/2022 8:07,21740,walleye pollock,151,140,18,1,3,NA,NA,NA,NA,NA
-22002,94,202202,62,70,70,2022,60.99004,-167.41167,8/17/2022 14:08,21740,walleye pollock,152,140,16,1,3,NA,NA,NA,NA,NA
-22002,94,202202,62,70,70,2022,60.99004,-167.41167,8/17/2022 14:08,21740,walleye pollock,153,140,14,1,3,NA,NA,NA,NA,NA
-22002,94,202202,62,70,70,2022,60.99004,-167.41167,8/17/2022 14:08,21740,walleye pollock,154,130,16,1,3,NA,NA,NA,NA,NA
-22005,94,202202,66,70,70,2022,61.986085,-167.41514,8/18/2022 11:27,21740,walleye pollock,158,140,24,1,3,NA,NA,NA,NA,NA
-22005,94,202202,66,70,70,2022,61.986085,-167.41514,8/18/2022 11:27,21740,walleye pollock,159,140,20,1,3,NA,NA,NA,NA,NA
-22005,94,202202,66,70,70,2022,61.986085,-167.41514,8/18/2022 11:27,21740,walleye pollock,160,150,22,1,3,NA,NA,NA,NA,NA
-22003,94,202202,63,70,70,2022,61.29893,-167.38324,8/17/2022 18:10,21740,walleye pollock,155,140,18,1,3,NA,NA,NA,NA,NA
-22003,94,202202,63,70,70,2022,61.29893,-167.38324,8/17/2022 18:10,21740,walleye pollock,156,130,14,1,3,NA,NA,NA,NA,NA
-22003,94,202202,63,70,70,2022,61.29893,-167.38324,8/17/2022 18:10,21740,walleye pollock,157,130,12,1,3,NA,NA,NA,NA,NA
-22006,94,202202,67,70,70,2022,61.992735,-166.698285,8/18/2022 14:32,21740,walleye pollock,161,150,22,1,3,NA,NA,NA,NA,NA
-22006,94,202202,67,70,70,2022,61.992735,-166.698285,8/18/2022 14:32,21740,walleye pollock,162,140,18,1,3,NA,NA,NA,NA,NA
-22006,94,202202,67,70,70,2022,61.992735,-166.698285,8/18/2022 14:32,21740,walleye pollock,163,170,36,1,3,NA,NA,NA,NA,NA
-22007,94,202202,68,70,70,2022,61.656945,-166.73058,8/18/2022 17:10,21740,walleye pollock,164,150,22,1,3,NA,NA,NA,NA,NA
-22007,94,202202,68,70,70,2022,61.656945,-166.73058,8/18/2022 17:10,21740,walleye pollock,165,170,28,1,3,NA,NA,NA,NA,NA
-22007,94,202202,68,70,70,2022,61.656945,-166.73058,8/18/2022 17:10,21740,walleye pollock,166,140,22,1,3,NA,NA,NA,NA,NA
-22017,94,202202,69,70,70,2022,61.334085,-166.751865,8/19/2022 8:05,21740,walleye pollock,167,140,18,1,3,NA,NA,NA,NA,NA
-22017,94,202202,69,70,70,2022,61.334085,-166.751865,8/19/2022 8:05,21740,walleye pollock,168,180,40,1,3,NA,NA,NA,NA,NA
-22017,94,202202,69,70,70,2022,61.334085,-166.751865,8/19/2022 8:05,21740,walleye pollock,169,130,16,1,3,NA,NA,NA,NA,NA
-22019,94,202202,71,70,70,2022,60.682975,-166.73338,8/19/2022 14:07,21740,walleye pollock,170,180,32,1,3,NA,NA,NA,NA,NA
-22019,94,202202,71,70,70,2022,60.682975,-166.73338,8/19/2022 14:07,21740,walleye pollock,171,140,20,1,3,NA,NA,NA,NA,NA
-22019,94,202202,71,70,70,2022,60.682975,-166.73338,8/19/2022 14:07,21740,walleye pollock,172,120,10,1,3,NA,NA,NA,NA,NA
-21800,162,202202,1,81,81,2022,62.33188,-173.169555,7/29/2022 7:16,21740,walleye pollock,1,480,606,8,1,NA,NA,NA,NA,NA
-21800,162,202202,1,81,81,2022,62.33188,-173.169555,7/29/2022 7:16,21740,walleye pollock,2,490,638,8,2,NA,NA,NA,NA,NA
-21800,162,202202,1,81,81,2022,62.33188,-173.169555,7/29/2022 7:16,21740,walleye pollock,3,540,872,9,2,NA,NA,NA,NA,NA
-21801,162,202202,2,81,81,2022,62.33338,-173.846355,7/29/2022 10:12,21740,walleye pollock,4,460,594,9,1,NA,NA,NA,NA,NA
-21801,162,202202,2,81,81,2022,62.33338,-173.846355,7/29/2022 10:12,21740,walleye pollock,5,140,14,1,3,NA,NA,NA,NA,NA
-21801,162,202202,2,81,81,2022,62.33338,-173.846355,7/29/2022 10:12,21740,walleye pollock,6,500,896,9,2,NA,NA,NA,NA,NA
-21801,162,202202,2,81,81,2022,62.33338,-173.846355,7/29/2022 10:12,21740,walleye pollock,7,460,546,6,2,NA,NA,NA,NA,NA
-21802,162,202202,3,81,81,2022,62.326555,-174.58062,7/29/2022 13:12,21740,walleye pollock,8,470,570,6,1,NA,NA,NA,NA,NA
-21802,162,202202,3,81,81,2022,62.326555,-174.58062,7/29/2022 13:12,21740,walleye pollock,9,430,476,5,1,NA,NA,NA,NA,NA
-21802,162,202202,3,81,81,2022,62.326555,-174.58062,7/29/2022 13:12,21740,walleye pollock,10,490,728,8,2,NA,NA,NA,NA,NA
-21802,162,202202,3,81,81,2022,62.326555,-174.58062,7/29/2022 13:12,21740,walleye pollock,11,490,570,7,2,NA,NA,NA,NA,NA
-21802,162,202202,3,81,81,2022,62.326555,-174.58062,7/29/2022 13:12,21740,walleye pollock,12,120,18,1,3,NA,NA,NA,NA,NA
-21803,162,202202,4,81,81,2022,62.330405,-175.28957,7/29/2022 16:02,21740,walleye pollock,13,680,1420,11,2,NA,NA,NA,NA,NA
-21803,162,202202,4,81,81,2022,62.330405,-175.28957,7/29/2022 16:02,21740,walleye pollock,14,470,570,7,2,NA,NA,NA,NA,NA
-21803,162,202202,4,81,81,2022,62.330405,-175.28957,7/29/2022 16:02,21740,walleye pollock,15,490,742,8,2,NA,NA,NA,NA,NA
-21803,162,202202,4,81,81,2022,62.330405,-175.28957,7/29/2022 16:02,21740,walleye pollock,16,450,544,9,2,NA,NA,NA,NA,NA
-21803,162,202202,4,81,81,2022,62.330405,-175.28957,7/29/2022 16:02,21740,walleye pollock,17,520,820,9,2,NA,NA,NA,NA,NA
-21806,162,202202,7,81,81,2022,62.661405,-173.129855,7/30/2022 13:09,21740,walleye pollock,18,570,1072,9,2,NA,NA,NA,NA,NA
-21806,162,202202,7,81,81,2022,62.661405,-173.129855,7/30/2022 13:09,21740,walleye pollock,19,470,606,8,2,NA,NA,NA,NA,NA
-21806,162,202202,7,81,81,2022,62.661405,-173.129855,7/30/2022 13:09,21740,walleye pollock,20,470,660,8,2,NA,NA,NA,NA,NA
-21806,162,202202,7,81,81,2022,62.661405,-173.129855,7/30/2022 13:09,21740,walleye pollock,21,490,708,8,2,NA,NA,NA,NA,NA
-21806,162,202202,7,81,81,2022,62.661405,-173.129855,7/30/2022 13:09,21740,walleye pollock,22,470,596,5,2,NA,NA,NA,NA,NA
-21807,162,202202,8,81,81,2022,62.65155,-172.44624,7/30/2022 15:43,21740,walleye pollock,23,480,590,8,1,NA,NA,NA,NA,NA
-21807,162,202202,8,81,81,2022,62.65155,-172.44624,7/30/2022 15:43,21740,walleye pollock,24,540,1025,9,2,NA,NA,NA,NA,NA
-21807,162,202202,8,81,81,2022,62.65155,-172.44624,7/30/2022 15:43,21740,walleye pollock,25,500,750,8,2,NA,NA,NA,NA,NA
-21807,162,202202,8,81,81,2022,62.65155,-172.44624,7/30/2022 15:43,21740,walleye pollock,26,120,10,1,3,NA,NA,NA,NA,NA
-21860,162,202202,11,71,71,2022,64.690335,-167.604155,8/4/2022 7:12,21740,walleye pollock,31,660,1872,12,2,NA,NA,NA,NA,NA
-21860,162,202202,11,71,71,2022,64.690335,-167.604155,8/4/2022 7:12,21740,walleye pollock,32,690,2244,12,1,NA,NA,NA,NA,NA
-21860,162,202202,11,71,71,2022,64.690335,-167.604155,8/4/2022 7:12,21740,walleye pollock,33,650,1772,10,1,NA,NA,NA,NA,NA
-21860,162,202202,11,71,71,2022,64.690335,-167.604155,8/4/2022 7:12,21740,walleye pollock,34,120,12,1,3,NA,NA,NA,NA,NA
-21861,162,202202,12,71,71,2022,64.9887,-167.59987,8/4/2022 9:31,21740,walleye pollock,35,660,2260,10,2,NA,NA,NA,NA,NA
-21861,162,202202,12,71,71,2022,64.9887,-167.59987,8/4/2022 9:31,21740,walleye pollock,36,130,14,1,3,NA,NA,NA,NA,NA
-21861,162,202202,12,71,71,2022,64.9887,-167.59987,8/4/2022 9:31,21740,walleye pollock,37,150,22,1,3,NA,NA,NA,NA,NA
-21862,162,202202,13,71,71,2022,65.32508,-167.691295,8/4/2022 12:23,21740,walleye pollock,38,140,12,1,3,NA,NA,NA,NA,NA
-21862,162,202202,13,71,71,2022,65.32508,-167.691295,8/4/2022 12:23,21740,walleye pollock,39,720,1788,NA,1,NA,NA,NA,NA,NA
-21863,162,202202,14,71,71,2022,65.343345,-168.42497,8/4/2022 14:48,21740,walleye pollock,40,530,908,11,1,NA,NA,NA,NA,NA
-21863,162,202202,14,71,71,2022,65.343345,-168.42497,8/4/2022 14:48,21740,walleye pollock,41,760,2222,14,1,NA,NA,NA,NA,NA
-21863,162,202202,14,71,71,2022,65.343345,-168.42497,8/4/2022 14:48,21740,walleye pollock,42,580,1192,10,2,NA,NA,NA,NA,NA
-21864,162,202202,15,71,71,2022,65.221155,-168.88522,8/4/2022 17:25,21740,walleye pollock,43,80,4,0,3,NA,NA,NA,NA,NA
-21864,162,202202,15,71,71,2022,65.221155,-168.88522,8/4/2022 17:25,21740,walleye pollock,44,620,1595,10,2,NA,NA,NA,NA,NA
-21864,162,202202,15,71,71,2022,65.221155,-168.88522,8/4/2022 17:25,21740,walleye pollock,45,650,1960,11,2,NA,NA,NA,NA,NA
-21864,162,202202,15,71,71,2022,65.221155,-168.88522,8/4/2022 17:25,21740,walleye pollock,46,570,1305,11,2,NA,NA,NA,NA,NA
-21865,162,202202,9,71,71,2022,64.33846,-166.03294,8/3/2022 12:29,21740,walleye pollock,27,770,3000,11,2,NA,NA,NA,NA,NA
-21865,162,202202,9,71,71,2022,64.33846,-166.03294,8/3/2022 12:29,21740,walleye pollock,28,650,1868,14,2,NA,NA,NA,NA,NA
-21865,162,202202,9,71,71,2022,64.33846,-166.03294,8/3/2022 12:29,21740,walleye pollock,29,570,1234,14,2,NA,NA,NA,NA,NA
-21865,162,202202,9,71,71,2022,64.33846,-166.03294,8/3/2022 12:29,21740,walleye pollock,30,150,24,1,3,NA,NA,NA,NA,NA
-21899,162,202202,16,71,71,2022,65.003085,-169.863215,8/5/2022 7:17,21740,walleye pollock,47,530,1040,14,1,NA,NA,NA,NA,NA
-21899,162,202202,16,71,71,2022,65.003085,-169.863215,8/5/2022 7:17,21740,walleye pollock,48,470,668,8,1,NA,NA,NA,NA,NA
-21899,162,202202,16,71,71,2022,65.003085,-169.863215,8/5/2022 7:17,21740,walleye pollock,49,460,790,5,2,NA,NA,NA,NA,NA
-21899,162,202202,16,71,71,2022,65.003085,-169.863215,8/5/2022 7:17,21740,walleye pollock,50,120,8,1,3,NA,NA,NA,NA,NA
-21900,162,202202,17,71,71,2022,65.005145,-169.116815,8/5/2022 10:10,21740,walleye pollock,51,510,800,10,1,NA,NA,NA,NA,NA
-21900,162,202202,17,71,71,2022,65.005145,-169.116815,8/5/2022 10:10,21740,walleye pollock,52,540,1030,12,1,NA,NA,NA,NA,NA
-21900,162,202202,17,71,71,2022,65.005145,-169.116815,8/5/2022 10:10,21740,walleye pollock,53,600,1455,12,2,NA,NA,NA,NA,NA
-21901,162,202202,18,71,71,2022,64.994625,-168.357535,8/5/2022 13:23,21740,walleye pollock,54,530,1090,9,2,NA,NA,NA,NA,NA
-21901,162,202202,18,71,71,2022,64.994625,-168.357535,8/5/2022 13:23,21740,walleye pollock,55,490,948,8,2,NA,NA,NA,NA,NA
-21901,162,202202,18,71,71,2022,64.994625,-168.357535,8/5/2022 13:23,21740,walleye pollock,56,550,1096,10,2,NA,NA,NA,NA,NA
-21901,162,202202,18,71,71,2022,64.994625,-168.357535,8/5/2022 13:23,21740,walleye pollock,57,730,2252,14,2,NA,NA,NA,NA,NA
-21901,162,202202,18,71,71,2022,64.994625,-168.357535,8/5/2022 13:23,21740,walleye pollock,58,690,2144,12,2,NA,NA,NA,NA,NA
-21902,162,202202,19,71,71,2022,64.664575,-168.3688,8/5/2022 16:22,21740,walleye pollock,59,580,1270,11,1,NA,NA,NA,NA,NA
-21902,162,202202,19,71,71,2022,64.664575,-168.3688,8/5/2022 16:22,21740,walleye pollock,60,630,1840,14,2,NA,NA,NA,NA,NA
-21902,162,202202,19,71,71,2022,64.664575,-168.3688,8/5/2022 16:22,21740,walleye pollock,61,660,1870,9,2,NA,NA,NA,NA,NA
-21902,162,202202,19,71,71,2022,64.664575,-168.3688,8/5/2022 16:22,21740,walleye pollock,62,80,4,0,3,NA,NA,NA,NA,NA
-21903,162,202202,20,71,71,2022,64.638305,-169.136445,8/6/2022 7:16,21740,walleye pollock,63,650,1985,10,1,NA,NA,NA,NA,NA
-21903,162,202202,20,71,71,2022,64.638305,-169.136445,8/6/2022 7:16,21740,walleye pollock,64,630,1560,11,2,NA,NA,NA,NA,NA
-21903,162,202202,20,71,71,2022,64.638305,-169.136445,8/6/2022 7:16,21740,walleye pollock,65,590,1370,8,2,NA,NA,NA,NA,NA
-21903,162,202202,20,71,71,2022,64.638305,-169.136445,8/6/2022 7:16,21740,walleye pollock,66,100,6,0,3,NA,NA,NA,NA,NA
-21904,162,202202,21,71,71,2022,64.31985,-169.11643,8/6/2022 10:01,21740,walleye pollock,67,690,2200,11,1,NA,NA,NA,NA,NA
-21904,162,202202,21,71,71,2022,64.31985,-169.11643,8/6/2022 10:01,21740,walleye pollock,68,630,1600,9,2,NA,NA,NA,NA,NA
-21904,162,202202,21,71,71,2022,64.31985,-169.11643,8/6/2022 10:01,21740,walleye pollock,69,620,1502,7,2,NA,NA,NA,NA,NA
-21905,162,202202,22,71,71,2022,64.00589,-169.051885,8/6/2022 13:02,21740,walleye pollock,70,570,1198,12,2,NA,NA,NA,NA,NA
-21905,162,202202,22,71,71,2022,64.00589,-169.051885,8/6/2022 13:02,21740,walleye pollock,71,560,1072,9,2,NA,NA,NA,NA,NA
-21905,162,202202,22,71,71,2022,64.00589,-169.051885,8/6/2022 13:02,21740,walleye pollock,72,550,1080,9,1,NA,NA,NA,NA,NA
-21906,162,202202,23,71,71,2022,63.670525,-169.001755,8/6/2022 15:58,21740,walleye pollock,75,570,1268,9,2,NA,NA,NA,NA,NA
-21906,162,202202,23,71,71,2022,63.670525,-169.001755,8/6/2022 15:58,21740,walleye pollock,73,570,1154,11,1,NA,NA,NA,NA,NA
-21906,162,202202,23,71,71,2022,63.670525,-169.001755,8/6/2022 15:58,21740,walleye pollock,74,570,978,12,2,NA,NA,NA,NA,NA
-21906,162,202202,23,71,71,2022,63.670525,-169.001755,8/6/2022 15:58,21740,walleye pollock,76,120,14,1,3,NA,NA,NA,NA,NA
-21909,162,202202,26,71,71,2022,64.32179,-169.82796,8/7/2022 12:11,21740,walleye pollock,77,540,930,12,2,NA,NA,NA,NA,NA
-21909,162,202202,26,71,71,2022,64.32179,-169.82796,8/7/2022 12:11,21740,walleye pollock,78,590,1320,9,2,NA,NA,NA,NA,NA
-21909,162,202202,26,71,71,2022,64.32179,-169.82796,8/7/2022 12:11,21740,walleye pollock,79,610,1510,8,2,NA,NA,NA,NA,NA
-21909,162,202202,26,71,71,2022,64.32179,-169.82796,8/7/2022 12:11,21740,walleye pollock,80,660,2190,12,2,NA,NA,NA,NA,NA
-21909,162,202202,26,71,71,2022,64.32179,-169.82796,8/7/2022 12:11,21740,walleye pollock,81,670,1840,14,2,NA,NA,NA,NA,NA
-21910,162,202202,27,71,71,2022,64.65893,-169.88696,8/7/2022 14:49,21740,walleye pollock,82,610,1350,13,2,NA,NA,NA,NA,NA
-21910,162,202202,27,71,71,2022,64.65893,-169.88696,8/7/2022 14:49,21740,walleye pollock,83,600,1580,8,2,NA,NA,NA,NA,NA
-21910,162,202202,27,71,71,2022,64.65893,-169.88696,8/7/2022 14:49,21740,walleye pollock,84,560,1056,10,1,NA,NA,NA,NA,NA
-21910,162,202202,27,71,71,2022,64.65893,-169.88696,8/7/2022 14:49,21740,walleye pollock,85,110,10,1,3,NA,NA,NA,NA,NA
-21911,162,202202,28,71,71,2022,64.64899,-170.648605,8/7/2022 17:39,21740,walleye pollock,86,600,1142,9,2,NA,NA,NA,NA,NA
-21911,162,202202,28,71,71,2022,64.64899,-170.648605,8/7/2022 17:39,21740,walleye pollock,87,700,1758,11,2,NA,NA,NA,NA,NA
-21911,162,202202,28,71,71,2022,64.64899,-170.648605,8/7/2022 17:39,21740,walleye pollock,88,500,694,7,1,NA,NA,NA,NA,NA
-21911,162,202202,28,71,71,2022,64.64899,-170.648605,8/7/2022 17:39,21740,walleye pollock,89,120,10,1,3,NA,NA,NA,NA,NA
-21945,162,202202,29,71,71,2022,64.332535,-171.348475,8/8/2022 7:17,21740,walleye pollock,91,600,1260,12,2,NA,NA,NA,NA,NA
-21945,162,202202,29,71,71,2022,64.332535,-171.348475,8/8/2022 7:17,21740,walleye pollock,90,590,1080,9,2,NA,NA,NA,NA,NA
-21945,162,202202,29,71,71,2022,64.332535,-171.348475,8/8/2022 7:17,21740,walleye pollock,92,640,1518,9,2,NA,NA,NA,NA,NA
-21945,162,202202,29,71,71,2022,64.332535,-171.348475,8/8/2022 7:17,21740,walleye pollock,93,520,865,9,2,NA,NA,NA,NA,NA
-21945,162,202202,29,71,71,2022,64.332535,-171.348475,8/8/2022 7:17,21740,walleye pollock,94,500,820,8,2,NA,NA,NA,NA,NA
-21949,162,202202,33,71,71,2022,63.99876,-171.332535,8/9/2022 10:15,21740,walleye pollock,95,640,1560,10,2,NA,NA,NA,NA,NA
-21949,162,202202,33,71,71,2022,63.99876,-171.332535,8/9/2022 10:15,21740,walleye pollock,96,560,1194,10,2,NA,NA,NA,NA,NA
-21949,162,202202,33,71,71,2022,63.99876,-171.332535,8/9/2022 10:15,21740,walleye pollock,97,590,1002,12,1,NA,NA,NA,NA,NA
-21950,162,202202,34,71,71,2022,64.0026,-172.042465,8/9/2022 13:09,21740,walleye pollock,98,570,970,9,2,NA,NA,NA,NA,NA
-21950,162,202202,34,71,71,2022,64.0026,-172.042465,8/9/2022 13:09,21740,walleye pollock,99,570,1150,9,2,NA,NA,NA,NA,NA
-21950,162,202202,34,71,71,2022,64.0026,-172.042465,8/9/2022 13:09,21740,walleye pollock,100,510,760,9,2,NA,NA,NA,NA,NA
-21950,162,202202,34,71,71,2022,64.0026,-172.042465,8/9/2022 13:09,21740,walleye pollock,101,600,1220,10,2,NA,NA,NA,NA,NA
-21950,162,202202,34,71,71,2022,64.0026,-172.042465,8/9/2022 13:09,21740,walleye pollock,102,590,1230,9,2,NA,NA,NA,NA,NA
-21951,162,202202,35,70,70,2022,63.697055,-172.077605,8/9/2022 16:02,21740,walleye pollock,103,570,1088,9,1,NA,NA,NA,NA,NA
-21951,162,202202,35,70,70,2022,63.697055,-172.077605,8/9/2022 16:02,21740,walleye pollock,104,500,662,9,1,NA,NA,NA,NA,NA
-21951,162,202202,35,70,70,2022,63.697055,-172.077605,8/9/2022 16:02,21740,walleye pollock,105,500,748,8,1,NA,NA,NA,NA,NA
-21952,162,202202,36,81,81,2022,63.66676,-172.694685,8/10/2022 7:30,21740,walleye pollock,106,520,736,10,2,NA,NA,NA,NA,NA
-21952,162,202202,36,81,81,2022,63.66676,-172.694685,8/10/2022 7:30,21740,walleye pollock,107,480,702,5,1,NA,NA,NA,NA,NA
-21952,162,202202,36,81,81,2022,63.66676,-172.694685,8/10/2022 7:30,21740,walleye pollock,108,480,672,8,1,NA,NA,NA,NA,NA
-21952,162,202202,36,81,81,2022,63.66676,-172.694685,8/10/2022 7:30,21740,walleye pollock,109,100,6,1,3,NA,NA,NA,NA,NA
-21954,162,202202,38,81,81,2022,63.325925,-172.627455,8/10/2022 13:27,21740,walleye pollock,110,100,6,1,3,NA,NA,NA,NA,NA
-21954,162,202202,38,81,81,2022,63.325925,-172.627455,8/10/2022 13:27,21740,walleye pollock,111,630,1218,11,2,NA,NA,NA,NA,NA
-21954,162,202202,38,81,81,2022,63.325925,-172.627455,8/10/2022 13:27,21740,walleye pollock,112,480,716,7,1,NA,NA,NA,NA,NA
-21954,162,202202,38,81,81,2022,63.325925,-172.627455,8/10/2022 13:27,21740,walleye pollock,113,510,840,8,1,NA,NA,NA,NA,NA
-21956,162,202202,40,81,81,2022,62.993045,-174.02492,8/11/2022 7:44,21740,walleye pollock,114,490,902,7,2,NA,NA,NA,NA,NA
-21956,162,202202,40,81,81,2022,62.993045,-174.02492,8/11/2022 7:44,21740,walleye pollock,115,500,754,8,2,NA,NA,NA,NA,NA
-21956,162,202202,40,81,81,2022,62.993045,-174.02492,8/11/2022 7:44,21740,walleye pollock,116,460,580,6,2,NA,NA,NA,NA,NA
-21956,162,202202,40,81,81,2022,62.993045,-174.02492,8/11/2022 7:44,21740,walleye pollock,117,540,1140,9,2,NA,NA,NA,NA,NA
-21956,162,202202,40,81,81,2022,62.993045,-174.02492,8/11/2022 7:44,21740,walleye pollock,118,460,540,6,2,NA,NA,NA,NA,NA
-21957,162,202202,41,81,81,2022,63.00087,-173.279055,8/11/2022 10:17,21740,walleye pollock,119,480,650,8,2,NA,NA,NA,NA,NA
-21957,162,202202,41,81,81,2022,63.00087,-173.279055,8/11/2022 10:17,21740,walleye pollock,120,470,720,6,2,NA,NA,NA,NA,NA
-21957,162,202202,41,81,81,2022,63.00087,-173.279055,8/11/2022 10:17,21740,walleye pollock,121,530,860,8,1,NA,NA,NA,NA,NA
-21957,162,202202,41,81,81,2022,63.00087,-173.279055,8/11/2022 10:17,21740,walleye pollock,122,110,6,1,3,NA,NA,NA,NA,NA
-21959,162,202202,43,70,70,2022,63.00125,-171.849185,8/11/2022 15:14,21740,walleye pollock,124,480,670,12,1,NA,NA,NA,NA,NA
-21959,162,202202,43,70,70,2022,63.00125,-171.849185,8/11/2022 15:14,21740,walleye pollock,123,480,628,7,2,NA,NA,NA,NA,NA
-21959,162,202202,43,70,70,2022,63.00125,-171.849185,8/11/2022 15:14,21740,walleye pollock,125,440,494,6,1,NA,NA,NA,NA,NA
-21959,162,202202,43,70,70,2022,63.00125,-171.849185,8/11/2022 15:14,21740,walleye pollock,126,110,8,1,3,NA,NA,NA,NA,NA
-21975,162,202202,44,70,70,2022,62.66412,-171.06394,8/12/2022 7:43,21740,walleye pollock,127,520,830,8,2,NA,NA,NA,NA,NA
-21975,162,202202,44,70,70,2022,62.66412,-171.06394,8/12/2022 7:43,21740,walleye pollock,128,570,988,8,1,NA,NA,NA,NA,NA
-21975,162,202202,44,70,70,2022,62.66412,-171.06394,8/12/2022 7:43,21740,walleye pollock,129,530,918,8,2,NA,NA,NA,NA,NA
-21975,162,202202,44,70,70,2022,62.66412,-171.06394,8/12/2022 7:43,21740,walleye pollock,130,120,10,1,3,NA,NA,NA,NA,NA
-21977,162,202202,46,70,70,2022,62.94916,-170.4893,8/13/2022 7:46,21740,walleye pollock,131,480,636,8,2,NA,NA,NA,NA,NA
-21977,162,202202,46,70,70,2022,62.94916,-170.4893,8/13/2022 7:46,21740,walleye pollock,132,570,1094,7,2,NA,NA,NA,NA,NA
-21977,162,202202,46,70,70,2022,62.94916,-170.4893,8/13/2022 7:46,21740,walleye pollock,133,540,998,10,1,NA,NA,NA,NA,NA
-21977,162,202202,46,70,70,2022,62.94916,-170.4893,8/13/2022 7:46,21740,walleye pollock,134,110,10,1,3,NA,NA,NA,NA,NA
-21978,162,202202,47,70,70,2022,63.263795,-171.11828,8/13/2022 11:04,21740,walleye pollock,135,630,1620,12,2,NA,NA,NA,NA,NA
-21978,162,202202,47,70,70,2022,63.263795,-171.11828,8/13/2022 11:04,21740,walleye pollock,136,590,1162,12,2,NA,NA,NA,NA,NA
-21978,162,202202,47,70,70,2022,63.263795,-171.11828,8/13/2022 11:04,21740,walleye pollock,137,660,1950,NA,2,NA,NA,NA,NA,NA
-21978,162,202202,47,70,70,2022,63.263795,-171.11828,8/13/2022 11:04,21740,walleye pollock,138,570,1020,8,2,NA,NA,NA,NA,NA
-21978,162,202202,47,70,70,2022,63.263795,-171.11828,8/13/2022 11:04,21740,walleye pollock,139,620,1508,11,2,NA,NA,NA,NA,NA
-21978,162,202202,47,70,70,2022,63.263795,-171.11828,8/13/2022 11:04,21740,walleye pollock,140,140,18,1,3,NA,NA,NA,NA,NA
-21979,162,202202,48,70,70,2022,62.981565,-171.13945,8/13/2022 13:13,21740,walleye pollock,144,110,8,1,3,NA,NA,NA,NA,NA
-21979,162,202202,48,70,70,2022,62.981565,-171.13945,8/13/2022 13:13,21740,walleye pollock,141,520,730,9,2,NA,NA,NA,NA,NA
-21979,162,202202,48,70,70,2022,62.981565,-171.13945,8/13/2022 13:13,21740,walleye pollock,142,600,1414,12,2,NA,NA,NA,NA,NA
-21979,162,202202,48,70,70,2022,62.981565,-171.13945,8/13/2022 13:13,21740,walleye pollock,143,550,892,9,2,NA,NA,NA,NA,NA
-21980,162,202202,49,70,70,2022,62.671815,-171.789965,8/13/2022 16:20,21740,walleye pollock,145,540,1128,9,1,NA,NA,NA,NA,NA
-21980,162,202202,49,70,70,2022,62.671815,-171.789965,8/13/2022 16:20,21740,walleye pollock,146,510,760,8,2,NA,NA,NA,NA,NA
-21980,162,202202,49,70,70,2022,62.671815,-171.789965,8/13/2022 16:20,21740,walleye pollock,147,540,1020,8,2,NA,NA,NA,NA,NA
-21980,162,202202,49,70,70,2022,62.671815,-171.789965,8/13/2022 16:20,21740,walleye pollock,148,100,8,1,3,NA,NA,NA,NA,NA
-21981,162,202202,50,81,81,2022,62.325695,-172.417795,8/14/2022 7:45,21740,walleye pollock,149,460,574,9,1,NA,NA,NA,NA,NA
-21981,162,202202,50,81,81,2022,62.325695,-172.417795,8/14/2022 7:45,21740,walleye pollock,150,480,626,7,2,NA,NA,NA,NA,NA
-21981,162,202202,50,81,81,2022,62.325695,-172.417795,8/14/2022 7:45,21740,walleye pollock,151,520,1006,8,2,NA,NA,NA,NA,NA
-21981,162,202202,50,81,81,2022,62.325695,-172.417795,8/14/2022 7:45,21740,walleye pollock,152,110,10,1,3,NA,NA,NA,NA,NA
-21982,162,202202,51,81,81,2022,61.998495,-172.366005,8/14/2022 10:19,21740,walleye pollock,153,500,710,9,1,NA,NA,NA,NA,NA
-21982,162,202202,51,81,81,2022,61.998495,-172.366005,8/14/2022 10:19,21740,walleye pollock,154,480,704,9,1,NA,NA,NA,NA,NA
-21982,162,202202,51,81,81,2022,61.998495,-172.366005,8/14/2022 10:19,21740,walleye pollock,155,510,696,8,2,NA,NA,NA,NA,NA
-21982,162,202202,51,81,81,2022,61.998495,-172.366005,8/14/2022 10:19,21740,walleye pollock,156,140,20,1,3,NA,NA,NA,NA,NA
-21983,162,202202,52,81,81,2022,61.661095,-172.309445,8/14/2022 12:55,21740,walleye pollock,157,490,692,8,2,NA,NA,NA,NA,NA
-21983,162,202202,52,81,81,2022,61.661095,-172.309445,8/14/2022 12:55,21740,walleye pollock,158,570,1072,9,2,NA,NA,NA,NA,NA
-21983,162,202202,52,81,81,2022,61.661095,-172.309445,8/14/2022 12:55,21740,walleye pollock,159,500,754,9,1,NA,NA,NA,NA,NA
-21983,162,202202,52,81,81,2022,61.661095,-172.309445,8/14/2022 12:55,21740,walleye pollock,160,140,18,1,3,NA,NA,NA,NA,NA
-21984,162,202202,53,81,81,2022,61.34158,-172.23197,8/14/2022 15:25,21740,walleye pollock,161,520,920,8,1,NA,NA,NA,NA,NA
-21984,162,202202,53,81,81,2022,61.34158,-172.23197,8/14/2022 15:25,21740,walleye pollock,162,460,536,8,1,NA,NA,NA,NA,NA
-21984,162,202202,53,81,81,2022,61.34158,-172.23197,8/14/2022 15:25,21740,walleye pollock,163,510,780,6,2,NA,NA,NA,NA,NA
-21984,162,202202,53,81,81,2022,61.34158,-172.23197,8/14/2022 15:25,21740,walleye pollock,164,120,12,1,3,NA,NA,NA,NA,NA
-21985,162,202202,54,81,81,2022,61.32958,-172.923725,8/14/2022 17:46,21740,walleye pollock,165,450,554,8,1,NA,NA,NA,NA,NA
-21985,162,202202,54,81,81,2022,61.32958,-172.923725,8/14/2022 17:46,21740,walleye pollock,166,490,638,7,1,NA,NA,NA,NA,NA
-21985,162,202202,54,81,81,2022,61.32958,-172.923725,8/14/2022 17:46,21740,walleye pollock,167,550,986,8,2,NA,NA,NA,NA,NA
-21985,162,202202,54,81,81,2022,61.32958,-172.923725,8/14/2022 17:46,21740,walleye pollock,168,120,10,1,3,NA,NA,NA,NA,NA
-21994,162,202202,55,81,81,2022,61.331085,-171.51256,8/15/2022 7:58,21740,walleye pollock,169,130,12,1,3,NA,NA,NA,NA,NA
-21994,162,202202,55,81,81,2022,61.331085,-171.51256,8/15/2022 7:58,21740,walleye pollock,170,520,796,9,1,NA,NA,NA,NA,NA
-21994,162,202202,55,81,81,2022,61.331085,-171.51256,8/15/2022 7:58,21740,walleye pollock,171,470,696,6,2,NA,NA,NA,NA,NA
-21994,162,202202,55,81,81,2022,61.331085,-171.51256,8/15/2022 7:58,21740,walleye pollock,172,490,796,8,1,NA,NA,NA,NA,NA
-21995,162,202202,56,81,81,2022,61.672025,-171.559255,8/15/2022 10:41,21740,walleye pollock,173,510,798,8,1,NA,NA,NA,NA,NA
-21995,162,202202,56,81,81,2022,61.672025,-171.559255,8/15/2022 10:41,21740,walleye pollock,174,550,926,8,2,NA,NA,NA,NA,NA
-21995,162,202202,56,81,81,2022,61.672025,-171.559255,8/15/2022 10:41,21740,walleye pollock,175,500,772,9,2,NA,NA,NA,NA,NA
-21995,162,202202,56,81,81,2022,61.672025,-171.559255,8/15/2022 10:41,21740,walleye pollock,176,130,14,1,3,NA,NA,NA,NA,NA
-21996,162,202202,57,70,70,2022,62.000225,-171.60421,8/15/2022 13:17,21740,walleye pollock,177,120,12,1,3,NA,NA,NA,NA,NA
-21996,162,202202,57,70,70,2022,62.000225,-171.60421,8/15/2022 13:17,21740,walleye pollock,178,500,826,9,1,NA,NA,NA,NA,NA
-21996,162,202202,57,70,70,2022,62.000225,-171.60421,8/15/2022 13:17,21740,walleye pollock,179,460,608,9,1,NA,NA,NA,NA,NA
-21996,162,202202,57,70,70,2022,62.000225,-171.60421,8/15/2022 13:17,21740,walleye pollock,180,530,1016,7,2,NA,NA,NA,NA,NA
-21997,162,202202,58,81,81,2022,62.31962,-171.704235,8/15/2022 16:02,21740,walleye pollock,181,550,892,9,1,NA,NA,NA,NA,NA
-21997,162,202202,58,81,81,2022,62.31962,-171.704235,8/15/2022 16:02,21740,walleye pollock,182,130,14,1,3,NA,NA,NA,NA,NA
-21997,162,202202,58,81,81,2022,62.31962,-171.704235,8/15/2022 16:02,21740,walleye pollock,183,580,1264,9,2,NA,NA,NA,NA,NA
-21997,162,202202,58,81,81,2022,62.31962,-171.704235,8/15/2022 16:02,21740,walleye pollock,184,450,572,6,1,NA,NA,NA,NA,NA
-21998,162,202202,59,70,70,2022,62.335195,-171.05191,8/16/2022 8:00,21740,walleye pollock,185,510,840,8,1,NA,NA,NA,NA,NA
-21998,162,202202,59,70,70,2022,62.335195,-171.05191,8/16/2022 8:00,21740,walleye pollock,186,510,825,11,1,NA,NA,NA,NA,NA
-21998,162,202202,59,70,70,2022,62.335195,-171.05191,8/16/2022 8:00,21740,walleye pollock,187,530,810,8,2,NA,NA,NA,NA,NA
-21998,162,202202,59,70,70,2022,62.335195,-171.05191,8/16/2022 8:00,21740,walleye pollock,188,120,10,1,3,NA,NA,NA,NA,NA
-21999,162,202202,60,70,70,2022,61.996715,-170.977865,8/16/2022 11:11,21740,walleye pollock,189,530,830,9,2,NA,NA,NA,NA,NA
-21999,162,202202,60,70,70,2022,61.996715,-170.977865,8/16/2022 11:11,21740,walleye pollock,190,580,1106,12,2,NA,NA,NA,NA,NA
-21999,162,202202,60,70,70,2022,61.996715,-170.977865,8/16/2022 11:11,21740,walleye pollock,191,530,1044,9,2,NA,NA,NA,NA,NA
-21999,162,202202,60,70,70,2022,61.996715,-170.977865,8/16/2022 11:11,21740,walleye pollock,192,510,790,9,2,NA,NA,NA,NA,NA
-21999,162,202202,60,70,70,2022,61.996715,-170.977865,8/16/2022 11:11,21740,walleye pollock,193,540,1070,13,2,NA,NA,NA,NA,NA
-22009,162,202202,61,81,81,2022,61.662985,-170.93239,8/17/2022 7:59,21740,walleye pollock,194,540,960,13,1,NA,NA,NA,NA,NA
-22009,162,202202,61,81,81,2022,61.662985,-170.93239,8/17/2022 7:59,21740,walleye pollock,195,570,1096,8,2,NA,NA,NA,NA,NA
-22009,162,202202,61,81,81,2022,61.662985,-170.93239,8/17/2022 7:59,21740,walleye pollock,196,490,672,8,1,NA,NA,NA,NA,NA
-22009,162,202202,61,81,81,2022,61.662985,-170.93239,8/17/2022 7:59,21740,walleye pollock,197,130,12,1,3,NA,NA,NA,NA,NA
-22010,162,202202,62,81,81,2022,61.338255,-170.855905,8/17/2022 10:40,21740,walleye pollock,198,500,794,7,2,NA,NA,NA,NA,NA
-22010,162,202202,62,81,81,2022,61.338255,-170.855905,8/17/2022 10:40,21740,walleye pollock,199,480,704,9,1,NA,NA,NA,NA,NA
-22010,162,202202,62,81,81,2022,61.338255,-170.855905,8/17/2022 10:40,21740,walleye pollock,200,200,48,2,2,NA,NA,NA,NA,NA
-22011,162,202202,63,81,81,2022,60.995915,-170.80126,8/17/2022 13:46,21740,walleye pollock,201,500,722,8,2,NA,NA,NA,NA,NA
-22011,162,202202,63,81,81,2022,60.995915,-170.80126,8/17/2022 13:46,21740,walleye pollock,202,480,674,8,2,NA,NA,NA,NA,NA
-22011,162,202202,63,81,81,2022,60.995915,-170.80126,8/17/2022 13:46,21740,walleye pollock,203,510,738,6,1,NA,NA,NA,NA,NA
-22011,162,202202,63,81,81,2022,60.995915,-170.80126,8/17/2022 13:46,21740,walleye pollock,204,120,10,1,3,NA,NA,NA,NA,NA
-22012,162,202202,64,81,81,2022,60.659335,-170.74741,8/17/2022 16:26,21740,walleye pollock,205,470,786,8,1,NA,NA,NA,NA,NA
-22012,162,202202,64,81,81,2022,60.659335,-170.74741,8/17/2022 16:26,21740,walleye pollock,206,480,692,9,1,NA,NA,NA,NA,NA
-22012,162,202202,64,81,81,2022,60.659335,-170.74741,8/17/2022 16:26,21740,walleye pollock,207,470,628,7,2,NA,NA,NA,NA,NA
-22012,162,202202,64,81,81,2022,60.659335,-170.74741,8/17/2022 16:26,21740,walleye pollock,208,130,10,1,3,NA,NA,NA,NA,NA
-22013,162,202202,65,70,70,2022,60.986185,-170.115145,8/18/2022 7:58,21740,walleye pollock,209,490,654,9,1,NA,NA,NA,NA,NA
-22013,162,202202,65,70,70,2022,60.986185,-170.115145,8/18/2022 7:58,21740,walleye pollock,210,520,734,8,2,NA,NA,NA,NA,NA
-22013,162,202202,65,70,70,2022,60.986185,-170.115145,8/18/2022 7:58,21740,walleye pollock,211,480,734,10,1,NA,NA,NA,NA,NA
-22013,162,202202,65,70,70,2022,60.986185,-170.115145,8/18/2022 7:58,21740,walleye pollock,212,70,2,0,3,NA,NA,NA,NA,NA
-22014,162,202202,66,70,70,2022,61.3246,-170.15793,8/18/2022 10:48,21740,walleye pollock,214,540,868,12,2,NA,NA,NA,NA,NA
-22014,162,202202,66,70,70,2022,61.3246,-170.15793,8/18/2022 10:48,21740,walleye pollock,215,510,790,7,2,NA,NA,NA,NA,NA
-22014,162,202202,66,70,70,2022,61.3246,-170.15793,8/18/2022 10:48,21740,walleye pollock,216,520,770,8,2,NA,NA,NA,NA,NA
-22014,162,202202,66,70,70,2022,61.3246,-170.15793,8/18/2022 10:48,21740,walleye pollock,217,510,790,6,2,NA,NA,NA,NA,NA
-22014,162,202202,66,70,70,2022,61.3246,-170.15793,8/18/2022 10:48,21740,walleye pollock,213,490,750,7,2,NA,NA,NA,NA,NA
-22015,162,202202,67,70,70,2022,61.658755,-170.188225,8/18/2022 13:29,21740,walleye pollock,218,510,706,8,1,NA,NA,NA,NA,NA
-22015,162,202202,67,70,70,2022,61.658755,-170.188225,8/18/2022 13:29,21740,walleye pollock,219,520,878,11,2,NA,NA,NA,NA,NA
-22015,162,202202,67,70,70,2022,61.658755,-170.188225,8/18/2022 13:29,21740,walleye pollock,220,520,758,11,2,NA,NA,NA,NA,NA
-22015,162,202202,67,70,70,2022,61.658755,-170.188225,8/18/2022 13:29,21740,walleye pollock,221,150,24,1,3,NA,NA,NA,NA,NA
-22016,162,202202,68,70,70,2022,61.999875,-170.24128,8/18/2022 16:06,21740,walleye pollock,222,500,624,8,1,NA,NA,NA,NA,NA
-22016,162,202202,68,70,70,2022,61.999875,-170.24128,8/18/2022 16:06,21740,walleye pollock,223,650,1746,11,2,NA,NA,NA,NA,NA
-22016,162,202202,68,70,70,2022,61.999875,-170.24128,8/18/2022 16:06,21740,walleye pollock,224,500,758,8,2,NA,NA,NA,NA,NA
-22016,162,202202,68,70,70,2022,61.999875,-170.24128,8/18/2022 16:06,21740,walleye pollock,225,130,14,1,3,NA,NA,NA,NA,NA
-22020,162,202202,69,70,70,2022,61.326755,-169.46998,8/19/2022 7:58,21740,walleye pollock,226,150,24,1,3,NA,NA,NA,NA,NA
-22020,162,202202,69,70,70,2022,61.326755,-169.46998,8/19/2022 7:58,21740,walleye pollock,227,530,992,8,2,NA,NA,NA,NA,NA
-22020,162,202202,69,70,70,2022,61.326755,-169.46998,8/19/2022 7:58,21740,walleye pollock,228,530,930,7,2,NA,NA,NA,NA,NA
-22020,162,202202,69,70,70,2022,61.326755,-169.46998,8/19/2022 7:58,21740,walleye pollock,229,550,1058,13,2,NA,NA,NA,NA,NA
-22021,162,202202,70,70,70,2022,60.999665,-169.439805,8/19/2022 10:31,21740,walleye pollock,230,500,752,12,1,NA,NA,NA,NA,NA
-22021,162,202202,70,70,70,2022,60.999665,-169.439805,8/19/2022 10:31,21740,walleye pollock,231,140,18,1,3,NA,NA,NA,NA,NA
-22021,162,202202,70,70,70,2022,60.999665,-169.439805,8/19/2022 10:31,21740,walleye pollock,232,490,804,9,1,NA,NA,NA,NA,NA
-22021,162,202202,70,70,70,2022,60.999665,-169.439805,8/19/2022 10:31,21740,walleye pollock,233,600,1540,9,2,NA,NA,NA,NA,NA
-22023,162,202202,72,70,70,2022,60.670395,-170.060395,8/19/2022 16:08,21740,walleye pollock,234,440,522,5,1,NA,NA,NA,NA,NA
-22023,162,202202,72,70,70,2022,60.670395,-170.060395,8/19/2022 16:08,21740,walleye pollock,235,480,692,10,2,NA,NA,NA,NA,NA
-22023,162,202202,72,70,70,2022,60.670395,-170.060395,8/19/2022 16:08,21740,walleye pollock,236,570,996,10,2,NA,NA,NA,NA,NA
-22023,162,202202,72,70,70,2022,60.670395,-170.060395,8/19/2022 16:08,21740,walleye pollock,237,120,12,1,3,NA,NA,NA,NA,NA
-22024,162,202202,73,70,70,2022,60.66605,-168.67883,8/20/2022 7:57,21740,walleye pollock,239,550,1002,9,2,NA,NA,NA,NA,NA
-22024,162,202202,73,70,70,2022,60.66605,-168.67883,8/20/2022 7:57,21740,walleye pollock,238,130,12,1,3,NA,NA,NA,NA,NA
-22024,162,202202,73,70,70,2022,60.66605,-168.67883,8/20/2022 7:57,21740,walleye pollock,240,580,1070,9,2,NA,NA,NA,NA,NA
-22024,162,202202,73,70,70,2022,60.66605,-168.67883,8/20/2022 7:57,21740,walleye pollock,241,580,1321,10,2,NA,NA,NA,NA,NA
-22024,162,202202,73,70,70,2022,60.66605,-168.67883,8/20/2022 7:57,21740,walleye pollock,242,630,1651,12,2,NA,NA,NA,NA,NA
-22024,162,202202,73,70,70,2022,60.66605,-168.67883,8/20/2022 7:57,21740,walleye pollock,243,610,1223,10,2,NA,NA,NA,NA,NA
-22966,134,202302,1,71,71,2023,64.311,-165.314135,7/29/2023 7:34,21740,walleye pollock,1,760,2876,11,2,NA,NA,NA,NA,NA
-22966,134,202302,1,71,71,2023,64.311,-165.314135,7/29/2023 7:34,21740,walleye pollock,2,720,2558,13,2,NA,NA,NA,NA,NA
-22966,134,202302,1,71,71,2023,64.311,-165.314135,7/29/2023 7:34,21740,walleye pollock,3,130,16,1,3,NA,NA,NA,NA,NA
-22967,134,202302,2,71,71,2023,64.324075,-164.53386,7/29/2023 11:21,21740,walleye pollock,4,110,10,1,3,NA,NA,NA,NA,NA
-22967,134,202302,2,71,71,2023,64.324075,-164.53386,7/29/2023 11:21,21740,walleye pollock,5,90,4,1,3,NA,NA,NA,NA,NA
-22967,134,202302,2,71,71,2023,64.324075,-164.53386,7/29/2023 11:21,21740,walleye pollock,6,110,10,1,3,NA,NA,NA,NA,NA
-22994,134,202302,11,71,71,2023,63.678085,-163.078815,7/31/2023 16:44,21740,walleye pollock,7,100,6,1,3,NA,NA,NA,NA,NA
-22994,134,202302,11,71,71,2023,63.678085,-163.078815,7/31/2023 16:44,21740,walleye pollock,8,100,6,1,3,NA,NA,NA,NA,NA
-22994,134,202302,11,71,71,2023,63.678085,-163.078815,7/31/2023 16:44,21740,walleye pollock,9,90,6,1,3,NA,NA,NA,NA,NA
-22998,134,202302,12,71,71,2023,63.665185,-163.794375,8/1/2023 7:24,21740,walleye pollock,10,130,18,2,3,NA,NA,NA,NA,NA
-22998,134,202302,12,71,71,2023,63.665185,-163.794375,8/1/2023 7:24,21740,walleye pollock,11,90,6,1,3,NA,NA,NA,NA,NA
-22998,134,202302,12,71,71,2023,63.665185,-163.794375,8/1/2023 7:24,21740,walleye pollock,12,110,8,1,3,NA,NA,NA,NA,NA
-22999,134,202302,13,71,71,2023,63.672145,-164.562725,8/1/2023 10:20,21740,walleye pollock,13,120,10,1,3,NA,NA,NA,NA,NA
-23000,134,202302,14,71,71,2023,64.0023,-164.58072,8/1/2023 13:05,21740,walleye pollock,14,700,2376,12,2,NA,NA,NA,NA,NA
-23000,134,202302,14,71,71,2023,64.0023,-164.58072,8/1/2023 13:05,21740,walleye pollock,15,110,12,1,3,NA,NA,NA,NA,NA
-23000,134,202302,14,71,71,2023,64.0023,-164.58072,8/1/2023 13:05,21740,walleye pollock,16,120,14,1,3,NA,NA,NA,NA,NA
-23002,134,202302,16,71,71,2023,64.00829,-165.325525,8/1/2023 16:34,21740,walleye pollock,17,130,16,1,3,NA,NA,NA,NA,NA
-23002,134,202302,16,71,71,2023,64.00829,-165.325525,8/1/2023 16:34,21740,walleye pollock,18,120,12,1,3,NA,NA,NA,NA,NA
-23002,134,202302,16,71,71,2023,64.00829,-165.325525,8/1/2023 16:34,21740,walleye pollock,19,110,8,1,3,NA,NA,NA,NA,NA
-23034,134,202302,17,71,71,2023,63.667235,-165.28458,8/2/2023 7:26,21740,walleye pollock,20,130,14,1,3,NA,NA,NA,NA,NA
-23034,134,202302,17,71,71,2023,63.667235,-165.28458,8/2/2023 7:26,21740,walleye pollock,21,120,10,1,3,NA,NA,NA,NA,NA
-23034,134,202302,17,71,71,2023,63.667235,-165.28458,8/2/2023 7:26,21740,walleye pollock,22,120,12,1,3,NA,NA,NA,NA,NA
-23036,134,202302,19,71,71,2023,63.32683,-165.354495,8/2/2023 10:57,21740,walleye pollock,23,110,8,1,3,NA,NA,NA,NA,NA
-23036,134,202302,19,71,71,2023,63.32683,-165.354495,8/2/2023 10:57,21740,walleye pollock,24,110,10,1,3,NA,NA,NA,NA,NA
-23036,134,202302,19,71,71,2023,63.32683,-165.354495,8/2/2023 10:57,21740,walleye pollock,25,110,10,1,3,NA,NA,NA,NA,NA
-23037,134,202302,20,71,71,2023,63.32436,-166.029845,8/2/2023 13:58,21740,walleye pollock,26,120,12,1,3,NA,NA,NA,NA,NA
-23037,134,202302,20,71,71,2023,63.32436,-166.029845,8/2/2023 13:58,21740,walleye pollock,27,120,12,1,3,NA,NA,NA,NA,NA
-23037,134,202302,20,71,71,2023,63.32436,-166.029845,8/2/2023 13:58,21740,walleye pollock,28,120,8,1,3,NA,NA,NA,NA,NA
-23038,134,202302,21,70,70,2023,63.00634,-166.02392,8/2/2023 16:58,21740,walleye pollock,29,110,8,1,3,NA,NA,NA,NA,NA
-23038,134,202302,21,70,70,2023,63.00634,-166.02392,8/2/2023 16:58,21740,walleye pollock,30,100,8,1,3,NA,NA,NA,NA,NA
-23038,134,202302,21,70,70,2023,63.00634,-166.02392,8/2/2023 16:58,21740,walleye pollock,31,100,8,1,3,NA,NA,NA,NA,NA
-23039,134,202302,22,71,71,2023,63.669355,-166.046845,8/3/2023 7:25,21740,walleye pollock,32,110,10,1,3,NA,NA,NA,NA,NA
-23039,134,202302,22,71,71,2023,63.669355,-166.046845,8/3/2023 7:25,21740,walleye pollock,33,130,15,1,3,NA,NA,NA,NA,NA
-23039,134,202302,22,71,71,2023,63.669355,-166.046845,8/3/2023 7:25,21740,walleye pollock,34,120,10,1,3,NA,NA,NA,NA,NA
-23040,134,202302,23,71,71,2023,64.00675,-166.03931,8/3/2023 10:35,21740,walleye pollock,35,130,14,1,3,NA,NA,NA,NA,NA
-23040,134,202302,23,71,71,2023,64.00675,-166.03931,8/3/2023 10:35,21740,walleye pollock,36,120,12,1,3,NA,NA,NA,NA,NA
-23040,134,202302,23,71,71,2023,64.00675,-166.03931,8/3/2023 10:35,21740,walleye pollock,37,130,14,1,3,NA,NA,NA,NA,NA
-23041,134,202302,24,71,71,2023,64.332785,-166.0594,8/3/2023 13:28,21740,walleye pollock,38,110,8,1,3,NA,NA,NA,NA,NA
-23041,134,202302,24,71,71,2023,64.332785,-166.0594,8/3/2023 13:28,21740,walleye pollock,39,110,10,1,3,NA,NA,NA,NA,NA
-23041,134,202302,24,71,71,2023,64.332785,-166.0594,8/3/2023 13:28,21740,walleye pollock,40,130,16,1,3,NA,NA,NA,NA,NA
-23042,134,202302,25,71,71,2023,64.001535,-166.81582,8/9/2023 8:10,21740,walleye pollock,41,120,8,1,3,NA,NA,NA,NA,NA
-23042,134,202302,25,71,71,2023,64.001535,-166.81582,8/9/2023 8:10,21740,walleye pollock,42,630,1828,NA,1,NA,NA,NA,NA,NA
-23042,134,202302,25,71,71,2023,64.001535,-166.81582,8/9/2023 8:10,21740,walleye pollock,43,610,1608,12,1,NA,NA,NA,NA,NA
-23042,134,202302,25,71,71,2023,64.001535,-166.81582,8/9/2023 8:10,21740,walleye pollock,44,690,2478,12,2,NA,NA,NA,NA,NA
-23043,134,202302,26,71,71,2023,63.99407,-167.541905,8/9/2023 12:17,21740,walleye pollock,45,610,1496,10,1,NA,NA,NA,NA,NA
-23043,134,202302,26,71,71,2023,63.99407,-167.541905,8/9/2023 12:17,21740,walleye pollock,46,720,2480,10,2,NA,NA,NA,NA,NA
-23043,134,202302,26,71,71,2023,63.99407,-167.541905,8/9/2023 12:17,21740,walleye pollock,47,620,1682,11,2,NA,NA,NA,NA,NA
-23044,134,202302,27,71,71,2023,63.66915,-167.52462,8/9/2023 15:17,21740,walleye pollock,48,120,14,1,3,NA,NA,NA,NA,NA
-23044,134,202302,27,71,71,2023,63.66915,-167.52462,8/9/2023 15:17,21740,walleye pollock,49,580,1552,10,2,NA,NA,NA,NA,NA
-23044,134,202302,27,71,71,2023,63.66915,-167.52462,8/9/2023 15:17,21740,walleye pollock,50,660,1980,15,2,NA,NA,NA,NA,NA
-23044,134,202302,27,71,71,2023,63.66915,-167.52462,8/9/2023 15:17,21740,walleye pollock,51,200,64,2,1,NA,NA,NA,NA,NA
-23059,134,202302,28,71,71,2023,63.66499,-166.779695,8/10/2023 7:34,21740,walleye pollock,52,120,12,1,3,NA,NA,NA,NA,NA
-23059,134,202302,28,71,71,2023,63.66499,-166.779695,8/10/2023 7:34,21740,walleye pollock,53,750,3260,14,2,NA,NA,NA,NA,NA
-23059,134,202302,28,71,71,2023,63.66499,-166.779695,8/10/2023 7:34,21740,walleye pollock,54,530,724,9,2,NA,NA,NA,NA,NA
-23059,134,202302,28,71,71,2023,63.66499,-166.779695,8/10/2023 7:34,21740,walleye pollock,55,610,1564,11,1,NA,NA,NA,NA,NA
-23060,134,202302,29,71,71,2023,63.332325,-166.76024,8/10/2023 11:32,21740,walleye pollock,56,130,16,1,3,NA,NA,NA,NA,NA
-23060,134,202302,29,71,71,2023,63.332325,-166.76024,8/10/2023 11:32,21740,walleye pollock,57,110,12,1,3,NA,NA,NA,NA,NA
-23060,134,202302,29,71,71,2023,63.332325,-166.76024,8/10/2023 11:32,21740,walleye pollock,58,110,10,1,3,NA,NA,NA,NA,NA
-23061,134,202302,30,71,71,2023,63.339575,-167.51748,8/10/2023 14:40,21740,walleye pollock,59,150,22,1,3,NA,NA,NA,NA,NA
-23061,134,202302,30,71,71,2023,63.339575,-167.51748,8/10/2023 14:40,21740,walleye pollock,60,180,34,2,3,NA,NA,NA,NA,NA
-23061,134,202302,30,71,71,2023,63.339575,-167.51748,8/10/2023 14:40,21740,walleye pollock,61,680,1970,13,2,NA,NA,NA,NA,NA
-23074,134,202302,34,70,70,2023,62.668125,-168.89322,8/12/2023 7:33,21740,walleye pollock,69,540,962,10,1,NA,NA,NA,NA,NA
-23074,134,202302,34,70,70,2023,62.668125,-168.89322,8/12/2023 7:33,21740,walleye pollock,70,540,1210,11,2,NA,NA,NA,NA,NA
-23074,134,202302,34,70,70,2023,62.668125,-168.89322,8/12/2023 7:33,21740,walleye pollock,71,530,958,9,1,NA,NA,NA,NA,NA
-23074,134,202302,34,70,70,2023,62.668125,-168.89322,8/12/2023 7:33,21740,walleye pollock,72,120,12,1,3,NA,NA,NA,NA,NA
-23067,134,202302,32,70,70,2023,62.994445,-167.448095,8/11/2023 11:51,21740,walleye pollock,63,640,1746,12,2,NA,NA,NA,NA,NA
-23067,134,202302,32,70,70,2023,62.994445,-167.448095,8/11/2023 11:51,21740,walleye pollock,64,590,1328,12,1,NA,NA,NA,NA,NA
-23067,134,202302,32,70,70,2023,62.994445,-167.448095,8/11/2023 11:51,21740,walleye pollock,65,130,14,1,3,NA,NA,NA,NA,NA
-23067,134,202302,32,70,70,2023,62.994445,-167.448095,8/11/2023 11:51,21740,walleye pollock,62,670,2034,13,1,NA,NA,NA,NA,NA
-23068,134,202302,33,71,71,2023,63.34754,-168.26787,8/11/2023 15:55,21740,walleye pollock,66,630,1575,12,1,NA,NA,NA,NA,NA
-23068,134,202302,33,71,71,2023,63.34754,-168.26787,8/11/2023 15:55,21740,walleye pollock,67,620,1640,11,2,NA,NA,NA,NA,NA
-23068,134,202302,33,71,71,2023,63.34754,-168.26787,8/11/2023 15:55,21740,walleye pollock,68,160,30,1,2,NA,NA,NA,NA,NA
-23075,134,202302,35,70,70,2023,62.663675,-168.17895,8/12/2023 10:33,21740,walleye pollock,73,490,678,6,2,NA,NA,NA,NA,NA
-23075,134,202302,35,70,70,2023,62.663675,-168.17895,8/12/2023 10:33,21740,walleye pollock,74,670,2094,10,2,NA,NA,NA,NA,NA
-23075,134,202302,35,70,70,2023,62.663675,-168.17895,8/12/2023 10:33,21740,walleye pollock,75,110,10,1,3,NA,NA,NA,NA,NA
-23076,134,202302,36,70,70,2023,62.33088,-168.159735,8/12/2023 13:11,21740,walleye pollock,76,130,16,1,3,NA,NA,NA,NA,NA
-23076,134,202302,36,70,70,2023,62.33088,-168.159735,8/12/2023 13:11,21740,walleye pollock,77,660,1810,10,2,NA,NA,NA,NA,NA
-23076,134,202302,36,70,70,2023,62.33088,-168.159735,8/12/2023 13:11,21740,walleye pollock,78,590,1428,10,2,NA,NA,NA,NA,NA
-23076,134,202302,36,70,70,2023,62.33088,-168.159735,8/12/2023 13:11,21740,walleye pollock,79,540,954,8,1,NA,NA,NA,NA,NA
-23081,134,202302,37,70,70,2023,62.329815,-169.596365,8/13/2023 7:55,21740,walleye pollock,80,650,1750,11,2,NA,NA,NA,NA,NA
-23081,134,202302,37,70,70,2023,62.329815,-169.596365,8/13/2023 7:55,21740,walleye pollock,81,570,840,11,2,NA,NA,NA,NA,NA
-23081,134,202302,37,70,70,2023,62.329815,-169.596365,8/13/2023 7:55,21740,walleye pollock,82,550,960,9,1,NA,NA,NA,NA,NA
-23082,134,202302,38,70,70,2023,61.99784,-169.5559,8/13/2023 10:46,21740,walleye pollock,83,530,970,12,1,NA,NA,NA,NA,NA
-23082,134,202302,38,70,70,2023,61.99784,-169.5559,8/13/2023 10:46,21740,walleye pollock,84,520,980,13,1,NA,NA,NA,NA,NA
-23082,134,202302,38,70,70,2023,61.99784,-169.5559,8/13/2023 10:46,21740,walleye pollock,85,500,715,5,1,NA,NA,NA,NA,NA
-23082,134,202302,38,70,70,2023,61.99784,-169.5559,8/13/2023 10:46,21740,walleye pollock,86,140,15,1,3,NA,NA,NA,NA,NA
-23083,134,202302,39,70,70,2023,61.99084,-168.8428,8/13/2023 14:04,21740,walleye pollock,87,630,1544,8,2,NA,NA,NA,NA,NA
-23083,134,202302,39,70,70,2023,61.99084,-168.8428,8/13/2023 14:04,21740,walleye pollock,88,560,1222,9,1,NA,NA,NA,NA,NA
-23083,134,202302,39,70,70,2023,61.99084,-168.8428,8/13/2023 14:04,21740,walleye pollock,89,540,982,12,2,NA,NA,NA,NA,NA
-23093,134,202302,43,70,70,2023,62.004165,-166.69662,8/14/2023 14:17,21740,walleye pollock,96,120,10,1,3,NA,NA,NA,NA,NA
-23093,134,202302,43,70,70,2023,62.004165,-166.69662,8/14/2023 14:17,21740,walleye pollock,97,110,8,1,3,NA,NA,NA,NA,NA
-23093,134,202302,43,70,70,2023,62.004165,-166.69662,8/14/2023 14:17,21740,walleye pollock,98,110,8,1,3,NA,NA,NA,NA,NA
-23091,134,202302,41,70,70,2023,62.33305,-167.450805,8/14/2023 8:44,21740,walleye pollock,90,130,12,1,3,NA,NA,NA,NA,NA
-23091,134,202302,41,70,70,2023,62.33305,-167.450805,8/14/2023 8:44,21740,walleye pollock,91,720,2460,10,2,NA,NA,NA,NA,NA
-23091,134,202302,41,70,70,2023,62.33305,-167.450805,8/14/2023 8:44,21740,walleye pollock,92,690,2930,11,2,NA,NA,NA,NA,NA
-23092,134,202302,42,70,70,2023,62.331235,-166.720475,8/14/2023 11:32,21740,walleye pollock,93,600,996,10,1,NA,NA,NA,NA,NA
-23092,134,202302,42,70,70,2023,62.331235,-166.720475,8/14/2023 11:32,21740,walleye pollock,94,120,10,1,3,NA,NA,NA,NA,NA
-23092,134,202302,42,70,70,2023,62.331235,-166.720475,8/14/2023 11:32,21740,walleye pollock,95,110,8,1,3,NA,NA,NA,NA,NA
-23094,134,202302,44,70,70,2023,61.332755,-166.74057,8/15/2023 7:53,21740,walleye pollock,99,140,20,1,3,NA,NA,NA,NA,NA
-23094,134,202302,44,70,70,2023,61.332755,-166.74057,8/15/2023 7:53,21740,walleye pollock,100,120,10,1,3,NA,NA,NA,NA,NA
-23094,134,202302,44,70,70,2023,61.332755,-166.74057,8/15/2023 7:53,21740,walleye pollock,101,110,8,1,3,NA,NA,NA,NA,NA
-23095,134,202302,45,70,70,2023,61.65765,-166.75407,8/15/2023 10:48,21740,walleye pollock,102,120,15,1,3,NA,NA,NA,NA,NA
-23095,134,202302,45,70,70,2023,61.65765,-166.75407,8/15/2023 10:48,21740,walleye pollock,103,110,10,1,3,NA,NA,NA,NA,NA
-23095,134,202302,45,70,70,2023,61.65765,-166.75407,8/15/2023 10:48,21740,walleye pollock,104,110,10,1,3,NA,NA,NA,NA,NA
-23096,134,202302,46,70,70,2023,61.664965,-167.418785,8/15/2023 13:18,21740,walleye pollock,105,130,12,1,3,NA,NA,NA,NA,NA
-23096,134,202302,46,70,70,2023,61.664965,-167.418785,8/15/2023 13:18,21740,walleye pollock,106,120,12,1,3,NA,NA,NA,NA,NA
-23096,134,202302,46,70,70,2023,61.664965,-167.418785,8/15/2023 13:18,21740,walleye pollock,107,100,6,1,3,NA,NA,NA,NA,NA
-23099,134,202302,47,70,70,2023,61.66776,-168.80278,8/16/2023 8:01,21740,walleye pollock,108,530,904,13,2,NA,NA,NA,NA,NA
-23099,134,202302,47,70,70,2023,61.66776,-168.80278,8/16/2023 8:01,21740,walleye pollock,109,120,12,1,3,NA,NA,NA,NA,NA
-23099,134,202302,47,70,70,2023,61.66776,-168.80278,8/16/2023 8:01,21740,walleye pollock,110,560,1182,9,2,NA,NA,NA,NA,NA
-23099,134,202302,47,70,70,2023,61.66776,-168.80278,8/16/2023 8:01,21740,walleye pollock,111,540,936,10,1,NA,NA,NA,NA,NA
-23100,134,202302,48,70,70,2023,61.33499,-168.77836,8/16/2023 10:52,21740,walleye pollock,112,130,14,1,3,NA,NA,NA,NA,NA
-23101,134,202302,49,70,70,2023,61.33398,-168.04926,8/16/2023 13:31,21740,walleye pollock,113,600,1796,10,2,NA,NA,NA,NA,NA
-23101,134,202302,49,70,70,2023,61.33398,-168.04926,8/16/2023 13:31,21740,walleye pollock,114,140,18,1,3,NA,NA,NA,NA,NA
-23119,134,202302,53,70,70,2023,60.66684,-167.998665,8/18/2023 7:59,21740,walleye pollock,124,540,900,11,1,NA,NA,NA,NA,NA
-23119,134,202302,53,70,70,2023,60.66684,-167.998665,8/18/2023 7:59,21740,walleye pollock,125,140,18,1,3,NA,NA,NA,NA,NA
-23119,134,202302,53,70,70,2023,60.66684,-167.998665,8/18/2023 7:59,21740,walleye pollock,126,130,8,1,3,NA,NA,NA,NA,NA
-23116,134,202302,50,70,70,2023,61.33718,-167.37634,8/17/2023 7:58,21740,walleye pollock,115,140,14,1,3,NA,NA,NA,NA,NA
-23116,134,202302,50,70,70,2023,61.33718,-167.37634,8/17/2023 7:58,21740,walleye pollock,116,130,18,1,3,NA,NA,NA,NA,NA
-23116,134,202302,50,70,70,2023,61.33718,-167.37634,8/17/2023 7:58,21740,walleye pollock,117,120,8,1,3,NA,NA,NA,NA,NA
-23117,134,202302,51,70,70,2023,61.000775,-167.33965,8/17/2023 10:43,21740,walleye pollock,118,140,20,1,3,NA,NA,NA,NA,NA
-23117,134,202302,51,70,70,2023,61.000775,-167.33965,8/17/2023 10:43,21740,walleye pollock,119,100,6,1,3,NA,NA,NA,NA,NA
-23117,134,202302,51,70,70,2023,61.000775,-167.33965,8/17/2023 10:43,21740,walleye pollock,120,140,18,2,3,NA,NA,NA,NA,NA
-23118,134,202302,52,70,70,2023,60.672065,-167.33131,8/17/2023 13:31,21740,walleye pollock,121,150,22,1,3,NA,NA,NA,NA,NA
-23118,134,202302,52,70,70,2023,60.672065,-167.33131,8/17/2023 13:31,21740,walleye pollock,122,140,20,1,3,NA,NA,NA,NA,NA
-23118,134,202302,52,70,70,2023,60.672065,-167.33131,8/17/2023 13:31,21740,walleye pollock,123,110,14,1,3,NA,NA,NA,NA,NA
-23120,134,202302,54,70,70,2023,60.67053,-168.69543,8/18/2023 10:55,21740,walleye pollock,127,650,1832,12,2,NA,NA,NA,NA,NA
-23120,134,202302,54,70,70,2023,60.67053,-168.69543,8/18/2023 10:55,21740,walleye pollock,128,640,1850,9,2,NA,NA,NA,NA,NA
-23120,134,202302,54,70,70,2023,60.67053,-168.69543,8/18/2023 10:55,21740,walleye pollock,129,550,1220,9,2,NA,NA,NA,NA,NA
-23120,134,202302,54,70,70,2023,60.67053,-168.69543,8/18/2023 10:55,21740,walleye pollock,130,150,24,1,2,NA,NA,NA,NA,NA
-23020,162,202302,1,81,81,2023,62.333175,-175.274615,8/3/2023 14:16,21740,walleye pollock,1,430,504,6,1,NA,NA,NA,NA,NA
-23020,162,202302,1,81,81,2023,62.333175,-175.274615,8/3/2023 14:16,21740,walleye pollock,2,540,1015,12,1,NA,NA,NA,NA,NA
-23020,162,202302,1,81,81,2023,62.333175,-175.274615,8/3/2023 14:16,21740,walleye pollock,3,490,722,8,2,NA,NA,NA,NA,NA
-23021,162,202302,2,81,81,2023,62.32472,-174.577415,8/3/2023 17:10,21740,walleye pollock,4,110,10,1,3,NA,NA,NA,NA,NA
-23021,162,202302,2,81,81,2023,62.32472,-174.577415,8/3/2023 17:10,21740,walleye pollock,5,450,502,6,2,NA,NA,NA,NA,NA
-23021,162,202302,2,81,81,2023,62.32472,-174.577415,8/3/2023 17:10,21740,walleye pollock,6,480,608,9,1,NA,NA,NA,NA,NA
-23021,162,202302,2,81,81,2023,62.32472,-174.577415,8/3/2023 17:10,21740,walleye pollock,7,490,596,8,1,NA,NA,NA,NA,NA
-23024,162,202302,3,70,70,2023,63.54793,-172.005705,8/4/2023 8:14,21740,walleye pollock,8,590,1200,8,2,NA,NA,NA,NA,NA
-23024,162,202302,3,70,70,2023,63.54793,-172.005705,8/4/2023 8:14,21740,walleye pollock,9,630,1375,11,2,NA,NA,NA,NA,NA
-23024,162,202302,3,70,70,2023,63.54793,-172.005705,8/4/2023 8:14,21740,walleye pollock,10,540,1140,8,2,NA,NA,NA,NA,NA
-23024,162,202302,3,70,70,2023,63.54793,-172.005705,8/4/2023 8:14,21740,walleye pollock,11,100,8,1,3,NA,NA,NA,NA,NA
-23026,162,202302,5,71,71,2023,63.999665,-171.338195,8/4/2023 14:33,21740,walleye pollock,15,550,1030,7,1,NA,NA,NA,NA,NA
-23026,162,202302,5,71,71,2023,63.999665,-171.338195,8/4/2023 14:33,21740,walleye pollock,16,600,1365,11,2,NA,NA,NA,NA,NA
-23026,162,202302,5,71,71,2023,63.999665,-171.338195,8/4/2023 14:33,21740,walleye pollock,17,600,1355,11,2,NA,NA,NA,NA,NA
-23028,162,202302,7,71,71,2023,63.99256,-170.542745,8/5/2023 13:30,21740,walleye pollock,18,680,1698,10,2,NA,NA,NA,NA,NA
-23028,162,202302,7,71,71,2023,63.99256,-170.542745,8/5/2023 13:30,21740,walleye pollock,19,540,1054,10,2,NA,NA,NA,NA,NA
-23028,162,202302,7,71,71,2023,63.99256,-170.542745,8/5/2023 13:30,21740,walleye pollock,20,560,1284,11,1,NA,NA,NA,NA,NA
-23030,162,202302,9,71,71,2023,63.66424,-169.76115,8/6/2023 8:12,21740,walleye pollock,21,580,1110,12,2,NA,NA,NA,NA,NA
-23030,162,202302,9,71,71,2023,63.66424,-169.76115,8/6/2023 8:12,21740,walleye pollock,22,580,1254,12,2,NA,NA,NA,NA,NA
-23030,162,202302,9,71,71,2023,63.66424,-169.76115,8/6/2023 8:12,21740,walleye pollock,23,720,2276,13,2,NA,NA,NA,NA,NA
-23031,162,202302,10,71,71,2023,63.667625,-169.03946,8/6/2023 11:16,21740,walleye pollock,24,630,1480,10,2,NA,NA,NA,NA,NA
-23031,162,202302,10,71,71,2023,63.667625,-169.03946,8/6/2023 11:16,21740,walleye pollock,25,610,1656,7,2,NA,NA,NA,NA,NA
-23031,162,202302,10,71,71,2023,63.667625,-169.03946,8/6/2023 11:16,21740,walleye pollock,26,580,1002,9,1,NA,NA,NA,NA,NA
-23031,162,202302,10,71,71,2023,63.667625,-169.03946,8/6/2023 11:16,21740,walleye pollock,27,140,18,1,2,NA,NA,NA,NA,NA
-23032,162,202302,11,71,71,2023,64.0034,-169.05327,8/6/2023 13:53,21740,walleye pollock,28,570,1190,10,1,NA,NA,NA,NA,NA
-23032,162,202302,11,71,71,2023,64.0034,-169.05327,8/6/2023 13:53,21740,walleye pollock,29,640,1650,11,2,NA,NA,NA,NA,NA
-23032,162,202302,11,71,71,2023,64.0034,-169.05327,8/6/2023 13:53,21740,walleye pollock,30,650,1755,12,2,NA,NA,NA,NA,NA
-23032,162,202302,11,71,71,2023,64.0034,-169.05327,8/6/2023 13:53,21740,walleye pollock,31,90,4,1,3,NA,NA,NA,NA,NA
-23033,162,202302,12,71,71,2023,64.311145,-169.095205,8/6/2023 18:05,21740,walleye pollock,32,600,1590,7,2,NA,NA,NA,NA,NA
-23033,162,202302,12,71,71,2023,64.311145,-169.095205,8/6/2023 18:05,21740,walleye pollock,33,600,1440,14,1,NA,NA,NA,NA,NA
-23033,162,202302,12,71,71,2023,64.311145,-169.095205,8/6/2023 18:05,21740,walleye pollock,34,700,2365,NA,2,NA,NA,NA,NA,NA
-23033,162,202302,12,71,71,2023,64.311145,-169.095205,8/6/2023 18:05,21740,walleye pollock,35,110,15,1,3,NA,NA,NA,NA,NA
-23045,162,202302,13,71,71,2023,64.667855,-169.14426,8/7/2023 8:08,21740,walleye pollock,36,570,1344,12,1,NA,NA,NA,NA,NA
-23045,162,202302,13,71,71,2023,64.667855,-169.14426,8/7/2023 8:08,21740,walleye pollock,37,650,1676,8,2,NA,NA,NA,NA,NA
-23045,162,202302,13,71,71,2023,64.667855,-169.14426,8/7/2023 8:08,21740,walleye pollock,38,610,1460,10,2,NA,NA,NA,NA,NA
-23046,162,202302,14,71,71,2023,64.65517,-169.907815,8/7/2023 11:20,21740,walleye pollock,39,580,1098,12,1,NA,NA,NA,NA,NA
-23046,162,202302,14,71,71,2023,64.65517,-169.907815,8/7/2023 11:20,21740,walleye pollock,40,460,688,6,1,NA,NA,NA,NA,NA
-23046,162,202302,14,71,71,2023,64.65517,-169.907815,8/7/2023 11:20,21740,walleye pollock,41,530,1042,8,2,NA,NA,NA,NA,NA
-23048,162,202302,16,71,71,2023,64.335485,-170.5984,8/7/2023 16:38,21740,walleye pollock,42,540,1038,9,1,NA,NA,NA,NA,NA
-23048,162,202302,16,71,71,2023,64.335485,-170.5984,8/7/2023 16:38,21740,walleye pollock,43,550,1004,12,1,NA,NA,NA,NA,NA
-23048,162,202302,16,71,71,2023,64.335485,-170.5984,8/7/2023 16:38,21740,walleye pollock,44,620,1482,12,2,NA,NA,NA,NA,NA
-23048,162,202302,16,71,71,2023,64.335485,-170.5984,8/7/2023 16:38,21740,walleye pollock,45,110,10,1,3,NA,NA,NA,NA,NA
-23049,162,202302,17,71,71,2023,64.238655,-171.08973,8/7/2023 19:53,21740,walleye pollock,46,580,1112,8,2,NA,NA,NA,NA,NA
-23049,162,202302,17,71,71,2023,64.238655,-171.08973,8/7/2023 19:53,21740,walleye pollock,47,450,602,5,1,NA,NA,NA,NA,NA
-23049,162,202302,17,71,71,2023,64.238655,-171.08973,8/7/2023 19:53,21740,walleye pollock,48,520,834,13,1,NA,NA,NA,NA,NA
-23050,162,202302,18,71,71,2023,64.648075,-170.61273,8/8/2023 8:09,21740,walleye pollock,49,580,1282,8,1,NA,NA,NA,NA,NA
-23050,162,202302,18,71,71,2023,64.648075,-170.61273,8/8/2023 8:09,21740,walleye pollock,50,610,1336,14,1,NA,NA,NA,NA,NA
-23050,162,202302,18,71,71,2023,64.648075,-170.61273,8/8/2023 8:09,21740,walleye pollock,51,560,1152,12,2,NA,NA,NA,NA,NA
-23050,162,202302,18,71,71,2023,64.648075,-170.61273,8/8/2023 8:09,21740,walleye pollock,52,120,12,1,3,NA,NA,NA,NA,NA
-23051,162,202302,19,71,71,2023,64.97509,-169.874555,8/8/2023 11:26,21740,walleye pollock,53,120,8,1,3,NA,NA,NA,NA,NA
-23051,162,202302,19,71,71,2023,64.97509,-169.874555,8/8/2023 11:26,21740,walleye pollock,54,570,1032,10,2,NA,NA,NA,NA,NA
-23051,162,202302,19,71,71,2023,64.97509,-169.874555,8/8/2023 11:26,21740,walleye pollock,55,590,1262,NA,2,NA,NA,NA,NA,NA
-23051,162,202302,19,71,71,2023,64.97509,-169.874555,8/8/2023 11:26,21740,walleye pollock,56,450,622,7,1,NA,NA,NA,NA,NA
-23051,162,202302,19,71,71,2023,64.97509,-169.874555,8/8/2023 11:26,21740,walleye pollock,57,540,1058,10,1,NA,NA,NA,NA,NA
-23052,162,202302,20,71,71,2023,65.00504,-169.124595,8/8/2023 13:58,21740,walleye pollock,58,610,1490,11,2,NA,NA,NA,NA,NA
-23052,162,202302,20,71,71,2023,65.00504,-169.124595,8/8/2023 13:58,21740,walleye pollock,59,560,1195,11,2,NA,NA,NA,NA,NA
-23052,162,202302,20,71,71,2023,65.00504,-169.124595,8/8/2023 13:58,21740,walleye pollock,60,570,1220,18,2,NA,NA,NA,NA,NA
-23052,162,202302,20,71,71,2023,65.00504,-169.124595,8/8/2023 13:58,21740,walleye pollock,61,180,35,2,1,NA,NA,NA,NA,NA
-23053,162,202302,22,71,71,2023,65.22058,-168.89404,8/8/2023 18:23,21740,walleye pollock,62,650,1905,8,2,NA,NA,NA,NA,NA
-23053,162,202302,22,71,71,2023,65.22058,-168.89404,8/8/2023 18:23,21740,walleye pollock,63,590,1330,9,2,NA,NA,NA,NA,NA
-23053,162,202302,22,71,71,2023,65.22058,-168.89404,8/8/2023 18:23,21740,walleye pollock,64,600,1415,8,2,NA,NA,NA,NA,NA
-23055,162,202302,23,71,71,2023,65.334355,-168.380475,8/9/2023 8:06,21740,walleye pollock,65,130,12,1,3,NA,NA,NA,NA,NA
-23055,162,202302,23,71,71,2023,65.334355,-168.380475,8/9/2023 8:06,21740,walleye pollock,66,620,1692,8,2,NA,NA,NA,NA,NA
-23055,162,202302,23,71,71,2023,65.334355,-168.380475,8/9/2023 8:06,21740,walleye pollock,67,660,1915,10,2,NA,NA,NA,NA,NA
-23055,162,202302,23,71,71,2023,65.334355,-168.380475,8/9/2023 8:06,21740,walleye pollock,68,660,2080,11,1,NA,NA,NA,NA,NA
-23056,162,202302,24,71,71,2023,65.309555,-167.671965,8/9/2023 11:14,21740,walleye pollock,69,100,12,1,3,NA,NA,NA,NA,NA
-23056,162,202302,24,71,71,2023,65.309555,-167.671965,8/9/2023 11:14,21740,walleye pollock,70,120,14,1,3,NA,NA,NA,NA,NA
-23056,162,202302,24,71,71,2023,65.309555,-167.671965,8/9/2023 11:14,21740,walleye pollock,71,120,12,1,3,NA,NA,NA,NA,NA
-23056,162,202302,24,71,71,2023,65.309555,-167.671965,8/9/2023 11:14,21740,walleye pollock,72,130,12,1,3,NA,NA,NA,NA,NA
-23057,162,202302,25,71,71,2023,65.00305,-167.634765,8/9/2023 14:25,21740,walleye pollock,73,120,12,1,3,NA,NA,NA,NA,NA
-23057,162,202302,25,71,71,2023,65.00305,-167.634765,8/9/2023 14:25,21740,walleye pollock,74,120,8,1,3,NA,NA,NA,NA,NA
-23057,162,202302,25,71,71,2023,65.00305,-167.634765,8/9/2023 14:25,21740,walleye pollock,75,110,10,1,3,NA,NA,NA,NA,NA
-23057,162,202302,25,71,71,2023,65.00305,-167.634765,8/9/2023 14:25,21740,walleye pollock,76,120,12,1,3,NA,NA,NA,NA,NA
-23058,162,202302,26,71,71,2023,64.998255,-168.35851,8/9/2023 17:16,21740,walleye pollock,77,110,8,1,3,NA,NA,NA,NA,NA
-23058,162,202302,26,71,71,2023,64.998255,-168.35851,8/9/2023 17:16,21740,walleye pollock,78,640,1606,14,2,NA,NA,NA,NA,NA
-23058,162,202302,26,71,71,2023,64.998255,-168.35851,8/9/2023 17:16,21740,walleye pollock,79,610,1498,10,2,NA,NA,NA,NA,NA
-23058,162,202302,26,71,71,2023,64.998255,-168.35851,8/9/2023 17:16,21740,walleye pollock,80,640,1394,12,1,NA,NA,NA,NA,NA
-23062,162,202302,27,71,71,2023,64.665385,-168.339855,8/10/2023 8:08,21740,walleye pollock,81,590,1440,10,1,NA,NA,NA,NA,NA
-23062,162,202302,27,71,71,2023,64.665385,-168.339855,8/10/2023 8:08,21740,walleye pollock,82,650,1880,9,1,NA,NA,NA,NA,NA
-23062,162,202302,27,71,71,2023,64.665385,-168.339855,8/10/2023 8:08,21740,walleye pollock,83,620,1685,14,2,NA,NA,NA,NA,NA
-23063,162,202302,28,71,71,2023,64.66966,-167.623415,8/10/2023 12:07,21740,walleye pollock,84,130,12,1,3,NA,NA,NA,NA,NA
-23063,162,202302,28,71,71,2023,64.66966,-167.623415,8/10/2023 12:07,21740,walleye pollock,85,120,12,1,3,NA,NA,NA,NA,NA
-23063,162,202302,28,71,71,2023,64.66966,-167.623415,8/10/2023 12:07,21740,walleye pollock,86,130,10,1,3,NA,NA,NA,NA,NA
-23063,162,202302,28,71,71,2023,64.66966,-167.623415,8/10/2023 12:07,21740,walleye pollock,87,630,1360,11,2,NA,NA,NA,NA,NA
-23064,162,202302,29,71,71,2023,64.687975,-166.861775,8/10/2023 14:49,21740,walleye pollock,88,140,20,1,3,NA,NA,NA,NA,NA
-23064,162,202302,29,71,71,2023,64.687975,-166.861775,8/10/2023 14:49,21740,walleye pollock,89,120,12,1,3,NA,NA,NA,NA,NA
-23064,162,202302,29,71,71,2023,64.687975,-166.861775,8/10/2023 14:49,21740,walleye pollock,90,120,12,1,3,NA,NA,NA,NA,NA
-23064,162,202302,29,71,71,2023,64.687975,-166.861775,8/10/2023 14:49,21740,walleye pollock,91,130,12,1,3,NA,NA,NA,NA,NA
-23065,162,202302,30,71,71,2023,64.335255,-166.830965,8/10/2023 18:02,21740,walleye pollock,92,130,16,1,3,NA,NA,NA,NA,NA
-23065,162,202302,30,71,71,2023,64.335255,-166.830965,8/10/2023 18:02,21740,walleye pollock,93,670,2040,13,2,NA,NA,NA,NA,NA
-23065,162,202302,30,71,71,2023,64.335255,-166.830965,8/10/2023 18:02,21740,walleye pollock,94,610,1270,11,1,NA,NA,NA,NA,NA
-23069,162,202302,31,71,71,2023,64.343155,-167.564375,8/11/2023 8:04,21740,walleye pollock,95,610,1805,9,1,NA,NA,NA,NA,NA
-23069,162,202302,31,71,71,2023,64.343155,-167.564375,8/11/2023 8:04,21740,walleye pollock,96,150,15,1,3,NA,NA,NA,NA,NA
-23069,162,202302,31,71,71,2023,64.343155,-167.564375,8/11/2023 8:04,21740,walleye pollock,97,130,5,1,3,NA,NA,NA,NA,NA
-23069,162,202302,31,71,71,2023,64.343155,-167.564375,8/11/2023 8:04,21740,walleye pollock,98,130,5,1,3,NA,NA,NA,NA,NA
-23070,162,202302,33,71,71,2023,64.326695,-168.33837,8/11/2023 12:09,21740,walleye pollock,101,610,1515,9,2,NA,NA,NA,NA,NA
-23070,162,202302,33,71,71,2023,64.326695,-168.33837,8/11/2023 12:09,21740,walleye pollock,99,630,1810,12,2,NA,NA,NA,NA,NA
-23070,162,202302,33,71,71,2023,64.326695,-168.33837,8/11/2023 12:09,21740,walleye pollock,100,610,1610,10,2,NA,NA,NA,NA,NA
-23070,162,202302,33,71,71,2023,64.326695,-168.33837,8/11/2023 12:09,21740,walleye pollock,102,110,5,1,3,NA,NA,NA,NA,NA
-23071,162,202302,34,71,71,2023,64.012625,-168.303565,8/11/2023 14:31,21740,walleye pollock,103,620,1448,9,2,NA,NA,NA,NA,NA
-23071,162,202302,34,71,71,2023,64.012625,-168.303565,8/11/2023 14:31,21740,walleye pollock,104,560,1290,10,1,NA,NA,NA,NA,NA
-23071,162,202302,34,71,71,2023,64.012625,-168.303565,8/11/2023 14:31,21740,walleye pollock,105,560,1206,10,1,NA,NA,NA,NA,NA
-23072,162,202302,35,71,71,2023,63.685195,-168.2721,8/11/2023 17:00,21740,walleye pollock,106,100,8,1,3,NA,NA,NA,NA,NA
-23072,162,202302,35,71,71,2023,63.685195,-168.2721,8/11/2023 17:00,21740,walleye pollock,107,570,1434,8,1,NA,NA,NA,NA,NA
-23072,162,202302,35,71,71,2023,63.685195,-168.2721,8/11/2023 17:00,21740,walleye pollock,108,650,1560,13,2,NA,NA,NA,NA,NA
-23072,162,202302,35,71,71,2023,63.685195,-168.2721,8/11/2023 17:00,21740,walleye pollock,109,570,1176,12,2,NA,NA,NA,NA,NA
-23077,162,202302,36,70,70,2023,63.010525,-168.216655,8/12/2023 8:05,21740,walleye pollock,110,130,14,1,3,NA,NA,NA,NA,NA
-23077,162,202302,36,70,70,2023,63.010525,-168.216655,8/12/2023 8:05,21740,walleye pollock,111,650,1660,11,2,NA,NA,NA,NA,NA
-23077,162,202302,36,70,70,2023,63.010525,-168.216655,8/12/2023 8:05,21740,walleye pollock,112,640,1840,11,2,NA,NA,NA,NA,NA
-23077,162,202302,36,70,70,2023,63.010525,-168.216655,8/12/2023 8:05,21740,walleye pollock,113,610,1668,10,2,NA,NA,NA,NA,NA
-23078,162,202302,37,70,70,2023,62.868295,-168.83146,8/12/2023 10:48,21740,walleye pollock,114,150,16,1,1,NA,NA,NA,NA,NA
-23078,162,202302,37,70,70,2023,62.868295,-168.83146,8/12/2023 10:48,21740,walleye pollock,115,610,1610,9,2,NA,NA,NA,NA,NA
-23078,162,202302,37,70,70,2023,62.868295,-168.83146,8/12/2023 10:48,21740,walleye pollock,116,570,1070,11,2,NA,NA,NA,NA,NA
-23078,162,202302,37,70,70,2023,62.868295,-168.83146,8/12/2023 10:48,21740,walleye pollock,117,580,1270,11,1,NA,NA,NA,NA,NA
-23079,162,202302,38,70,70,2023,62.672485,-169.580125,8/12/2023 13:47,21740,walleye pollock,118,510,814,11,2,NA,NA,NA,NA,NA
-23079,162,202302,38,70,70,2023,62.672485,-169.580125,8/12/2023 13:47,21740,walleye pollock,119,550,958,10,1,NA,NA,NA,NA,NA
-23079,162,202302,38,70,70,2023,62.672485,-169.580125,8/12/2023 13:47,21740,walleye pollock,120,620,1306,11,1,NA,NA,NA,NA,NA
-23079,162,202302,38,70,70,2023,62.672485,-169.580125,8/12/2023 13:47,21740,walleye pollock,121,150,20,1,2,NA,NA,NA,NA,NA
-23080,162,202302,39,70,70,2023,62.67057,-170.337955,8/12/2023 16:36,21740,walleye pollock,122,530,834,10,2,NA,NA,NA,NA,NA
-23080,162,202302,39,70,70,2023,62.67057,-170.337955,8/12/2023 16:36,21740,walleye pollock,123,500,756,9,1,NA,NA,NA,NA,NA
-23080,162,202302,39,70,70,2023,62.67057,-170.337955,8/12/2023 16:36,21740,walleye pollock,124,510,906,9,2,NA,NA,NA,NA,NA
-23084,162,202302,40,70,70,2023,62.99212,-171.129155,8/13/2023 8:05,21740,walleye pollock,125,130,14,1,3,NA,NA,NA,NA,NA
-23084,162,202302,40,70,70,2023,62.99212,-171.129155,8/13/2023 8:05,21740,walleye pollock,126,580,1054,9,2,NA,NA,NA,NA,NA
-23084,162,202302,40,70,70,2023,62.99212,-171.129155,8/13/2023 8:05,21740,walleye pollock,127,570,1190,9,2,NA,NA,NA,NA,NA
-23084,162,202302,40,70,70,2023,62.99212,-171.129155,8/13/2023 8:05,21740,walleye pollock,128,580,1088,9,2,NA,NA,NA,NA,NA
-23085,162,202302,41,70,70,2023,62.98291,-171.796425,8/13/2023 10:53,21740,walleye pollock,129,120,12,1,3,NA,NA,NA,NA,NA
-23085,162,202302,41,70,70,2023,62.98291,-171.796425,8/13/2023 10:53,21740,walleye pollock,130,600,1454,12,1,NA,NA,NA,NA,NA
-23085,162,202302,41,70,70,2023,62.98291,-171.796425,8/13/2023 10:53,21740,walleye pollock,131,490,656,9,2,NA,NA,NA,NA,NA
-23085,162,202302,41,70,70,2023,62.98291,-171.796425,8/13/2023 10:53,21740,walleye pollock,132,530,872,12,2,NA,NA,NA,NA,NA
-23086,162,202302,42,81,81,2023,63.325215,-172.58325,8/13/2023 15:29,21740,walleye pollock,133,460,580,6,2,NA,NA,NA,NA,NA
-23086,162,202302,42,81,81,2023,63.325215,-172.58325,8/13/2023 15:29,21740,walleye pollock,134,480,675,6,2,NA,NA,NA,NA,NA
-23086,162,202302,42,81,81,2023,63.325215,-172.58325,8/13/2023 15:29,21740,walleye pollock,135,470,580,9,1,NA,NA,NA,NA,NA
-23087,162,202302,43,81,81,2023,63.339365,-173.382295,8/13/2023 18:12,21740,walleye pollock,136,470,628,6,2,NA,NA,NA,NA,NA
-23087,162,202302,43,81,81,2023,63.339365,-173.382295,8/13/2023 18:12,21740,walleye pollock,137,480,724,7,2,NA,NA,NA,NA,NA
-23087,162,202302,43,81,81,2023,63.339365,-173.382295,8/13/2023 18:12,21740,walleye pollock,138,460,630,9,2,NA,NA,NA,NA,NA
-23087,162,202302,43,81,81,2023,63.339365,-173.382295,8/13/2023 18:12,21740,walleye pollock,139,120,10,1,3,NA,NA,NA,NA,NA
-23088,162,202302,44,81,81,2023,62.9977,-174.01748,8/14/2023 8:23,21740,walleye pollock,140,120,12,1,3,NA,NA,NA,NA,NA
-23089,162,202302,45,81,81,2023,62.64986,-173.9089,8/14/2023 11:05,21740,walleye pollock,144,480,570,9,1,NA,NA,NA,NA,NA
-23088,162,202302,44,81,81,2023,62.9977,-174.01748,8/14/2023 8:23,21740,walleye pollock,141,550,1102,8,2,NA,NA,NA,NA,NA
-23088,162,202302,44,81,81,2023,62.9977,-174.01748,8/14/2023 8:23,21740,walleye pollock,142,550,1046,13,2,NA,NA,NA,NA,NA
-23088,162,202302,44,81,81,2023,62.9977,-174.01748,8/14/2023 8:23,21740,walleye pollock,143,530,882,7,2,NA,NA,NA,NA,NA
-23089,162,202302,45,81,81,2023,62.64986,-173.9089,8/14/2023 11:05,21740,walleye pollock,145,490,722,9,2,NA,NA,NA,NA,NA
-23089,162,202302,45,81,81,2023,62.64986,-173.9089,8/14/2023 11:05,21740,walleye pollock,146,490,870,8,2,NA,NA,NA,NA,NA
-23089,162,202302,45,81,81,2023,62.64986,-173.9089,8/14/2023 11:05,21740,walleye pollock,147,120,6,1,3,NA,NA,NA,NA,NA
-23097,162,202302,46,81,81,2023,62.66809,-173.266645,8/15/2023 13:03,21740,walleye pollock,148,500,670,10,2,NA,NA,NA,NA,NA
-23097,162,202302,46,81,81,2023,62.66809,-173.266645,8/15/2023 13:03,21740,walleye pollock,149,510,842,9,2,NA,NA,NA,NA,NA
-23097,162,202302,46,81,81,2023,62.66809,-173.266645,8/15/2023 13:03,21740,walleye pollock,150,470,618,7,1,NA,NA,NA,NA,NA
-23097,162,202302,46,81,81,2023,62.66809,-173.266645,8/15/2023 13:03,21740,walleye pollock,151,130,12,1,3,NA,NA,NA,NA,NA
-23098,162,202302,47,81,81,2023,62.66519,-172.5057,8/15/2023 15:28,21740,walleye pollock,152,610,1330,11,2,NA,NA,NA,NA,NA
-23098,162,202302,47,81,81,2023,62.66519,-172.5057,8/15/2023 15:28,21740,walleye pollock,153,440,525,6,1,NA,NA,NA,NA,NA
-23098,162,202302,47,81,81,2023,62.66519,-172.5057,8/15/2023 15:28,21740,walleye pollock,154,470,710,9,1,NA,NA,NA,NA,NA
-23098,162,202302,47,81,81,2023,62.66519,-172.5057,8/15/2023 15:28,21740,walleye pollock,155,120,10,1,3,NA,NA,NA,NA,NA
-23102,162,202302,48,81,81,2023,62.332475,-172.420025,8/16/2023 8:21,21740,walleye pollock,156,110,10,1,3,NA,NA,NA,NA,NA
-23102,162,202302,48,81,81,2023,62.332475,-172.420025,8/16/2023 8:21,21740,walleye pollock,157,500,712,7,2,NA,NA,NA,NA,NA
-23102,162,202302,48,81,81,2023,62.332475,-172.420025,8/16/2023 8:21,21740,walleye pollock,158,480,696,9,2,NA,NA,NA,NA,NA
-23102,162,202302,48,81,81,2023,62.332475,-172.420025,8/16/2023 8:21,21740,walleye pollock,159,460,612,6,2,NA,NA,NA,NA,NA
-23103,162,202302,49,81,81,2023,62.33095,-171.745325,8/16/2023 10:47,21740,walleye pollock,160,530,924,9,1,NA,NA,NA,NA,NA
-23103,162,202302,49,81,81,2023,62.33095,-171.745325,8/16/2023 10:47,21740,walleye pollock,161,530,778,10,2,NA,NA,NA,NA,NA
-23103,162,202302,49,81,81,2023,62.33095,-171.745325,8/16/2023 10:47,21740,walleye pollock,162,560,1118,8,1,NA,NA,NA,NA,NA
-23103,162,202302,49,81,81,2023,62.33095,-171.745325,8/16/2023 10:47,21740,walleye pollock,163,130,14,1,3,NA,NA,NA,NA,NA
-23104,162,202302,50,70,70,2023,62.331915,-171.05822,8/16/2023 13:10,21740,walleye pollock,164,540,1088,8,1,NA,NA,NA,NA,NA
-23104,162,202302,50,70,70,2023,62.331915,-171.05822,8/16/2023 13:10,21740,walleye pollock,165,550,950,8,2,NA,NA,NA,NA,NA
-23104,162,202302,50,70,70,2023,62.331915,-171.05822,8/16/2023 13:10,21740,walleye pollock,166,500,760,10,2,NA,NA,NA,NA,NA
-23104,162,202302,50,70,70,2023,62.331915,-171.05822,8/16/2023 13:10,21740,walleye pollock,167,110,10,1,3,NA,NA,NA,NA,NA
-23105,162,202302,51,70,70,2023,62.33869,-170.315925,8/16/2023 15:46,21740,walleye pollock,168,110,8,1,3,NA,NA,NA,NA,NA
-23105,162,202302,51,70,70,2023,62.33869,-170.315925,8/16/2023 15:46,21740,walleye pollock,169,510,766,9,2,NA,NA,NA,NA,NA
-23105,162,202302,51,70,70,2023,62.33869,-170.315925,8/16/2023 15:46,21740,walleye pollock,170,540,940,10,2,NA,NA,NA,NA,NA
-23105,162,202302,51,70,70,2023,62.33869,-170.315925,8/16/2023 15:46,21740,walleye pollock,171,600,1388,10,2,NA,NA,NA,NA,NA
-23106,162,202302,52,70,70,2023,62.000045,-170.261115,8/16/2023 18:26,21740,walleye pollock,172,500,802,10,1,NA,NA,NA,NA,NA
-23106,162,202302,52,70,70,2023,62.000045,-170.261115,8/16/2023 18:26,21740,walleye pollock,173,600,1356,9,2,NA,NA,NA,NA,NA
-23106,162,202302,52,70,70,2023,62.000045,-170.261115,8/16/2023 18:26,21740,walleye pollock,174,460,728,10,1,NA,NA,NA,NA,NA
-23106,162,202302,52,70,70,2023,62.000045,-170.261115,8/16/2023 18:26,21740,walleye pollock,175,140,18,1,3,NA,NA,NA,NA,NA
-23107,162,202302,53,70,70,2023,62.00501,-170.9444,8/17/2023 8:17,21740,walleye pollock,176,500,716,9,1,NA,NA,NA,NA,NA
-23107,162,202302,53,70,70,2023,62.00501,-170.9444,8/17/2023 8:17,21740,walleye pollock,177,510,860,10,2,NA,NA,NA,NA,NA
-23107,162,202302,53,70,70,2023,62.00501,-170.9444,8/17/2023 8:17,21740,walleye pollock,178,510,770,10,2,NA,NA,NA,NA,NA
-23108,162,202302,54,70,70,2023,62.002845,-171.61872,8/17/2023 11:15,21740,walleye pollock,179,580,1040,9,2,NA,NA,NA,NA,NA
-23108,162,202302,54,70,70,2023,62.002845,-171.61872,8/17/2023 11:15,21740,walleye pollock,180,570,944,13,2,NA,NA,NA,NA,NA
-23108,162,202302,54,70,70,2023,62.002845,-171.61872,8/17/2023 11:15,21740,walleye pollock,181,550,872,NA,2,NA,NA,NA,NA,NA
-23108,162,202302,54,70,70,2023,62.002845,-171.61872,8/17/2023 11:15,21740,walleye pollock,182,120,14,1,3,NA,NA,NA,NA,NA
-23109,162,202302,55,81,81,2023,62.001605,-172.33696,8/17/2023 14:16,21740,walleye pollock,183,540,985,13,2,NA,NA,NA,NA,NA
-23109,162,202302,55,81,81,2023,62.001605,-172.33696,8/17/2023 14:16,21740,walleye pollock,184,110,6,1,3,NA,NA,NA,NA,NA
-23109,162,202302,55,81,81,2023,62.001605,-172.33696,8/17/2023 14:16,21740,walleye pollock,185,580,1112,15,1,NA,NA,NA,NA,NA
-23109,162,202302,55,81,81,2023,62.001605,-172.33696,8/17/2023 14:16,21740,walleye pollock,186,520,705,11,2,NA,NA,NA,NA,NA
-23110,162,202302,56,81,81,2023,62.006165,-173.052805,8/17/2023 17:13,21740,walleye pollock,187,480,590,9,1,NA,NA,NA,NA,NA
-23110,162,202302,56,81,81,2023,62.006165,-173.052805,8/17/2023 17:13,21740,walleye pollock,188,460,545,9,1,NA,NA,NA,NA,NA
-23110,162,202302,56,81,81,2023,62.006165,-173.052805,8/17/2023 17:13,21740,walleye pollock,189,510,830,10,2,NA,NA,NA,NA,NA
-23110,162,202302,56,81,81,2023,62.006165,-173.052805,8/17/2023 17:13,21740,walleye pollock,190,130,12,1,3,NA,NA,NA,NA,NA
-23111,162,202302,57,81,81,2023,61.33713,-172.93205,8/18/2023 8:29,21740,walleye pollock,191,150,24,1,3,NA,NA,NA,NA,NA
-23111,162,202302,57,81,81,2023,61.33713,-172.93205,8/18/2023 8:29,21740,walleye pollock,192,510,762,7,2,NA,NA,NA,NA,NA
-23111,162,202302,57,81,81,2023,61.33713,-172.93205,8/18/2023 8:29,21740,walleye pollock,193,600,1208,13,2,NA,NA,NA,NA,NA
-23111,162,202302,57,81,81,2023,61.33713,-172.93205,8/18/2023 8:29,21740,walleye pollock,194,560,1336,12,2,NA,NA,NA,NA,NA
-23112,162,202302,58,81,81,2023,61.333845,-172.26464,8/18/2023 11:00,21740,walleye pollock,195,110,10,1,3,NA,NA,NA,NA,NA
-23112,162,202302,58,81,81,2023,61.333845,-172.26464,8/18/2023 11:00,21740,walleye pollock,196,540,1092,11,1,NA,NA,NA,NA,NA
-23112,162,202302,58,81,81,2023,61.333845,-172.26464,8/18/2023 11:00,21740,walleye pollock,197,500,756,10,2,NA,NA,NA,NA,NA
-23112,162,202302,58,81,81,2023,61.333845,-172.26464,8/18/2023 11:00,21740,walleye pollock,198,520,822,9,1,NA,NA,NA,NA,NA
-23113,162,202302,59,81,81,2023,61.333615,-171.527505,8/18/2023 13:42,21740,walleye pollock,199,120,10,1,3,NA,NA,NA,NA,NA
-23113,162,202302,59,81,81,2023,61.333615,-171.527505,8/18/2023 13:42,21740,walleye pollock,200,480,540,8,1,NA,NA,NA,NA,NA
-23113,162,202302,59,81,81,2023,61.333615,-171.527505,8/18/2023 13:42,21740,walleye pollock,201,530,820,9,1,NA,NA,NA,NA,NA
-23113,162,202302,59,81,81,2023,61.333615,-171.527505,8/18/2023 13:42,21740,walleye pollock,202,500,834,9,1,NA,NA,NA,NA,NA
-23114,162,202302,60,81,81,2023,61.653885,-171.581645,8/18/2023 16:27,21740,walleye pollock,203,560,1085,7,2,NA,NA,NA,NA,NA
-23114,162,202302,60,81,81,2023,61.653885,-171.581645,8/18/2023 16:27,21740,walleye pollock,204,510,690,10,1,NA,NA,NA,NA,NA
-23114,162,202302,60,81,81,2023,61.653885,-171.581645,8/18/2023 16:27,21740,walleye pollock,205,510,960,11,2,NA,NA,NA,NA,NA
-23114,162,202302,60,81,81,2023,61.653885,-171.581645,8/18/2023 16:27,21740,walleye pollock,206,160,26,1,3,NA,NA,NA,NA,NA
-23115,162,202302,61,81,81,2023,61.667885,-170.89998,8/18/2023 19:05,21740,walleye pollock,207,510,775,10,2,NA,NA,NA,NA,NA
-23115,162,202302,61,81,81,2023,61.667885,-170.89998,8/18/2023 19:05,21740,walleye pollock,208,500,750,10,1,NA,NA,NA,NA,NA
-23115,162,202302,61,81,81,2023,61.667885,-170.89998,8/18/2023 19:05,21740,walleye pollock,209,530,955,9,2,NA,NA,NA,NA,NA
-23115,162,202302,61,81,81,2023,61.667885,-170.89998,8/18/2023 19:05,21740,walleye pollock,210,130,12,1,3,NA,NA,NA,NA,NA
-23121,162,202302,62,81,81,2023,61.003975,-170.821735,8/19/2023 8:26,21740,walleye pollock,211,470,724,6,2,NA,NA,NA,NA,NA
-23121,162,202302,62,81,81,2023,61.003975,-170.821735,8/19/2023 8:26,21740,walleye pollock,212,520,1006,10,1,NA,NA,NA,NA,NA
-23121,162,202302,62,81,81,2023,61.003975,-170.821735,8/19/2023 8:26,21740,walleye pollock,213,500,710,11,1,NA,NA,NA,NA,NA
-23121,162,202302,62,81,81,2023,61.003975,-170.821735,8/19/2023 8:26,21740,walleye pollock,214,190,50,2,2,NA,NA,NA,NA,NA
-23122,162,202302,63,70,70,2023,61.334315,-170.173255,8/19/2023 11:43,21740,walleye pollock,215,480,658,10,2,NA,NA,NA,NA,NA
-23122,162,202302,63,70,70,2023,61.334315,-170.173255,8/19/2023 11:43,21740,walleye pollock,216,480,636,7,2,NA,NA,NA,NA,NA
-23122,162,202302,63,70,70,2023,61.334315,-170.173255,8/19/2023 11:43,21740,walleye pollock,217,510,714,8,2,NA,NA,NA,NA,NA
-23122,162,202302,63,70,70,2023,61.334315,-170.173255,8/19/2023 11:43,21740,walleye pollock,218,120,10,1,3,NA,NA,NA,NA,NA
-23123,162,202302,64,70,70,2023,61.335715,-169.448875,8/19/2023 14:30,21740,walleye pollock,219,580,1250,9,1,NA,NA,NA,NA,NA
-23123,162,202302,64,70,70,2023,61.335715,-169.448875,8/19/2023 14:30,21740,walleye pollock,220,510,700,10,1,NA,NA,NA,NA,NA
-23123,162,202302,64,70,70,2023,61.335715,-169.448875,8/19/2023 14:30,21740,walleye pollock,221,510,758,9,1,NA,NA,NA,NA,NA
-23123,162,202302,64,70,70,2023,61.335715,-169.448875,8/19/2023 14:30,21740,walleye pollock,222,140,20,1,2,NA,NA,NA,NA,NA
-23124,162,202302,65,70,70,2023,61.02178,-168.73981,8/19/2023 18:04,21740,walleye pollock,223,610,1562,11,1,NA,NA,NA,NA,NA
-23124,162,202302,65,70,70,2023,61.02178,-168.73981,8/19/2023 18:04,21740,walleye pollock,224,540,1154,9,1,NA,NA,NA,NA,NA
-23124,162,202302,65,70,70,2023,61.02178,-168.73981,8/19/2023 18:04,21740,walleye pollock,225,580,1236,8,2,NA,NA,NA,NA,NA
-23124,162,202302,65,70,70,2023,61.02178,-168.73981,8/19/2023 18:04,21740,walleye pollock,226,140,16,1,2,NA,NA,NA,NA,NA
-23125,162,202302,66,70,70,2023,60.6709,-170.053705,8/20/2023 8:18,21740,walleye pollock,227,140,16,1,3,NA,NA,NA,NA,NA
-23125,162,202302,66,70,70,2023,60.6709,-170.053705,8/20/2023 8:18,21740,walleye pollock,228,510,902,7,2,NA,NA,NA,NA,NA
-23125,162,202302,66,70,70,2023,60.6709,-170.053705,8/20/2023 8:18,21740,walleye pollock,229,520,822,9,2,NA,NA,NA,NA,NA
-23125,162,202302,66,70,70,2023,60.6709,-170.053705,8/20/2023 8:18,21740,walleye pollock,230,530,972,9,2,NA,NA,NA,NA,NA
-23126,162,202302,67,70,70,2023,60.67695,-169.368495,8/20/2023 10:57,21740,walleye pollock,231,190,42,2,1,NA,NA,NA,NA,NA
-23126,162,202302,67,70,70,2023,60.67695,-169.368495,8/20/2023 10:57,21740,walleye pollock,232,510,894,11,1,NA,NA,NA,NA,NA
-23126,162,202302,67,70,70,2023,60.67695,-169.368495,8/20/2023 10:57,21740,walleye pollock,233,450,598,7,1,NA,NA,NA,NA,NA
-23126,162,202302,67,70,70,2023,60.67695,-169.368495,8/20/2023 10:57,21740,walleye pollock,234,460,618,5,2,NA,NA,NA,NA,NA
-24788,134,202502,1,81,81,2025,62.003165,-173.01432,7/27/2025 8:10,21740,walleye pollock,1,510,906,NA,1,NA,NA,NA,NA,NA
-24788,134,202502,1,81,81,2025,62.003165,-173.01432,7/27/2025 8:10,21740,walleye pollock,2,510,866,NA,1,NA,NA,NA,NA,NA
-24788,134,202502,1,81,81,2025,62.003165,-173.01432,7/27/2025 8:10,21740,walleye pollock,3,100,9,NA,3,NA,NA,NA,NA,NA
-24799,134,202502,3,81,81,2025,61.673935,-172.268045,7/27/2025 13:57,21740,walleye pollock,4,560,1114,NA,1,NA,NA,NA,NA,NA
-24799,134,202502,3,81,81,2025,61.673935,-172.268045,7/27/2025 13:57,21740,walleye pollock,5,570,1127,NA,2,NA,NA,NA,NA,NA
-24799,134,202502,3,81,81,2025,61.673935,-172.268045,7/27/2025 13:57,21740,walleye pollock,6,560,998,NA,1,NA,NA,NA,NA,NA
-24799,134,202502,3,81,81,2025,61.673935,-172.268045,7/27/2025 13:57,21740,walleye pollock,7,140,12,NA,3,NA,NA,NA,NA,NA
-24800,134,202502,4,81,81,2025,61.665955,-171.59011,7/27/2025 16:34,21740,walleye pollock,8,130,13,NA,3,NA,NA,NA,NA,NA
-24800,134,202502,4,81,81,2025,61.665955,-171.59011,7/27/2025 16:34,21740,walleye pollock,9,530,1002,NA,1,NA,NA,NA,NA,NA
-24800,134,202502,4,81,81,2025,61.665955,-171.59011,7/27/2025 16:34,21740,walleye pollock,10,560,1022,NA,2,NA,NA,NA,NA,NA
-24800,134,202502,4,81,81,2025,61.665955,-171.59011,7/27/2025 16:34,21740,walleye pollock,11,570,1359,NA,2,NA,NA,NA,NA,NA
-24805,134,202502,5,70,70,2025,61.66155,-170.19268,7/28/2025 7:51,21740,walleye pollock,12,610,1184,NA,1,NA,NA,NA,NA,NA
-24805,134,202502,5,70,70,2025,61.66155,-170.19268,7/28/2025 7:51,21740,walleye pollock,13,690,1879,NA,2,NA,NA,NA,NA,NA
-24805,134,202502,5,70,70,2025,61.66155,-170.19268,7/28/2025 7:51,21740,walleye pollock,14,540,892,NA,1,NA,NA,NA,NA,NA
-24805,134,202502,5,70,70,2025,61.66155,-170.19268,7/28/2025 7:51,21740,walleye pollock,15,100,8,NA,3,NA,NA,NA,NA,NA
-24806,134,202502,6,70,70,2025,62.00012,-170.25527,7/28/2025 10:38,21740,walleye pollock,16,560,1304,NA,1,NA,NA,NA,NA,NA
-24806,134,202502,6,70,70,2025,62.00012,-170.25527,7/28/2025 10:38,21740,walleye pollock,17,550,1058,NA,1,NA,NA,NA,NA,NA
-24806,134,202502,6,70,70,2025,62.00012,-170.25527,7/28/2025 10:38,21740,walleye pollock,18,600,1379,NA,1,NA,NA,NA,NA,NA
-24806,134,202502,6,70,70,2025,62.00012,-170.25527,7/28/2025 10:38,21740,walleye pollock,19,110,8,NA,3,NA,NA,NA,NA,NA
-24807,134,202502,7,70,70,2025,62.02468,-169.57123,7/28/2025 13:22,21740,walleye pollock,20,630,1480,NA,2,NA,NA,NA,NA,NA
-24807,134,202502,7,70,70,2025,62.02468,-169.57123,7/28/2025 13:22,21740,walleye pollock,21,560,936,NA,2,NA,NA,NA,NA,NA
-24807,134,202502,7,70,70,2025,62.02468,-169.57123,7/28/2025 13:22,21740,walleye pollock,22,570,1132,NA,2,NA,NA,NA,NA,NA
-24807,134,202502,7,70,70,2025,62.02468,-169.57123,7/28/2025 13:22,21740,walleye pollock,23,110,8,NA,3,NA,NA,NA,NA,NA
-24808,134,202502,8,70,70,2025,62.314935,-169.55421,7/28/2025 16:00,21740,walleye pollock,24,570,1216,NA,1,NA,NA,NA,NA,NA
-24808,134,202502,8,70,70,2025,62.314935,-169.55421,7/28/2025 16:00,21740,walleye pollock,25,590,1338,NA,1,NA,NA,NA,NA,NA
-24808,134,202502,8,70,70,2025,62.314935,-169.55421,7/28/2025 16:00,21740,walleye pollock,26,620,1612,NA,2,NA,NA,NA,NA,NA
-24808,134,202502,8,70,70,2025,62.314935,-169.55421,7/28/2025 16:00,21740,walleye pollock,27,140,18,NA,1,NA,NA,NA,NA,NA
-24823,134,202502,9,70,70,2025,62.661645,-168.20034,7/29/2025 7:50,21740,walleye pollock,28,590,1416,NA,2,NA,NA,NA,NA,NA
-24823,134,202502,9,70,70,2025,62.661645,-168.20034,7/29/2025 7:50,21740,walleye pollock,29,630,1457,NA,2,NA,NA,NA,NA,NA
-24823,134,202502,9,70,70,2025,62.661645,-168.20034,7/29/2025 7:50,21740,walleye pollock,30,120,10,NA,2,NA,NA,NA,NA,NA
-24824,134,202502,10,70,70,2025,62.67492,-167.467735,7/29/2025 10:45,21740,walleye pollock,32,640,1701,NA,1,NA,NA,NA,NA,NA
-24824,134,202502,10,70,70,2025,62.67492,-167.467735,7/29/2025 10:45,21740,walleye pollock,33,590,1341,NA,1,NA,NA,NA,NA,NA
-24824,134,202502,10,70,70,2025,62.67492,-167.467735,7/29/2025 10:45,21740,walleye pollock,34,110,7,NA,3,NA,NA,NA,NA,NA
-24824,134,202502,10,70,70,2025,62.67492,-167.467735,7/29/2025 10:45,21740,walleye pollock,31,590,1308,NA,1,NA,NA,NA,NA,NA
-24825,134,202502,11,70,70,2025,62.9992,-167.482925,7/29/2025 13:21,21740,walleye pollock,35,720,2771,NA,2,NA,NA,NA,NA,NA
-24825,134,202502,11,70,70,2025,62.9992,-167.482925,7/29/2025 13:21,21740,walleye pollock,36,620,1467,NA,1,NA,NA,NA,NA,NA
-24825,134,202502,11,70,70,2025,62.9992,-167.482925,7/29/2025 13:21,21740,walleye pollock,37,600,1384,NA,2,NA,NA,NA,NA,NA
-24825,134,202502,11,70,70,2025,62.9992,-167.482925,7/29/2025 13:21,21740,walleye pollock,38,120,8,NA,3,NA,NA,NA,NA,NA
-24826,134,202502,12,71,71,2025,63.33477,-167.502915,7/29/2025 16:01,21740,walleye pollock,39,700,2652,NA,2,NA,NA,NA,NA,NA
-24826,134,202502,12,71,71,2025,63.33477,-167.502915,7/29/2025 16:01,21740,walleye pollock,40,630,1809,NA,2,NA,NA,NA,NA,NA
-24826,134,202502,12,71,71,2025,63.33477,-167.502915,7/29/2025 16:01,21740,walleye pollock,41,120,14,NA,2,NA,NA,NA,NA,NA
-24851,134,202502,16,71,71,2025,64.69391,-167.60511,8/3/2025 7:19,21740,walleye pollock,49,90,4,NA,3,NA,NA,NA,NA,NA
-24851,134,202502,16,71,71,2025,64.69391,-167.60511,8/3/2025 7:19,21740,walleye pollock,50,630,1470,NA,2,NA,NA,NA,NA,NA
-24851,134,202502,16,71,71,2025,64.69391,-167.60511,8/3/2025 7:19,21740,walleye pollock,51,720,2260,NA,2,NA,NA,NA,NA,NA
-24851,134,202502,16,71,71,2025,64.69391,-167.60511,8/3/2025 7:19,21740,walleye pollock,52,760,3226,NA,2,NA,NA,NA,NA,NA
-24834,134,202502,13,71,71,2025,63.335755,-166.72391,7/30/2025 7:50,21740,walleye pollock,42,680,2040,NA,2,NA,NA,NA,NA,NA
-24834,134,202502,13,71,71,2025,63.335755,-166.72391,7/30/2025 7:50,21740,walleye pollock,43,690,2303,NA,1,NA,NA,NA,NA,NA
-24834,134,202502,13,71,71,2025,63.335755,-166.72391,7/30/2025 7:50,21740,walleye pollock,44,640,2287,NA,2,NA,NA,NA,NA,NA
-24834,134,202502,13,71,71,2025,63.335755,-166.72391,7/30/2025 7:50,21740,walleye pollock,45,100,6,NA,3,NA,NA,NA,NA,NA
-24842,134,202502,15,71,71,2025,64.663575,-166.823615,8/2/2025 12:46,21740,walleye pollock,48,110,10,NA,3,NA,NA,NA,NA,NA
-24842,134,202502,15,71,71,2025,64.663575,-166.823615,8/2/2025 12:46,21740,walleye pollock,46,130,13,NA,3,NA,NA,NA,NA,NA
-24842,134,202502,15,71,71,2025,64.663575,-166.823615,8/2/2025 12:46,21740,walleye pollock,47,110,9,NA,3,NA,NA,NA,NA,NA
-24853,134,202502,18,71,71,2025,65.305375,-167.67873,8/3/2025 12:02,21740,walleye pollock,53,130,11,NA,3,NA,NA,NA,NA,NA
-24853,134,202502,18,71,71,2025,65.305375,-167.67873,8/3/2025 12:02,21740,walleye pollock,54,100,6,NA,3,NA,NA,NA,NA,NA
-24854,134,202502,19,71,71,2025,65.338795,-168.395395,8/3/2025 15:40,21740,walleye pollock,55,100,6,NA,3,NA,NA,NA,NA,NA
-24854,134,202502,19,71,71,2025,65.338795,-168.395395,8/3/2025 15:40,21740,walleye pollock,56,650,1923,NA,2,NA,NA,NA,NA,NA
-24854,134,202502,19,71,71,2025,65.338795,-168.395395,8/3/2025 15:40,21740,walleye pollock,57,620,1311,NA,1,NA,NA,NA,NA,NA
-24854,134,202502,19,71,71,2025,65.338795,-168.395395,8/3/2025 15:40,21740,walleye pollock,58,750,2825,NA,2,NA,NA,NA,NA,NA
-24859,134,202502,20,71,71,2025,64.997205,-168.356555,8/4/2025 7:25,21740,walleye pollock,59,130,12,NA,3,NA,NA,NA,NA,NA
-24859,134,202502,20,71,71,2025,64.997205,-168.356555,8/4/2025 7:25,21740,walleye pollock,60,630,1526,NA,1,NA,NA,NA,NA,NA
-24859,134,202502,20,71,71,2025,64.997205,-168.356555,8/4/2025 7:25,21740,walleye pollock,61,630,1751,NA,2,NA,NA,NA,NA,NA
-24859,134,202502,20,71,71,2025,64.997205,-168.356555,8/4/2025 7:25,21740,walleye pollock,62,750,2826,NA,2,NA,NA,NA,NA,NA
-24860,134,202502,21,71,71,2025,64.668805,-168.36763,8/4/2025 10:35,21740,walleye pollock,63,720,2223,NA,2,NA,NA,NA,NA,NA
-24860,134,202502,21,71,71,2025,64.668805,-168.36763,8/4/2025 10:35,21740,walleye pollock,64,550,992,NA,1,NA,NA,NA,NA,NA
-24860,134,202502,21,71,71,2025,64.668805,-168.36763,8/4/2025 10:35,21740,walleye pollock,65,660,2103,NA,2,NA,NA,NA,NA,NA
-24860,134,202502,21,71,71,2025,64.668805,-168.36763,8/4/2025 10:35,21740,walleye pollock,66,150,21,NA,3,NA,NA,NA,NA,NA
-24861,134,202502,22,71,71,2025,64.685905,-169.14595,8/4/2025 13:31,21740,walleye pollock,67,630,1632,NA,1,NA,NA,NA,NA,NA
-24861,134,202502,22,71,71,2025,64.685905,-169.14595,8/4/2025 13:31,21740,walleye pollock,68,620,1685,NA,2,NA,NA,NA,NA,NA
-24861,134,202502,22,71,71,2025,64.685905,-169.14595,8/4/2025 13:31,21740,walleye pollock,69,600,1419,NA,1,NA,NA,NA,NA,NA
-24862,134,202502,23,71,71,2025,65.0165,-169.117765,8/4/2025 16:08,21740,walleye pollock,70,660,1983,NA,2,NA,NA,NA,NA,NA
-24862,134,202502,23,71,71,2025,65.0165,-169.117765,8/4/2025 16:08,21740,walleye pollock,71,630,1508,NA,1,NA,NA,NA,NA,NA
-24862,134,202502,23,71,71,2025,65.0165,-169.117765,8/4/2025 16:08,21740,walleye pollock,72,630,1575,NA,2,NA,NA,NA,NA,NA
-24862,134,202502,23,71,71,2025,65.0165,-169.117765,8/4/2025 16:08,21740,walleye pollock,73,190,56,NA,1,NA,NA,NA,NA,NA
-24863,134,202502,24,71,71,2025,65.227095,-168.89809,8/5/2025 7:22,21740,walleye pollock,75,600,1319,NA,2,NA,NA,NA,NA,NA
-24863,134,202502,24,71,71,2025,65.227095,-168.89809,8/5/2025 7:22,21740,walleye pollock,74,580,1305,NA,1,NA,NA,NA,NA,NA
-24863,134,202502,24,71,71,2025,65.227095,-168.89809,8/5/2025 7:22,21740,walleye pollock,76,660,1618,NA,1,NA,NA,NA,NA,NA
-24864,134,202502,25,71,71,2025,64.959485,-169.85947,8/5/2025 11:15,21740,walleye pollock,77,100,6,NA,3,NA,NA,NA,NA,NA
-24864,134,202502,25,71,71,2025,64.959485,-169.85947,8/5/2025 11:15,21740,walleye pollock,78,560,988,NA,1,NA,NA,NA,NA,NA
-24864,134,202502,25,71,71,2025,64.959485,-169.85947,8/5/2025 11:15,21740,walleye pollock,79,630,1687,NA,2,NA,NA,NA,NA,NA
-24864,134,202502,25,71,71,2025,64.959485,-169.85947,8/5/2025 11:15,21740,walleye pollock,80,740,3179,NA,2,NA,NA,NA,NA,NA
-24865,134,202502,26,71,71,2025,64.65416,-169.901115,8/5/2025 13:45,21740,walleye pollock,81,100,5,NA,3,NA,NA,NA,NA,NA
-24865,134,202502,26,71,71,2025,64.65416,-169.901115,8/5/2025 13:45,21740,walleye pollock,82,620,1459,NA,2,NA,NA,NA,NA,NA
-24865,134,202502,26,71,71,2025,64.65416,-169.901115,8/5/2025 13:45,21740,walleye pollock,83,680,1624,NA,2,NA,NA,NA,NA,NA
-24865,134,202502,26,71,71,2025,64.65416,-169.901115,8/5/2025 13:45,21740,walleye pollock,84,640,1581,NA,1,NA,NA,NA,NA,NA
-24866,134,202502,27,71,71,2025,64.64311,-170.619415,8/5/2025 16:22,21740,walleye pollock,85,550,874,NA,1,NA,NA,NA,NA,NA
-24866,134,202502,27,71,71,2025,64.64311,-170.619415,8/5/2025 16:22,21740,walleye pollock,86,610,1156,NA,1,NA,NA,NA,NA,NA
-24866,134,202502,27,71,71,2025,64.64311,-170.619415,8/5/2025 16:22,21740,walleye pollock,87,670,1895,NA,2,NA,NA,NA,NA,NA
-24866,134,202502,27,71,71,2025,64.64311,-170.619415,8/5/2025 16:22,21740,walleye pollock,88,120,10,NA,3,NA,NA,NA,NA,NA
-24871,134,202502,28,71,71,2025,64.241165,-171.083035,8/6/2025 7:21,21740,walleye pollock,92,80,4,NA,3,NA,NA,NA,NA,NA
-24871,134,202502,28,71,71,2025,64.241165,-171.083035,8/6/2025 7:21,21740,walleye pollock,89,590,1248,NA,2,NA,NA,NA,NA,NA
-24871,134,202502,28,71,71,2025,64.241165,-171.083035,8/6/2025 7:21,21740,walleye pollock,90,640,1235,NA,2,NA,NA,NA,NA,NA
-24871,134,202502,28,71,71,2025,64.241165,-171.083035,8/6/2025 7:21,21740,walleye pollock,91,450,532,NA,1,NA,NA,NA,NA,NA
-24872,134,202502,29,71,71,2025,64.01314,-171.79293,8/6/2025 10:36,21740,walleye pollock,93,570,1182,NA,1,NA,NA,NA,NA,NA
-24872,134,202502,29,71,71,2025,64.01314,-171.79293,8/6/2025 10:36,21740,walleye pollock,94,580,1180,NA,2,NA,NA,NA,NA,NA
-24872,134,202502,29,71,71,2025,64.01314,-171.79293,8/6/2025 10:36,21740,walleye pollock,95,490,731,NA,2,NA,NA,NA,NA,NA
-24872,134,202502,29,71,71,2025,64.01314,-171.79293,8/6/2025 10:36,21740,walleye pollock,96,100,6,NA,3,NA,NA,NA,NA,NA
-24873,134,202502,30,71,71,2025,63.994965,-171.328945,8/6/2025 13:29,21740,walleye pollock,97,640,1544,NA,2,NA,NA,NA,NA,NA
-24873,134,202502,30,71,71,2025,63.994965,-171.328945,8/6/2025 13:29,21740,walleye pollock,98,560,1066,NA,2,NA,NA,NA,NA,NA
-24873,134,202502,30,71,71,2025,63.994965,-171.328945,8/6/2025 13:29,21740,walleye pollock,99,610,1566,NA,2,NA,NA,NA,NA,NA
-24874,134,202502,31,71,71,2025,63.699575,-171.03617,8/6/2025 16:12,21740,walleye pollock,100,90,5,NA,3,NA,NA,NA,NA,NA
-24882,134,202502,35,81,81,2025,63.339,-173.37675,8/7/2025 16:01,21740,walleye pollock,113,510,824,NA,1,NA,NA,NA,NA,NA
-24882,134,202502,35,81,81,2025,63.339,-173.37675,8/7/2025 16:01,21740,walleye pollock,114,510,1190,NA,1,NA,NA,NA,NA,NA
-24882,134,202502,35,81,81,2025,63.339,-173.37675,8/7/2025 16:01,21740,walleye pollock,115,540,891,NA,1,NA,NA,NA,NA,NA
-24882,134,202502,35,81,81,2025,63.339,-173.37675,8/7/2025 16:01,21740,walleye pollock,116,150,21,NA,3,NA,NA,NA,NA,NA
-24879,134,202502,32,70,70,2025,63.532495,-171.997175,8/7/2025 7:37,21740,walleye pollock,101,510,373,NA,1,NA,NA,NA,NA,NA
-24879,134,202502,32,70,70,2025,63.532495,-171.997175,8/7/2025 7:37,21740,walleye pollock,102,670,1636,NA,2,NA,NA,NA,NA,NA
-24879,134,202502,32,70,70,2025,63.532495,-171.997175,8/7/2025 7:37,21740,walleye pollock,103,620,1507,NA,2,NA,NA,NA,NA,NA
-24879,134,202502,32,70,70,2025,63.532495,-171.997175,8/7/2025 7:37,21740,walleye pollock,104,120,11,NA,3,NA,NA,NA,NA,NA
-24880,134,202502,33,81,81,2025,63.66601,-172.708765,8/7/2025 10:25,21740,walleye pollock,105,670,1909,NA,2,NA,NA,NA,NA,NA
-24880,134,202502,33,81,81,2025,63.66601,-172.708765,8/7/2025 10:25,21740,walleye pollock,106,480,682,NA,1,NA,NA,NA,NA,NA
-24880,134,202502,33,81,81,2025,63.66601,-172.708765,8/7/2025 10:25,21740,walleye pollock,107,540,998,NA,1,NA,NA,NA,NA,NA
-24880,134,202502,33,81,81,2025,63.66601,-172.708765,8/7/2025 10:25,21740,walleye pollock,108,100,5,NA,3,NA,NA,NA,NA,NA
-24881,134,202502,34,81,81,2025,63.328585,-172.683035,8/7/2025 13:23,21740,walleye pollock,109,620,1372,NA,1,NA,NA,NA,NA,NA
-24881,134,202502,34,81,81,2025,63.328585,-172.683035,8/7/2025 13:23,21740,walleye pollock,110,500,800,NA,1,NA,NA,NA,NA,NA
-24881,134,202502,34,81,81,2025,63.328585,-172.683035,8/7/2025 13:23,21740,walleye pollock,111,510,1030,NA,1,NA,NA,NA,NA,NA
-24881,134,202502,34,81,81,2025,63.328585,-172.683035,8/7/2025 13:23,21740,walleye pollock,112,100,6,NA,3,NA,NA,NA,NA,NA
-24888,134,202502,36,81,81,2025,63.00058,-173.296825,8/8/2025 7:55,21740,walleye pollock,117,630,1554,NA,2,NA,NA,NA,NA,NA
-24888,134,202502,36,81,81,2025,63.00058,-173.296825,8/8/2025 7:55,21740,walleye pollock,118,620,1398,NA,2,NA,NA,NA,NA,NA
-24888,134,202502,36,81,81,2025,63.00058,-173.296825,8/8/2025 7:55,21740,walleye pollock,119,560,1147,NA,1,NA,NA,NA,NA,NA
-24888,134,202502,36,81,81,2025,63.00058,-173.296825,8/8/2025 7:55,21740,walleye pollock,120,110,5,NA,3,NA,NA,NA,NA,NA
-24889,134,202502,37,81,81,2025,62.990745,-174.017025,8/8/2025 10:33,21740,walleye pollock,121,570,1148,NA,2,NA,NA,NA,NA,NA
-24889,134,202502,37,81,81,2025,62.990745,-174.017025,8/8/2025 10:33,21740,walleye pollock,122,580,1439,NA,2,NA,NA,NA,NA,NA
-24889,134,202502,37,81,81,2025,62.990745,-174.017025,8/8/2025 10:33,21740,walleye pollock,123,670,1535,NA,2,NA,NA,NA,NA,NA
-24889,134,202502,37,81,81,2025,62.990745,-174.017025,8/8/2025 10:33,21740,walleye pollock,124,110,7,NA,3,NA,NA,NA,NA,NA
-24890,134,202502,38,81,81,2025,62.65908,-173.97452,8/8/2025 13:22,21740,walleye pollock,125,540,881,NA,2,NA,NA,NA,NA,NA
-24890,134,202502,38,81,81,2025,62.65908,-173.97452,8/8/2025 13:22,21740,walleye pollock,126,540,899,NA,2,NA,NA,NA,NA,NA
-24890,134,202502,38,81,81,2025,62.65908,-173.97452,8/8/2025 13:22,21740,walleye pollock,127,570,1159,NA,2,NA,NA,NA,NA,NA
-24890,134,202502,38,81,81,2025,62.65908,-173.97452,8/8/2025 13:22,21740,walleye pollock,128,130,18,NA,3,NA,NA,NA,NA,NA
-24891,134,202502,39,81,81,2025,62.655045,-174.66067,8/8/2025 16:04,21740,walleye pollock,129,730,2070,NA,2,NA,NA,NA,NA,NA
-24891,134,202502,39,81,81,2025,62.655045,-174.66067,8/8/2025 16:04,21740,walleye pollock,130,390,355,NA,1,NA,NA,NA,NA,NA
-24891,134,202502,39,81,81,2025,62.655045,-174.66067,8/8/2025 16:04,21740,walleye pollock,131,480,712,NA,2,NA,NA,NA,NA,NA
-24891,134,202502,39,81,81,2025,62.655045,-174.66067,8/8/2025 16:04,21740,walleye pollock,132,120,11,NA,3,NA,NA,NA,NA,NA
-24896,134,202502,40,81,81,2025,62.334525,-175.273895,8/9/2025 8:08,21740,walleye pollock,133,520,837,NA,2,NA,NA,NA,NA,NA
-24896,134,202502,40,81,81,2025,62.334525,-175.273895,8/9/2025 8:08,21740,walleye pollock,134,560,1112,NA,2,NA,NA,NA,NA,NA
-24896,134,202502,40,81,81,2025,62.334525,-175.273895,8/9/2025 8:08,21740,walleye pollock,135,490,812,NA,1,NA,NA,NA,NA,NA
-24896,134,202502,40,81,81,2025,62.334525,-175.273895,8/9/2025 8:08,21740,walleye pollock,136,180,41,NA,2,NA,NA,NA,NA,NA
-24897,134,202502,41,81,81,2025,62.331385,-174.558845,8/9/2025 10:57,21740,walleye pollock,137,490,695,NA,1,NA,NA,NA,NA,NA
-24897,134,202502,41,81,81,2025,62.331385,-174.558845,8/9/2025 10:57,21740,walleye pollock,138,630,1470,NA,2,NA,NA,NA,NA,NA
-24897,134,202502,41,81,81,2025,62.331385,-174.558845,8/9/2025 10:57,21740,walleye pollock,139,610,1166,NA,2,NA,NA,NA,NA,NA
-24897,134,202502,41,81,81,2025,62.331385,-174.558845,8/9/2025 10:57,21740,walleye pollock,140,120,9,NA,3,NA,NA,NA,NA,NA
-24898,134,202502,42,81,81,2025,62.33217,-173.827395,8/9/2025 13:44,21740,walleye pollock,141,500,779,NA,2,NA,NA,NA,NA,NA
-24898,134,202502,42,81,81,2025,62.33217,-173.827395,8/9/2025 13:44,21740,walleye pollock,142,530,914,NA,1,NA,NA,NA,NA,NA
-24898,134,202502,42,81,81,2025,62.33217,-173.827395,8/9/2025 13:44,21740,walleye pollock,143,570,1235,NA,1,NA,NA,NA,NA,NA
-24898,134,202502,42,81,81,2025,62.33217,-173.827395,8/9/2025 13:44,21740,walleye pollock,144,520,934,NA,2,NA,NA,NA,NA,NA
-24898,134,202502,42,81,81,2025,62.33217,-173.827395,8/9/2025 13:44,21740,walleye pollock,145,120,11,NA,3,NA,NA,NA,NA,NA
-24899,134,202502,43,81,81,2025,62.333705,-173.14897,8/9/2025 16:21,21740,walleye pollock,146,630,1539,NA,2,NA,NA,NA,NA,NA
-24899,134,202502,43,81,81,2025,62.333705,-173.14897,8/9/2025 16:21,21740,walleye pollock,147,670,2006,NA,2,NA,NA,NA,NA,NA
-24899,134,202502,43,81,81,2025,62.333705,-173.14897,8/9/2025 16:21,21740,walleye pollock,148,120,10,NA,3,NA,NA,NA,NA,NA
-24904,134,202502,44,81,81,2025,62.668485,-173.180835,8/10/2025 8:11,21740,walleye pollock,149,580,1271,NA,2,NA,NA,NA,NA,NA
-24904,134,202502,44,81,81,2025,62.668485,-173.180835,8/10/2025 8:11,21740,walleye pollock,150,610,1532,NA,2,NA,NA,NA,NA,NA
-24904,134,202502,44,81,81,2025,62.668485,-173.180835,8/10/2025 8:11,21740,walleye pollock,151,510,873,NA,1,NA,NA,NA,NA,NA
-24904,134,202502,44,81,81,2025,62.668485,-173.180835,8/10/2025 8:11,21740,walleye pollock,152,110,8,NA,3,NA,NA,NA,NA,NA
-24905,134,202502,45,81,81,2025,63.01589,-172.607925,8/10/2025 11:32,21740,walleye pollock,153,590,1285,NA,1,NA,NA,NA,NA,NA
-24905,134,202502,45,81,81,2025,63.01589,-172.607925,8/10/2025 11:32,21740,walleye pollock,154,630,1872,NA,2,NA,NA,NA,NA,NA
-24905,134,202502,45,81,81,2025,63.01589,-172.607925,8/10/2025 11:32,21740,walleye pollock,155,630,1327,NA,2,NA,NA,NA,NA,NA
-24905,134,202502,45,81,81,2025,63.01589,-172.607925,8/10/2025 11:32,21740,walleye pollock,156,140,15,NA,3,NA,NA,NA,NA,NA
-24912,134,202502,48,70,70,2025,63.203655,-171.16944,8/12/2025 8:06,21740,walleye pollock,165,610,1184,NA,1,NA,NA,NA,NA,NA
-24912,134,202502,48,70,70,2025,63.203655,-171.16944,8/12/2025 8:06,21740,walleye pollock,166,670,1768,NA,2,NA,NA,NA,NA,NA
-24912,134,202502,48,70,70,2025,63.203655,-171.16944,8/12/2025 8:06,21740,walleye pollock,167,110,8,NA,3,NA,NA,NA,NA,NA
-24906,134,202502,46,70,70,2025,63.016155,-171.8951,8/10/2025 14:19,21740,walleye pollock,157,570,1109,NA,1,NA,NA,NA,NA,NA
-24906,134,202502,46,70,70,2025,63.016155,-171.8951,8/10/2025 14:19,21740,walleye pollock,158,660,1687,NA,2,NA,NA,NA,NA,NA
-24906,134,202502,46,70,70,2025,63.016155,-171.8951,8/10/2025 14:19,21740,walleye pollock,159,610,1250,NA,2,NA,NA,NA,NA,NA
-24906,134,202502,46,70,70,2025,63.016155,-171.8951,8/10/2025 14:19,21740,walleye pollock,160,110,7,NA,3,NA,NA,NA,NA,NA
-24907,134,202502,47,70,70,2025,63.24507,-172.010785,8/10/2025 16:41,21740,walleye pollock,161,660,1532,NA,2,NA,NA,NA,NA,NA
-24907,134,202502,47,70,70,2025,63.24507,-172.010785,8/10/2025 16:41,21740,walleye pollock,162,630,1400,NA,2,NA,NA,NA,NA,NA
-24907,134,202502,47,70,70,2025,63.24507,-172.010785,8/10/2025 16:41,21740,walleye pollock,163,580,1236,NA,2,NA,NA,NA,NA,NA
-24907,134,202502,47,70,70,2025,63.24507,-172.010785,8/10/2025 16:41,21740,walleye pollock,164,120,10,NA,3,NA,NA,NA,NA,NA
-24913,134,202502,49,70,70,2025,63.000405,-171.124265,8/12/2025 10:05,21740,walleye pollock,168,640,1850,NA,2,NA,NA,NA,NA,NA
-24913,134,202502,49,70,70,2025,63.000405,-171.124265,8/12/2025 10:05,21740,walleye pollock,169,610,1531,NA,1,NA,NA,NA,NA,NA
-24913,134,202502,49,70,70,2025,63.000405,-171.124265,8/12/2025 10:05,21740,walleye pollock,170,500,714,NA,1,NA,NA,NA,NA,NA
-24913,134,202502,49,70,70,2025,63.000405,-171.124265,8/12/2025 10:05,21740,walleye pollock,171,90,5,NA,3,NA,NA,NA,NA,NA
-24915,134,202502,51,70,70,2025,62.669035,-169.64025,8/12/2025 16:19,21740,walleye pollock,176,570,1115,NA,2,NA,NA,NA,NA,NA
-24915,134,202502,51,70,70,2025,62.669035,-169.64025,8/12/2025 16:19,21740,walleye pollock,177,630,1434,NA,2,NA,NA,NA,NA,NA
-24915,134,202502,51,70,70,2025,62.669035,-169.64025,8/12/2025 16:19,21740,walleye pollock,178,590,1350,NA,2,NA,NA,NA,NA,NA
-24915,134,202502,51,70,70,2025,62.669035,-169.64025,8/12/2025 16:19,21740,walleye pollock,179,120,9,NA,3,NA,NA,NA,NA,NA
-24920,134,202502,52,70,70,2025,62.666685,-170.365395,8/13/2025 7:56,21740,walleye pollock,180,650,1688,NA,1,NA,NA,NA,NA,NA
-24920,134,202502,52,70,70,2025,62.666685,-170.365395,8/13/2025 7:56,21740,walleye pollock,181,650,1720,NA,2,NA,NA,NA,NA,NA
-24920,134,202502,52,70,70,2025,62.666685,-170.365395,8/13/2025 7:56,21740,walleye pollock,182,550,930,NA,1,NA,NA,NA,NA,NA
-24920,134,202502,52,70,70,2025,62.666685,-170.365395,8/13/2025 7:56,21740,walleye pollock,183,520,964,NA,1,NA,NA,NA,NA,NA
-24920,134,202502,52,70,70,2025,62.666685,-170.365395,8/13/2025 7:56,21740,walleye pollock,184,580,1234,NA,1,NA,NA,NA,NA,NA
-24920,134,202502,52,70,70,2025,62.666685,-170.365395,8/13/2025 7:56,21740,walleye pollock,185,130,12,NA,3,NA,NA,NA,NA,NA
-24921,134,202502,53,70,70,2025,62.67005,-171.07992,8/13/2025 11:02,21740,walleye pollock,186,550,1066,NA,2,NA,NA,NA,NA,NA
-24921,134,202502,53,70,70,2025,62.67005,-171.07992,8/13/2025 11:02,21740,walleye pollock,187,620,1355,NA,2,NA,NA,NA,NA,NA
-24921,134,202502,53,70,70,2025,62.67005,-171.07992,8/13/2025 11:02,21740,walleye pollock,188,560,1266,NA,1,NA,NA,NA,NA,NA
-24921,134,202502,53,70,70,2025,62.67005,-171.07992,8/13/2025 11:02,21740,walleye pollock,189,110,8,NA,3,NA,NA,NA,NA,NA
-24922,134,202502,54,70,70,2025,62.66747,-171.820455,8/13/2025 14:35,21740,walleye pollock,190,550,1052,NA,1,NA,NA,NA,NA,NA
-24922,134,202502,54,70,70,2025,62.66747,-171.820455,8/13/2025 14:35,21740,walleye pollock,191,540,1045,NA,1,NA,NA,NA,NA,NA
-24922,134,202502,54,70,70,2025,62.66747,-171.820455,8/13/2025 14:35,21740,walleye pollock,192,600,1467,NA,2,NA,NA,NA,NA,NA
-24922,134,202502,54,70,70,2025,62.66747,-171.820455,8/13/2025 14:35,21740,walleye pollock,193,590,1365,NA,2,NA,NA,NA,NA,NA
-24922,134,202502,54,70,70,2025,62.66747,-171.820455,8/13/2025 14:35,21740,walleye pollock,194,120,8,NA,3,NA,NA,NA,NA,NA
-24923,134,202502,55,81,81,2025,62.66599,-172.463955,8/13/2025 17:10,21740,walleye pollock,195,630,1403,NA,2,NA,NA,NA,NA,NA
-24923,134,202502,55,81,81,2025,62.66599,-172.463955,8/13/2025 17:10,21740,walleye pollock,196,540,1025,NA,2,NA,NA,NA,NA,NA
-24923,134,202502,55,81,81,2025,62.66599,-172.463955,8/13/2025 17:10,21740,walleye pollock,197,540,1008,NA,1,NA,NA,NA,NA,NA
-24923,134,202502,55,81,81,2025,62.66599,-172.463955,8/13/2025 17:10,21740,walleye pollock,198,570,1125,NA,1,NA,NA,NA,NA,NA
-24923,134,202502,55,81,81,2025,62.66599,-172.463955,8/13/2025 17:10,21740,walleye pollock,199,110,9,NA,3,NA,NA,NA,NA,NA
-24928,134,202502,56,81,81,2025,62.3331,-172.403725,8/14/2025 8:06,21740,walleye pollock,200,550,1064,NA,1,NA,NA,NA,NA,NA
-24928,134,202502,56,81,81,2025,62.3331,-172.403725,8/14/2025 8:06,21740,walleye pollock,201,450,421,NA,2,NA,NA,NA,NA,NA
-24928,134,202502,56,81,81,2025,62.3331,-172.403725,8/14/2025 8:06,21740,walleye pollock,202,510,810,NA,1,NA,NA,NA,NA,NA
-24928,134,202502,56,81,81,2025,62.3331,-172.403725,8/14/2025 8:06,21740,walleye pollock,203,100,7,NA,3,NA,NA,NA,NA,NA
-24929,134,202502,57,81,81,2025,62.337195,-171.731475,8/14/2025 11:14,21740,walleye pollock,204,630,1577,NA,2,NA,NA,NA,NA,NA
-24929,134,202502,57,81,81,2025,62.337195,-171.731475,8/14/2025 11:14,21740,walleye pollock,205,570,1240,NA,2,NA,NA,NA,NA,NA
-24929,134,202502,57,81,81,2025,62.337195,-171.731475,8/14/2025 11:14,21740,walleye pollock,206,560,1094,NA,1,NA,NA,NA,NA,NA
-24929,134,202502,57,81,81,2025,62.337195,-171.731475,8/14/2025 11:14,21740,walleye pollock,207,560,1119,NA,1,NA,NA,NA,NA,NA
-24929,134,202502,57,81,81,2025,62.337195,-171.731475,8/14/2025 11:14,21740,walleye pollock,208,110,6,NA,3,NA,NA,NA,NA,NA
-24930,134,202502,58,70,70,2025,62.34269,-171.02377,8/14/2025 13:49,21740,walleye pollock,209,600,1340,NA,2,NA,NA,NA,NA,NA
-24930,134,202502,58,70,70,2025,62.34269,-171.02377,8/14/2025 13:49,21740,walleye pollock,210,530,643,NA,1,NA,NA,NA,NA,NA
-24930,134,202502,58,70,70,2025,62.34269,-171.02377,8/14/2025 13:49,21740,walleye pollock,211,650,1514,NA,2,NA,NA,NA,NA,NA
-24930,134,202502,58,70,70,2025,62.34269,-171.02377,8/14/2025 13:49,21740,walleye pollock,212,100,7,NA,3,NA,NA,NA,NA,NA
-24937,134,202502,61,70,70,2025,61.99383,-170.97078,8/15/2025 10:50,21740,walleye pollock,222,620,1225,NA,2,NA,NA,NA,NA,NA
-24937,134,202502,61,70,70,2025,61.99383,-170.97078,8/15/2025 10:50,21740,walleye pollock,223,560,1123,NA,2,NA,NA,NA,NA,NA
-24937,134,202502,61,70,70,2025,61.99383,-170.97078,8/15/2025 10:50,21740,walleye pollock,224,570,1355,NA,1,NA,NA,NA,NA,NA
-24937,134,202502,61,70,70,2025,61.99383,-170.97078,8/15/2025 10:50,21740,walleye pollock,225,570,1215,NA,1,NA,NA,NA,NA,NA
-24937,134,202502,61,70,70,2025,61.99383,-170.97078,8/15/2025 10:50,21740,walleye pollock,226,120,8,NA,3,NA,NA,NA,NA,NA
-24931,134,202502,59,70,70,2025,62.3312,-170.2849,8/14/2025 16:25,21740,walleye pollock,213,590,1381,NA,1,NA,NA,NA,NA,NA
-24931,134,202502,59,70,70,2025,62.3312,-170.2849,8/14/2025 16:25,21740,walleye pollock,214,520,666,NA,1,NA,NA,NA,NA,NA
-24931,134,202502,59,70,70,2025,62.3312,-170.2849,8/14/2025 16:25,21740,walleye pollock,215,590,1357,NA,2,NA,NA,NA,NA,NA
-24931,134,202502,59,70,70,2025,62.3312,-170.2849,8/14/2025 16:25,21740,walleye pollock,216,110,8,NA,3,NA,NA,NA,NA,NA
-24936,134,202502,60,70,70,2025,62.003565,-171.63108,8/15/2025 8:06,21740,walleye pollock,217,560,993,NA,2,NA,NA,NA,NA,NA
-24936,134,202502,60,70,70,2025,62.003565,-171.63108,8/15/2025 8:06,21740,walleye pollock,218,560,1122,NA,2,NA,NA,NA,NA,NA
-24936,134,202502,60,70,70,2025,62.003565,-171.63108,8/15/2025 8:06,21740,walleye pollock,219,610,1355,NA,2,NA,NA,NA,NA,NA
-24936,134,202502,60,70,70,2025,62.003565,-171.63108,8/15/2025 8:06,21740,walleye pollock,220,610,1331,NA,2,NA,NA,NA,NA,NA
-24936,134,202502,60,70,70,2025,62.003565,-171.63108,8/15/2025 8:06,21740,walleye pollock,221,120,12,NA,3,NA,NA,NA,NA,NA
-24938,134,202502,62,81,81,2025,61.66572,-170.908655,8/15/2025 13:38,21740,walleye pollock,227,550,1061,NA,1,NA,NA,NA,NA,NA
-24938,134,202502,62,81,81,2025,61.66572,-170.908655,8/15/2025 13:38,21740,walleye pollock,228,570,1302,NA,1,NA,NA,NA,NA,NA
-24938,134,202502,62,81,81,2025,61.66572,-170.908655,8/15/2025 13:38,21740,walleye pollock,229,570,1224,NA,1,NA,NA,NA,NA,NA
-24938,134,202502,62,81,81,2025,61.66572,-170.908655,8/15/2025 13:38,21740,walleye pollock,230,120,13,NA,3,NA,NA,NA,NA,NA
-24944,134,202502,64,70,70,2025,61.32719,-170.177555,8/16/2025 8:08,21740,walleye pollock,235,630,1733,NA,2,NA,NA,NA,NA,NA
-24944,134,202502,64,70,70,2025,61.32719,-170.177555,8/16/2025 8:08,21740,walleye pollock,236,570,1187,NA,1,NA,NA,NA,NA,NA
-24944,134,202502,64,70,70,2025,61.32719,-170.177555,8/16/2025 8:08,21740,walleye pollock,237,520,987,NA,1,NA,NA,NA,NA,NA
-24944,134,202502,64,70,70,2025,61.32719,-170.177555,8/16/2025 8:08,21740,walleye pollock,238,210,55,NA,1,NA,NA,NA,NA,NA
-24945,134,202502,65,70,70,2025,61.003515,-170.109185,8/16/2025 10:53,21740,walleye pollock,239,570,1260,NA,2,NA,NA,NA,NA,NA
-24945,134,202502,65,70,70,2025,61.003515,-170.109185,8/16/2025 10:53,21740,walleye pollock,240,540,964,NA,2,NA,NA,NA,NA,NA
-24945,134,202502,65,70,70,2025,61.003515,-170.109185,8/16/2025 10:53,21740,walleye pollock,241,530,871,NA,2,NA,NA,NA,NA,NA
-24945,134,202502,65,70,70,2025,61.003515,-170.109185,8/16/2025 10:53,21740,walleye pollock,242,210,61,NA,2,NA,NA,NA,NA,NA
-24945,134,202502,65,70,70,2025,61.003515,-170.109185,8/16/2025 10:53,21740,walleye pollock,243,30,1,NA,3,NA,NA,NA,NA,NA
-24946,134,202502,66,81,81,2025,60.993765,-170.787825,8/16/2025 13:47,21740,walleye pollock,244,220,75,NA,2,NA,NA,NA,NA,NA
-24946,134,202502,66,81,81,2025,60.993765,-170.787825,8/16/2025 13:47,21740,walleye pollock,245,600,1447,NA,2,NA,NA,NA,NA,NA
-24946,134,202502,66,81,81,2025,60.993765,-170.787825,8/16/2025 13:47,21740,walleye pollock,246,530,826,NA,1,NA,NA,NA,NA,NA
-24946,134,202502,66,81,81,2025,60.993765,-170.787825,8/16/2025 13:47,21740,walleye pollock,247,500,850,NA,2,NA,NA,NA,NA,NA
-24947,134,202502,67,81,81,2025,60.66237,-170.746595,8/16/2025 16:39,21740,walleye pollock,248,190,46,NA,2,NA,NA,NA,NA,NA
-24947,134,202502,67,81,81,2025,60.66237,-170.746595,8/16/2025 16:39,21740,walleye pollock,249,430,408,NA,1,NA,NA,NA,NA,NA
-24947,134,202502,67,81,81,2025,60.66237,-170.746595,8/16/2025 16:39,21740,walleye pollock,250,550,1160,NA,2,NA,NA,NA,NA,NA
-24947,134,202502,67,81,81,2025,60.66237,-170.746595,8/16/2025 16:39,21740,walleye pollock,251,510,899,NA,1,NA,NA,NA,NA,NA
-24952,134,202502,68,70,70,2025,60.668445,-170.080695,8/17/2025 8:23,21740,walleye pollock,252,540,1033,NA,1,NA,NA,NA,NA,NA
-24952,134,202502,68,70,70,2025,60.668445,-170.080695,8/17/2025 8:23,21740,walleye pollock,253,520,833,NA,2,NA,NA,NA,NA,NA
-24952,134,202502,68,70,70,2025,60.668445,-170.080695,8/17/2025 8:23,21740,walleye pollock,254,560,1113,NA,2,NA,NA,NA,NA,NA
-24953,134,202502,69,70,70,2025,60.676995,-169.372645,8/17/2025 11:17,21740,walleye pollock,256,520,885,NA,2,NA,NA,NA,NA,NA
-24953,134,202502,69,70,70,2025,60.676995,-169.372645,8/17/2025 11:17,21740,walleye pollock,255,530,919,NA,2,NA,NA,NA,NA,NA
-24953,134,202502,69,70,70,2025,60.676995,-169.372645,8/17/2025 11:17,21740,walleye pollock,257,520,1025,NA,1,NA,NA,NA,NA,NA
-24953,134,202502,69,70,70,2025,60.676995,-169.372645,8/17/2025 11:17,21740,walleye pollock,258,530,1044,NA,1,NA,NA,NA,NA,NA
-24801,162,202502,1,81,81,2025,61.66009,-173.12051,7/27/2025 8:09,21740,walleye pollock,1,550,1126,NA,2,NA,NA,NA,NA,NA
-24801,162,202502,1,81,81,2025,61.66009,-173.12051,7/27/2025 8:09,21740,walleye pollock,2,560,1194,NA,2,NA,NA,NA,NA,NA
-24801,162,202502,1,81,81,2025,61.66009,-173.12051,7/27/2025 8:09,21740,walleye pollock,3,520,843,NA,2,NA,NA,NA,NA,NA
-24801,162,202502,1,81,81,2025,61.66009,-173.12051,7/27/2025 8:09,21740,walleye pollock,4,110,8,NA,3,NA,NA,NA,NA,NA
-24802,162,202502,2,81,81,2025,61.34168,-172.925195,7/27/2025 11:04,21740,walleye pollock,5,480,724,NA,1,NA,NA,NA,NA,NA
-24802,162,202502,2,81,81,2025,61.34168,-172.925195,7/27/2025 11:04,21740,walleye pollock,6,470,624,NA,1,NA,NA,NA,NA,NA
-24802,162,202502,2,81,81,2025,61.34168,-172.925195,7/27/2025 11:04,21740,walleye pollock,7,620,1496,NA,1,NA,NA,NA,NA,NA
-24802,162,202502,2,81,81,2025,61.34168,-172.925195,7/27/2025 11:04,21740,walleye pollock,8,160,22,NA,3,NA,NA,NA,NA,NA
-24803,162,202502,3,81,81,2025,61.332595,-172.186995,7/27/2025 13:58,21740,walleye pollock,9,560,1111,NA,2,NA,NA,NA,NA,NA
-24803,162,202502,3,81,81,2025,61.332595,-172.186995,7/27/2025 13:58,21740,walleye pollock,10,540,927,NA,2,NA,NA,NA,NA,NA
-24803,162,202502,3,81,81,2025,61.332595,-172.186995,7/27/2025 13:58,21740,walleye pollock,11,540,945,NA,2,NA,NA,NA,NA,NA
-24803,162,202502,3,81,81,2025,61.332595,-172.186995,7/27/2025 13:58,21740,walleye pollock,12,110,9,NA,3,NA,NA,NA,NA,NA
-24804,162,202502,4,81,81,2025,61.336995,-171.538585,7/27/2025 16:30,21740,walleye pollock,13,540,1039,NA,2,NA,NA,NA,NA,NA
-24804,162,202502,4,81,81,2025,61.336995,-171.538585,7/27/2025 16:30,21740,walleye pollock,14,540,952,NA,2,NA,NA,NA,NA,NA
-24804,162,202502,4,81,81,2025,61.336995,-171.538585,7/27/2025 16:30,21740,walleye pollock,15,580,1101,NA,2,NA,NA,NA,NA,NA
-24804,162,202502,4,81,81,2025,61.336995,-171.538585,7/27/2025 16:30,21740,walleye pollock,16,100,7,NA,3,NA,NA,NA,NA,NA
-24813,162,202502,5,70,70,2025,61.32906,-169.46402,7/28/2025 8:06,21740,walleye pollock,17,570,1234,NA,2,NA,NA,NA,NA,NA
-24813,162,202502,5,70,70,2025,61.32906,-169.46402,7/28/2025 8:06,21740,walleye pollock,18,560,1275,NA,2,NA,NA,NA,NA,NA
-24813,162,202502,5,70,70,2025,61.32906,-169.46402,7/28/2025 8:06,21740,walleye pollock,19,570,1203,NA,2,NA,NA,NA,NA,NA
-24813,162,202502,5,70,70,2025,61.32906,-169.46402,7/28/2025 8:06,21740,walleye pollock,20,80,3,NA,3,NA,NA,NA,NA,NA
-24814,162,202502,6,70,70,2025,61.663305,-169.49351,7/28/2025 11:03,21740,walleye pollock,21,560,1125,NA,2,NA,NA,NA,NA,NA
-24814,162,202502,6,70,70,2025,61.663305,-169.49351,7/28/2025 11:03,21740,walleye pollock,22,510,925,NA,1,NA,NA,NA,NA,NA
-24814,162,202502,6,70,70,2025,61.663305,-169.49351,7/28/2025 11:03,21740,walleye pollock,23,540,1016,NA,1,NA,NA,NA,NA,NA
-24814,162,202502,6,70,70,2025,61.663305,-169.49351,7/28/2025 11:03,21740,walleye pollock,24,170,23,NA,1,NA,NA,NA,NA,NA
-24815,162,202502,7,70,70,2025,61.6647,-168.817745,7/28/2025 13:35,21740,walleye pollock,25,570,1193,NA,1,NA,NA,NA,NA,NA
-24815,162,202502,7,70,70,2025,61.6647,-168.817745,7/28/2025 13:35,21740,walleye pollock,26,610,1402,NA,1,NA,NA,NA,NA,NA
-24815,162,202502,7,70,70,2025,61.6647,-168.817745,7/28/2025 13:35,21740,walleye pollock,27,560,1103,NA,1,NA,NA,NA,NA,NA
-24815,162,202502,7,70,70,2025,61.6647,-168.817745,7/28/2025 13:35,21740,walleye pollock,28,130,15,NA,3,NA,NA,NA,NA,NA
-24816,162,202502,8,70,70,2025,61.985225,-168.844215,7/28/2025 16:28,21740,walleye pollock,29,580,1407,NA,1,NA,NA,NA,NA,NA
-24816,162,202502,8,70,70,2025,61.985225,-168.844215,7/28/2025 16:28,21740,walleye pollock,30,610,1447,NA,1,NA,NA,NA,NA,NA
-24816,162,202502,8,70,70,2025,61.985225,-168.844215,7/28/2025 16:28,21740,walleye pollock,31,530,917,NA,1,NA,NA,NA,NA,NA
-24827,162,202502,9,70,70,2025,62.336855,-167.482055,7/29/2025 8:08,21740,walleye pollock,32,650,1683,NA,2,NA,NA,NA,NA,NA
-24827,162,202502,9,70,70,2025,62.336855,-167.482055,7/29/2025 8:08,21740,walleye pollock,33,670,2073,NA,2,NA,NA,NA,NA,NA
-24827,162,202502,9,70,70,2025,62.336855,-167.482055,7/29/2025 8:08,21740,walleye pollock,34,630,1478,NA,2,NA,NA,NA,NA,NA
-24827,162,202502,9,70,70,2025,62.336855,-167.482055,7/29/2025 8:08,21740,walleye pollock,35,100,5,NA,3,NA,NA,NA,NA,NA
-24828,162,202502,10,70,70,2025,62.32092,-166.729565,7/29/2025 11:08,21740,walleye pollock,36,690,2448,NA,2,NA,NA,NA,NA,NA
-24828,162,202502,10,70,70,2025,62.32092,-166.729565,7/29/2025 11:08,21740,walleye pollock,37,110,7,NA,3,NA,NA,NA,NA,NA
-24829,162,202502,11,70,70,2025,62.63132,-166.751575,7/29/2025 13:47,21740,walleye pollock,38,690,2281,NA,2,NA,NA,NA,NA,NA
-24829,162,202502,11,70,70,2025,62.63132,-166.751575,7/29/2025 13:47,21740,walleye pollock,39,120,9,NA,3,NA,NA,NA,NA,NA
-24829,162,202502,11,70,70,2025,62.63132,-166.751575,7/29/2025 13:47,21740,walleye pollock,40,110,10,NA,3,NA,NA,NA,NA,NA
-24836,162,202502,12,70,70,2025,63.005375,-166.73155,7/30/2025 8:04,21740,walleye pollock,41,120,11,NA,3,NA,NA,NA,NA,NA
-24836,162,202502,12,70,70,2025,63.005375,-166.73155,7/30/2025 8:04,21740,walleye pollock,42,100,5,NA,3,NA,NA,NA,NA,NA
-24836,162,202502,12,70,70,2025,63.005375,-166.73155,7/30/2025 8:04,21740,walleye pollock,43,120,9,NA,3,NA,NA,NA,NA,NA
-24837,162,202502,13,70,70,2025,63.002375,-166.050525,7/30/2025 10:38,21740,walleye pollock,44,610,1784,NA,1,NA,NA,NA,NA,NA
-24837,162,202502,13,70,70,2025,63.002375,-166.050525,7/30/2025 10:38,21740,walleye pollock,45,120,10,NA,3,NA,NA,NA,NA,NA
-24843,162,202502,14,71,71,2025,64.330365,-166.05457,8/2/2025 11:51,21740,walleye pollock,46,720,2630,NA,1,NA,NA,NA,NA,NA
-24843,162,202502,14,71,71,2025,64.330365,-166.05457,8/2/2025 11:51,21740,walleye pollock,47,740,2872,NA,2,NA,NA,NA,NA,NA
-24843,162,202502,14,71,71,2025,64.330365,-166.05457,8/2/2025 11:51,21740,walleye pollock,48,710,3107,NA,2,NA,NA,NA,NA,NA
-24843,162,202502,14,71,71,2025,64.330365,-166.05457,8/2/2025 11:51,21740,walleye pollock,49,120,11,NA,3,NA,NA,NA,NA,NA
-24844,162,202502,15,71,71,2025,64.32543,-165.311355,8/2/2025 14:39,21740,walleye pollock,50,110,10,NA,3,NA,NA,NA,NA,NA
-24844,162,202502,15,71,71,2025,64.32543,-165.311355,8/2/2025 14:39,21740,walleye pollock,51,130,12,NA,3,NA,NA,NA,NA,NA
-24844,162,202502,15,71,71,2025,64.32543,-165.311355,8/2/2025 14:39,21740,walleye pollock,52,120,9,NA,3,NA,NA,NA,NA,NA
-24845,162,202502,16,71,71,2025,64.323155,-164.56156,8/2/2025 17:23,21740,walleye pollock,53,120,9,NA,3,NA,NA,NA,NA,NA
-24845,162,202502,16,71,71,2025,64.323155,-164.56156,8/2/2025 17:23,21740,walleye pollock,54,120,11,NA,3,NA,NA,NA,NA,NA
-24845,162,202502,16,71,71,2025,64.323155,-164.56156,8/2/2025 17:23,21740,walleye pollock,55,120,9,NA,3,NA,NA,NA,NA,NA
-24848,162,202502,19,71,71,2025,64.338635,-163.7891,8/3/2025 10:48,21740,walleye pollock,56,100,11,NA,3,NA,NA,NA,NA,NA
-24848,162,202502,19,71,71,2025,64.338635,-163.7891,8/3/2025 10:48,21740,walleye pollock,57,110,10,NA,3,NA,NA,NA,NA,NA
-24848,162,202502,19,71,71,2025,64.338635,-163.7891,8/3/2025 10:48,21740,walleye pollock,58,110,10,NA,3,NA,NA,NA,NA,NA
-24849,162,202502,20,71,71,2025,64.251405,-163.15037,8/3/2025 13:22,21740,walleye pollock,60,110,8,NA,3,NA,NA,NA,NA,NA
-24849,162,202502,20,71,71,2025,64.251405,-163.15037,8/3/2025 13:22,21740,walleye pollock,59,120,15,NA,3,NA,NA,NA,NA,NA
-24858,162,202502,25,71,71,2025,63.999685,-163.06391,8/4/2025 15:57,21740,walleye pollock,61,110,9,NA,3,NA,NA,NA,NA,NA
-24858,162,202502,25,71,71,2025,63.999685,-163.06391,8/4/2025 15:57,21740,walleye pollock,62,120,11,NA,3,NA,NA,NA,NA,NA
-24867,162,202502,26,71,71,2025,63.66739,-163.065275,8/5/2025 7:40,21740,walleye pollock,63,110,7,NA,3,NA,NA,NA,NA,NA
-24867,162,202502,26,71,71,2025,63.66739,-163.065275,8/5/2025 7:40,21740,walleye pollock,64,120,13,NA,3,NA,NA,NA,NA,NA
-24867,162,202502,26,71,71,2025,63.66739,-163.065275,8/5/2025 7:40,21740,walleye pollock,65,110,6,NA,3,NA,NA,NA,NA,NA
-24868,162,202502,27,71,71,2025,63.66738,-163.815605,8/5/2025 10:22,21740,walleye pollock,66,130,15,NA,3,NA,NA,NA,NA,NA
-24868,162,202502,27,71,71,2025,63.66738,-163.815605,8/5/2025 10:22,21740,walleye pollock,67,120,11,NA,3,NA,NA,NA,NA,NA
-24868,162,202502,27,71,71,2025,63.66738,-163.815605,8/5/2025 10:22,21740,walleye pollock,68,120,12,NA,3,NA,NA,NA,NA,NA
-24870,162,202502,29,71,71,2025,64.000455,-164.570405,8/5/2025 16:01,21740,walleye pollock,69,810,3592,NA,2,NA,NA,NA,NA,NA
-24870,162,202502,29,71,71,2025,64.000455,-164.570405,8/5/2025 16:01,21740,walleye pollock,70,130,16,NA,3,NA,NA,NA,NA,NA
-24875,162,202502,30,71,71,2025,63.665845,-164.56358,8/6/2025 7:35,21740,walleye pollock,71,120,11,NA,3,NA,NA,NA,NA,NA
-24875,162,202502,30,71,71,2025,63.665845,-164.56358,8/6/2025 7:35,21740,walleye pollock,72,120,12,NA,3,NA,NA,NA,NA,NA
-24875,162,202502,30,71,71,2025,63.665845,-164.56358,8/6/2025 7:35,21740,walleye pollock,73,120,12,NA,3,NA,NA,NA,NA,NA
-24876,162,202502,31,71,71,2025,63.33647,-165.306415,8/6/2025 11:10,21740,walleye pollock,74,120,10,NA,3,NA,NA,NA,NA,NA
-24876,162,202502,31,71,71,2025,63.33647,-165.306415,8/6/2025 11:10,21740,walleye pollock,75,130,15,NA,3,NA,NA,NA,NA,NA
-24876,162,202502,31,71,71,2025,63.33647,-165.306415,8/6/2025 11:10,21740,walleye pollock,76,130,16,NA,3,NA,NA,NA,NA,NA
-24877,162,202502,32,71,71,2025,63.66277,-165.30376,8/6/2025 13:54,21740,walleye pollock,77,120,9,NA,3,NA,NA,NA,NA,NA
-24877,162,202502,32,71,71,2025,63.66277,-165.30376,8/6/2025 13:54,21740,walleye pollock,78,130,15,NA,3,NA,NA,NA,NA,NA
-24877,162,202502,32,71,71,2025,63.66277,-165.30376,8/6/2025 13:54,21740,walleye pollock,79,110,7,NA,3,NA,NA,NA,NA,NA
-24878,162,202502,33,71,71,2025,63.999535,-165.308255,8/6/2025 16:30,21740,walleye pollock,80,740,3272,NA,2,NA,NA,NA,NA,NA
-24878,162,202502,33,71,71,2025,63.999535,-165.308255,8/6/2025 16:30,21740,walleye pollock,81,760,3300,NA,2,NA,NA,NA,NA,NA
-24878,162,202502,33,71,71,2025,63.999535,-165.308255,8/6/2025 16:30,21740,walleye pollock,82,120,12,NA,3,NA,NA,NA,NA,NA
-24883,162,202502,34,71,71,2025,63.999825,-166.047145,8/7/2025 7:36,21740,walleye pollock,83,750,2782,NA,2,NA,NA,NA,NA,NA
-24883,162,202502,34,71,71,2025,63.999825,-166.047145,8/7/2025 7:36,21740,walleye pollock,84,760,2422,NA,2,NA,NA,NA,NA,NA
-24883,162,202502,34,71,71,2025,63.999825,-166.047145,8/7/2025 7:36,21740,walleye pollock,85,680,2340,NA,2,NA,NA,NA,NA,NA
-24883,162,202502,34,71,71,2025,63.999825,-166.047145,8/7/2025 7:36,21740,walleye pollock,86,120,11,NA,3,NA,NA,NA,NA,NA
-24885,162,202502,36,71,71,2025,63.676605,-166.06485,8/7/2025 12:39,21740,walleye pollock,87,670,1928,NA,1,NA,NA,NA,NA,NA
-24885,162,202502,36,71,71,2025,63.676605,-166.06485,8/7/2025 12:39,21740,walleye pollock,88,730,2484,NA,2,NA,NA,NA,NA,NA
-24885,162,202502,36,71,71,2025,63.676605,-166.06485,8/7/2025 12:39,21740,walleye pollock,89,750,2772,NA,2,NA,NA,NA,NA,NA
-24885,162,202502,36,71,71,2025,63.676605,-166.06485,8/7/2025 12:39,21740,walleye pollock,90,110,9,NA,2,NA,NA,NA,NA,NA
-24886,162,202502,37,71,71,2025,63.668625,-166.781755,8/7/2025 15:31,21740,walleye pollock,91,640,1588,NA,1,NA,NA,NA,NA,NA
-24886,162,202502,37,71,71,2025,63.668625,-166.781755,8/7/2025 15:31,21740,walleye pollock,92,610,1669,NA,1,NA,NA,NA,NA,NA
-24886,162,202502,37,71,71,2025,63.668625,-166.781755,8/7/2025 15:31,21740,walleye pollock,93,680,2449,NA,2,NA,NA,NA,NA,NA
-24886,162,202502,37,71,71,2025,63.668625,-166.781755,8/7/2025 15:31,21740,walleye pollock,94,100,7,NA,3,NA,NA,NA,NA,NA
-24887,162,202502,38,71,71,2025,64.001145,-166.81084,8/7/2025 18:18,21740,walleye pollock,95,660,1796,NA,1,NA,NA,NA,NA,NA
-24887,162,202502,38,71,71,2025,64.001145,-166.81084,8/7/2025 18:18,21740,walleye pollock,96,750,2374,NA,1,NA,NA,NA,NA,NA
-24887,162,202502,38,71,71,2025,64.001145,-166.81084,8/7/2025 18:18,21740,walleye pollock,97,740,2226,NA,1,NA,NA,NA,NA,NA
-24892,162,202502,39,71,71,2025,64.337765,-166.830945,8/8/2025 7:37,21740,walleye pollock,98,650,1842,NA,1,NA,NA,NA,NA,NA
-24892,162,202502,39,71,71,2025,64.337765,-166.830945,8/8/2025 7:37,21740,walleye pollock,99,660,1555,NA,2,NA,NA,NA,NA,NA
-24892,162,202502,39,71,71,2025,64.337765,-166.830945,8/8/2025 7:37,21740,walleye pollock,100,100,6,NA,3,NA,NA,NA,NA,NA
-24893,162,202502,40,71,71,2025,64.33837,-167.576135,8/8/2025 11:53,21740,walleye pollock,101,170,33,NA,1,NA,NA,NA,NA,NA
-24893,162,202502,40,71,71,2025,64.33837,-167.576135,8/8/2025 11:53,21740,walleye pollock,102,100,6,NA,3,NA,NA,NA,NA,NA
-24893,162,202502,40,71,71,2025,64.33837,-167.576135,8/8/2025 11:53,21740,walleye pollock,103,120,12,NA,3,NA,NA,NA,NA,NA
-24894,162,202502,41,71,71,2025,64.029825,-167.567285,8/8/2025 14:29,21740,walleye pollock,104,110,9,NA,3,NA,NA,NA,NA,NA
-24894,162,202502,41,71,71,2025,64.029825,-167.567285,8/8/2025 14:29,21740,walleye pollock,105,630,1655,NA,1,NA,NA,NA,NA,NA
-24894,162,202502,41,71,71,2025,64.029825,-167.567285,8/8/2025 14:29,21740,walleye pollock,106,630,1530,NA,1,NA,NA,NA,NA,NA
-24894,162,202502,41,71,71,2025,64.029825,-167.567285,8/8/2025 14:29,21740,walleye pollock,107,590,1478,NA,1,NA,NA,NA,NA,NA
-24895,162,202502,42,71,71,2025,63.664065,-167.532885,8/8/2025 17:17,21740,walleye pollock,108,680,1739,NA,2,NA,NA,NA,NA,NA
-24895,162,202502,42,71,71,2025,63.664065,-167.532885,8/8/2025 17:17,21740,walleye pollock,109,660,2171,NA,2,NA,NA,NA,NA,NA
-24895,162,202502,42,71,71,2025,63.664065,-167.532885,8/8/2025 17:17,21740,walleye pollock,110,700,1975,NA,2,NA,NA,NA,NA,NA
-24900,162,202502,43,71,71,2025,63.675475,-168.266635,8/9/2025 7:38,21740,walleye pollock,111,80,4,NA,3,NA,NA,NA,NA,NA
-24900,162,202502,43,71,71,2025,63.675475,-168.266635,8/9/2025 7:38,21740,walleye pollock,112,650,1888,NA,1,NA,NA,NA,NA,NA
-24900,162,202502,43,71,71,2025,63.675475,-168.266635,8/9/2025 7:38,21740,walleye pollock,113,650,1521,NA,1,NA,NA,NA,NA,NA
-24900,162,202502,43,71,71,2025,63.675475,-168.266635,8/9/2025 7:38,21740,walleye pollock,114,620,1820,NA,1,NA,NA,NA,NA,NA
-24901,162,202502,44,71,71,2025,64.009465,-168.291745,8/9/2025 11:16,21740,walleye pollock,115,680,2190,NA,2,NA,NA,NA,NA,NA
-24901,162,202502,44,71,71,2025,64.009465,-168.291745,8/9/2025 11:16,21740,walleye pollock,116,720,2532,NA,2,NA,NA,NA,NA,NA
-24901,162,202502,44,71,71,2025,64.009465,-168.291745,8/9/2025 11:16,21740,walleye pollock,117,620,1805,NA,2,NA,NA,NA,NA,NA
-24901,162,202502,44,71,71,2025,64.009465,-168.291745,8/9/2025 11:16,21740,walleye pollock,118,110,8,NA,3,NA,NA,NA,NA,NA
-24902,162,202502,45,71,71,2025,64.331595,-168.330255,8/9/2025 14:56,21740,walleye pollock,119,120,10,NA,3,NA,NA,NA,NA,NA
-24902,162,202502,45,71,71,2025,64.331595,-168.330255,8/9/2025 14:56,21740,walleye pollock,120,630,1404,NA,2,NA,NA,NA,NA,NA
-24902,162,202502,45,71,71,2025,64.331595,-168.330255,8/9/2025 14:56,21740,walleye pollock,121,690,2158,NA,2,NA,NA,NA,NA,NA
-24902,162,202502,45,71,71,2025,64.331595,-168.330255,8/9/2025 14:56,21740,walleye pollock,122,670,1966,NA,2,NA,NA,NA,NA,NA
-24903,162,202502,46,71,71,2025,64.316175,-169.123,8/9/2025 18:52,21740,walleye pollock,123,100,6,NA,3,NA,NA,NA,NA,NA
-24903,162,202502,46,71,71,2025,64.316175,-169.123,8/9/2025 18:52,21740,walleye pollock,124,680,1815,NA,2,NA,NA,NA,NA,NA
-24903,162,202502,46,71,71,2025,64.316175,-169.123,8/9/2025 18:52,21740,walleye pollock,125,650,1616,NA,2,NA,NA,NA,NA,NA
-24903,162,202502,46,71,71,2025,64.316175,-169.123,8/9/2025 18:52,21740,walleye pollock,126,700,2359,NA,2,NA,NA,NA,NA,NA
-24908,162,202502,47,71,71,2025,64.005005,-169.0522,8/10/2025 7:36,21740,walleye pollock,128,110,9,NA,3,NA,NA,NA,NA,NA
-24908,162,202502,47,71,71,2025,64.005005,-169.0522,8/10/2025 7:36,21740,walleye pollock,127,110,9,NA,3,NA,NA,NA,NA,NA
-24910,162,202502,49,71,71,2025,64.306655,-169.825655,8/10/2025 12:59,21740,walleye pollock,129,530,949,NA,2,NA,NA,NA,NA,NA
-24917,162,202502,52,71,71,2025,63.66456,-169.752935,8/12/2025 11:31,21740,walleye pollock,130,100,6,NA,3,NA,NA,NA,NA,NA
-24917,162,202502,52,71,71,2025,63.66456,-169.752935,8/12/2025 11:31,21740,walleye pollock,131,130,14,NA,3,NA,NA,NA,NA,NA
-24917,162,202502,52,71,71,2025,63.66456,-169.752935,8/12/2025 11:31,21740,walleye pollock,132,110,8,NA,3,NA,NA,NA,NA,NA
-24918,162,202502,53,71,71,2025,63.6723,-169.01189,8/12/2025 14:20,21740,walleye pollock,133,640,1725,NA,1,NA,NA,NA,NA,NA
-24918,162,202502,53,71,71,2025,63.6723,-169.01189,8/12/2025 14:20,21740,walleye pollock,134,620,1407,NA,1,NA,NA,NA,NA,NA
-24918,162,202502,53,71,71,2025,63.6723,-169.01189,8/12/2025 14:20,21740,walleye pollock,135,620,1524,NA,1,NA,NA,NA,NA,NA
-24918,162,202502,53,71,71,2025,63.6723,-169.01189,8/12/2025 14:20,21740,walleye pollock,136,120,10,NA,2,NA,NA,NA,NA,NA
-24919,162,202502,54,71,71,2025,63.35361,-168.27474,8/12/2025 17:52,21740,walleye pollock,137,120,11,NA,1,NA,NA,NA,NA,NA
-24919,162,202502,54,71,71,2025,63.35361,-168.27474,8/12/2025 17:52,21740,walleye pollock,138,550,950,NA,1,NA,NA,NA,NA,NA
-24919,162,202502,54,71,71,2025,63.35361,-168.27474,8/12/2025 17:52,21740,walleye pollock,139,610,1710,NA,1,NA,NA,NA,NA,NA
-24919,162,202502,54,71,71,2025,63.35361,-168.27474,8/12/2025 17:52,21740,walleye pollock,140,600,1407,NA,1,NA,NA,NA,NA,NA
-24924,162,202502,55,70,70,2025,63.001025,-168.214255,8/13/2025 7:42,21740,walleye pollock,141,620,1649,NA,2,NA,NA,NA,NA,NA
-24924,162,202502,55,70,70,2025,63.001025,-168.214255,8/13/2025 7:42,21740,walleye pollock,142,640,1787,NA,2,NA,NA,NA,NA,NA
-24924,162,202502,55,70,70,2025,63.001025,-168.214255,8/13/2025 7:42,21740,walleye pollock,143,670,2087,NA,2,NA,NA,NA,NA,NA
-24924,162,202502,55,70,70,2025,63.001025,-168.214255,8/13/2025 7:42,21740,walleye pollock,144,130,14,NA,3,NA,NA,NA,NA,NA
-24925,162,202502,56,70,70,2025,62.871045,-168.82967,8/13/2025 11:33,21740,walleye pollock,145,710,2109,NA,2,NA,NA,NA,NA,NA
-24925,162,202502,56,70,70,2025,62.871045,-168.82967,8/13/2025 11:33,21740,walleye pollock,146,540,873,NA,1,NA,NA,NA,NA,NA
-24925,162,202502,56,70,70,2025,62.871045,-168.82967,8/13/2025 11:33,21740,walleye pollock,147,510,672,NA,1,NA,NA,NA,NA,NA
-24925,162,202502,56,70,70,2025,62.871045,-168.82967,8/13/2025 11:33,21740,walleye pollock,148,100,5,NA,3,NA,NA,NA,NA,NA
-24926,162,202502,57,70,70,2025,62.66008,-168.899065,8/13/2025 13:31,21740,walleye pollock,149,630,1691,NA,2,NA,NA,NA,NA,NA
-24926,162,202502,57,70,70,2025,62.66008,-168.899065,8/13/2025 13:31,21740,walleye pollock,150,640,1686,NA,2,NA,NA,NA,NA,NA
-24926,162,202502,57,70,70,2025,62.66008,-168.899065,8/13/2025 13:31,21740,walleye pollock,151,610,1466,NA,2,NA,NA,NA,NA,NA
-24926,162,202502,57,70,70,2025,62.66008,-168.899065,8/13/2025 13:31,21740,walleye pollock,152,120,10,NA,3,NA,NA,NA,NA,NA
-24927,162,202502,58,70,70,2025,62.335865,-168.872135,8/13/2025 16:09,21740,walleye pollock,153,610,1300,NA,2,NA,NA,NA,NA,NA
-24927,162,202502,58,70,70,2025,62.335865,-168.872135,8/13/2025 16:09,21740,walleye pollock,154,570,1181,NA,2,NA,NA,NA,NA,NA
-24927,162,202502,58,70,70,2025,62.335865,-168.872135,8/13/2025 16:09,21740,walleye pollock,155,580,1191,NA,2,NA,NA,NA,NA,NA
-24927,162,202502,58,70,70,2025,62.335865,-168.872135,8/13/2025 16:09,21740,walleye pollock,156,120,10,NA,3,NA,NA,NA,NA,NA
-24932,162,202502,59,70,70,2025,62.330285,-168.15025,8/14/2025 7:38,21740,walleye pollock,157,610,1469,NA,2,NA,NA,NA,NA,NA
-24932,162,202502,59,70,70,2025,62.330285,-168.15025,8/14/2025 7:38,21740,walleye pollock,158,620,1336,NA,2,NA,NA,NA,NA,NA
-24932,162,202502,59,70,70,2025,62.330285,-168.15025,8/14/2025 7:38,21740,walleye pollock,159,650,2135,NA,2,NA,NA,NA,NA,NA
-24932,162,202502,59,70,70,2025,62.330285,-168.15025,8/14/2025 7:38,21740,walleye pollock,160,120,11,NA,3,NA,NA,NA,NA,NA
-24933,162,202502,60,70,70,2025,62.003825,-168.126385,8/14/2025 10:14,21740,walleye pollock,161,590,1511,NA,2,NA,NA,NA,NA,NA
-24933,162,202502,60,70,70,2025,62.003825,-168.126385,8/14/2025 10:14,21740,walleye pollock,162,550,1146,NA,1,NA,NA,NA,NA,NA
-24933,162,202502,60,70,70,2025,62.003825,-168.126385,8/14/2025 10:14,21740,walleye pollock,163,580,1238,NA,1,NA,NA,NA,NA,NA
-24933,162,202502,60,70,70,2025,62.003825,-168.126385,8/14/2025 10:14,21740,walleye pollock,164,90,4,NA,3,NA,NA,NA,NA,NA
-24934,162,202502,61,70,70,2025,61.98861,-167.417565,8/14/2025 13:12,21740,walleye pollock,165,130,11,NA,3,NA,NA,NA,NA,NA
-24934,162,202502,61,70,70,2025,61.98861,-167.417565,8/14/2025 13:12,21740,walleye pollock,166,610,1536,NA,1,NA,NA,NA,NA,NA
-24934,162,202502,61,70,70,2025,61.98861,-167.417565,8/14/2025 13:12,21740,walleye pollock,167,670,1955,NA,1,NA,NA,NA,NA,NA
-24934,162,202502,61,70,70,2025,61.98861,-167.417565,8/14/2025 13:12,21740,walleye pollock,168,620,1263,NA,1,NA,NA,NA,NA,NA
-24935,162,202502,62,70,70,2025,62.00387,-166.698595,8/14/2025 16:05,21740,walleye pollock,169,120,10,NA,3,NA,NA,NA,NA,NA
-24935,162,202502,62,70,70,2025,62.00387,-166.698595,8/14/2025 16:05,21740,walleye pollock,170,140,15,NA,3,NA,NA,NA,NA,NA
-24935,162,202502,62,70,70,2025,62.00387,-166.698595,8/14/2025 16:05,21740,walleye pollock,171,130,12,NA,3,NA,NA,NA,NA,NA
-24940,162,202502,63,70,70,2025,61.655835,-166.73387,8/15/2025 7:34,21740,walleye pollock,172,130,13,NA,3,NA,NA,NA,NA,NA
-24941,162,202502,64,70,70,2025,61.66631,-167.397825,8/15/2025 10:25,21740,walleye pollock,173,660,2527,NA,2,NA,NA,NA,NA,NA
-24941,162,202502,64,70,70,2025,61.66631,-167.397825,8/15/2025 10:25,21740,walleye pollock,174,570,803,NA,2,NA,NA,NA,NA,NA
-24941,162,202502,64,70,70,2025,61.66631,-167.397825,8/15/2025 10:25,21740,walleye pollock,175,660,1792,NA,2,NA,NA,NA,NA,NA
-24941,162,202502,64,70,70,2025,61.66631,-167.397825,8/15/2025 10:25,21740,walleye pollock,176,140,22,NA,3,NA,NA,NA,NA,NA
-24942,162,202502,65,70,70,2025,61.68055,-168.09182,8/15/2025 13:25,21740,walleye pollock,177,660,2044,NA,2,NA,NA,NA,NA,NA
-24942,162,202502,65,70,70,2025,61.68055,-168.09182,8/15/2025 13:25,21740,walleye pollock,178,730,2534,NA,2,NA,NA,NA,NA,NA
-24942,162,202502,65,70,70,2025,61.68055,-168.09182,8/15/2025 13:25,21740,walleye pollock,179,640,1495,NA,2,NA,NA,NA,NA,NA
-24942,162,202502,65,70,70,2025,61.68055,-168.09182,8/15/2025 13:25,21740,walleye pollock,180,120,9,NA,3,NA,NA,NA,NA,NA
-24943,162,202502,66,70,70,2025,61.336725,-168.76633,8/15/2025 17:18,21740,walleye pollock,181,580,1452,NA,1,NA,NA,NA,NA,NA
-24943,162,202502,66,70,70,2025,61.336725,-168.76633,8/15/2025 17:18,21740,walleye pollock,182,610,1420,NA,2,NA,NA,NA,NA,NA
-24943,162,202502,66,70,70,2025,61.336725,-168.76633,8/15/2025 17:18,21740,walleye pollock,183,550,1112,NA,2,NA,NA,NA,NA,NA
-24943,162,202502,66,70,70,2025,61.336725,-168.76633,8/15/2025 17:18,21740,walleye pollock,184,140,19,NA,3,NA,NA,NA,NA,NA
-24948,162,202502,67,70,70,2025,61.33891,-168.068,8/16/2025 7:34,21740,walleye pollock,185,530,926,NA,2,NA,NA,NA,NA,NA
-24948,162,202502,67,70,70,2025,61.33891,-168.068,8/16/2025 7:34,21740,walleye pollock,186,640,1732,NA,2,NA,NA,NA,NA,NA
-24948,162,202502,67,70,70,2025,61.33891,-168.068,8/16/2025 7:34,21740,walleye pollock,187,610,1675,NA,2,NA,NA,NA,NA,NA
-24948,162,202502,67,70,70,2025,61.33891,-168.068,8/16/2025 7:34,21740,walleye pollock,188,140,15,NA,3,NA,NA,NA,NA,NA
-24950,162,202502,69,70,70,2025,60.999605,-169.42391,8/16/2025 14:41,21740,walleye pollock,189,530,1026,NA,1,NA,NA,NA,NA,NA
-24950,162,202502,69,70,70,2025,60.999605,-169.42391,8/16/2025 14:41,21740,walleye pollock,190,540,946,NA,1,NA,NA,NA,NA,NA
-24950,162,202502,69,70,70,2025,60.999605,-169.42391,8/16/2025 14:41,21740,walleye pollock,191,530,981,NA,1,NA,NA,NA,NA,NA
-24951,162,202502,70,70,70,2025,60.99577,-168.712895,8/16/2025 17:20,21740,walleye pollock,192,600,1435,NA,2,NA,NA,NA,NA,NA
-24951,162,202502,70,70,70,2025,60.99577,-168.712895,8/16/2025 17:20,21740,walleye pollock,193,570,1252,NA,2,NA,NA,NA,NA,NA
-24951,162,202502,70,70,70,2025,60.99577,-168.712895,8/16/2025 17:20,21740,walleye pollock,194,550,1232,NA,1,NA,NA,NA,NA,NA
-24951,162,202502,70,70,70,2025,60.99577,-168.712895,8/16/2025 17:20,21740,walleye pollock,195,140,17,NA,3,NA,NA,NA,NA,NA
-24954,162,202502,71,70,70,2025,61.028445,-168.05947,8/17/2025 8:08,21740,walleye pollock,196,590,1191,NA,1,NA,NA,NA,NA,NA
-24954,162,202502,71,70,70,2025,61.028445,-168.05947,8/17/2025 8:08,21740,walleye pollock,197,650,1823,NA,1,NA,NA,NA,NA,NA
-24954,162,202502,71,70,70,2025,61.028445,-168.05947,8/17/2025 8:08,21740,walleye pollock,198,600,1505,NA,1,NA,NA,NA,NA,NA
-24954,162,202502,71,70,70,2025,61.028445,-168.05947,8/17/2025 8:08,21740,walleye pollock,199,130,15,NA,3,NA,NA,NA,NA,NA
-24955,162,202502,72,70,70,2025,60.667425,-168.686245,8/17/2025 11:40,21740,walleye pollock,200,640,1782,NA,2,NA,NA,NA,NA,NA
-24955,162,202502,72,70,70,2025,60.667425,-168.686245,8/17/2025 11:40,21740,walleye pollock,201,610,1756,NA,1,NA,NA,NA,NA,NA
-24955,162,202502,72,70,70,2025,60.667425,-168.686245,8/17/2025 11:40,21740,walleye pollock,202,520,965,NA,1,NA,NA,NA,NA,NA
-24955,162,202502,72,70,70,2025,60.667425,-168.686245,8/17/2025 11:40,21740,walleye pollock,NA,NA,NA,NA,NA,R-18,325.0732545,35,803.3868033,0.043565565
-24954,162,202502,71,70,70,2025,61.028445,-168.05947,8/17/2025 8:08,21740,walleye pollock,NA,NA,NA,NA,NA,S-01,483.8669369,170,3766.36352,0.045136376
-24953,134,202502,69,70,70,2025,60.676995,-169.372645,8/17/2025 11:17,21740,walleye pollock,NA,NA,NA,NA,NA,R-19,11651.38226,459,10766.64115,0.04263168
-24952,134,202502,68,70,70,2025,60.668445,-170.080695,8/17/2025 8:23,21740,walleye pollock,NA,NA,NA,NA,NA,R-20,26718.80217,1386,31267.76578,0.0443268
-24951,162,202502,70,70,70,2025,60.99577,-168.712895,8/16/2025 17:20,21740,walleye pollock,NA,NA,NA,NA,NA,S-18,4700.094087,830,17190.28837,0.048283076
-24950,162,202502,69,70,70,2025,60.999605,-169.42391,8/16/2025 14:41,21740,walleye pollock,NA,NA,NA,NA,NA,S-19,13306.97284,527,11183.00774,0.047125068
-24948,162,202502,67,70,70,2025,61.33891,-168.068,8/16/2025 7:34,21740,walleye pollock,NA,NA,NA,NA,NA,T-01,254.3676134,144,3370.347472,0.042725565
-24947,134,202502,67,81,81,2025,60.66237,-170.746595,8/16/2025 16:39,21740,walleye pollock,NA,NA,NA,NA,NA,R-21,98461.83839,7246,138602.241,0.052279097
-24946,134,202502,66,81,81,2025,60.993765,-170.787825,8/16/2025 13:47,21740,walleye pollock,NA,NA,NA,NA,NA,S-21,17741.79202,803,18870.1969,0.042553875
-24945,134,202502,65,70,70,2025,61.003515,-170.109185,8/16/2025 10:53,21740,walleye pollock,NA,NA,NA,NA,NA,S-20,12300.36849,487,11300.55907,0.043095213
-24944,134,202502,64,70,70,2025,61.32719,-170.177555,8/16/2025 8:08,21740,walleye pollock,NA,NA,NA,NA,NA,T-20,8909.703007,403,8691.32011,0.0463681
-24943,162,202502,66,70,70,2025,61.336725,-168.76633,8/15/2025 17:18,21740,walleye pollock,NA,NA,NA,NA,NA,T-18,7490.896635,232,5579.058945,0.041584074
-24942,162,202502,65,70,70,2025,61.68055,-168.09182,8/15/2025 13:25,21740,walleye pollock,NA,NA,NA,NA,NA,U-01,1042.495211,89,2051.611397,0.043380535
-24941,162,202502,64,70,70,2025,61.66631,-167.397825,8/15/2025 10:25,21740,walleye pollock,NA,NA,NA,NA,NA,U-02,798.2166388,1611,37288.37804,0.04320381
-24940,162,202502,63,70,70,2025,61.655835,-166.73387,8/15/2025 7:34,21740,walleye pollock,NA,NA,NA,NA,NA,U-03,153.1567109,328,8207.057865,0.039965601
-24939,134,202502,63,81,81,2025,61.334125,-170.838525,8/15/2025 16:21,21740,walleye pollock,NA,NA,NA,NA,NA,T-21,6752.44294,286,6689.941112,0.04275075
-24938,134,202502,62,81,81,2025,61.66572,-170.908655,8/15/2025 13:38,21740,walleye pollock,NA,NA,NA,NA,NA,U-21,2129.820097,164,3486.872669,0.04703355
-24937,134,202502,61,70,70,2025,61.99383,-170.97078,8/15/2025 10:50,21740,walleye pollock,NA,NA,NA,NA,NA,V-21,2318.164455,122,2805.687082,0.04348311
-24936,134,202502,60,70,70,2025,62.003565,-171.63108,8/15/2025 8:06,21740,walleye pollock,NA,NA,NA,NA,NA,V-22,1940.6534,280,6400.798088,0.043744545
-24935,162,202502,62,70,70,2025,62.00387,-166.698595,8/14/2025 16:05,21740,walleye pollock,NA,NA,NA,NA,NA,V-03,185.5697975,502,12945.53062,0.038777862
-24934,162,202502,61,70,70,2025,61.98861,-167.417565,8/14/2025 13:12,21740,walleye pollock,NA,NA,NA,NA,NA,V-02,628.2142006,676,15394.50444,0.043911774
-24933,162,202502,60,70,70,2025,62.003825,-168.126385,8/14/2025 10:14,21740,walleye pollock,NA,NA,NA,NA,NA,V-01,1282.115393,115,2637.955919,0.04359436
-24932,162,202502,59,70,70,2025,62.330285,-168.15025,8/14/2025 7:38,21740,walleye pollock,NA,NA,NA,NA,NA,W-01,2820.725682,126,2960.33114,0.042562806
-24931,134,202502,59,70,70,2025,62.3312,-170.2849,8/14/2025 16:25,21740,walleye pollock,NA,NA,NA,NA,NA,W-20,3049.60025,190,4828.694686,0.039348108
-24930,134,202502,58,70,70,2025,62.34269,-171.02377,8/14/2025 13:49,21740,walleye pollock,NA,NA,NA,NA,NA,W-21,1281.213874,67,1505.433604,0.04450545
-24929,134,202502,57,81,81,2025,62.337195,-171.731475,8/14/2025 11:14,21740,walleye pollock,NA,NA,NA,NA,NA,W-22,1510.968138,59,1401.067457,0.042110749
-24928,134,202502,56,81,81,2025,62.3331,-172.403725,8/14/2025 8:06,21740,walleye pollock,NA,NA,NA,NA,NA,W-23,1652.199747,121,2992.712226,0.040431552
-24927,162,202502,58,70,70,2025,62.335865,-168.872135,8/13/2025 16:09,21740,walleye pollock,NA,NA,NA,NA,NA,W-18,2732.054264,112,2546.415991,0.043983387
-24926,162,202502,57,70,70,2025,62.66008,-168.899065,8/13/2025 13:31,21740,walleye pollock,NA,NA,NA,NA,NA,X-18,3970.898188,181,4187.78374,0.043220952
-24925,162,202502,56,70,70,2025,62.871045,-168.82967,8/13/2025 11:33,21740,walleye pollock,NA,NA,NA,NA,NA,Y-18,91.17221755,47,1052.848704,0.044640792
-24924,162,202502,55,70,70,2025,63.001025,-168.214255,8/13/2025 7:42,21740,walleye pollock,NA,NA,NA,NA,NA,Y-01,1659.349395,54,1286.797647,0.04196464
-24923,134,202502,55,81,81,2025,62.66599,-172.463955,8/13/2025 17:10,21740,walleye pollock,NA,NA,NA,NA,NA,X-23,2287.694979,205,4956.430677,0.041360409
-24922,134,202502,54,70,70,2025,62.66747,-171.820455,8/13/2025 14:35,21740,walleye pollock,NA,NA,NA,NA,NA,X-22,3380.221538,121,2974.703125,0.040676328
-24921,134,202502,53,70,70,2025,62.67005,-171.07992,8/13/2025 11:02,21740,walleye pollock,NA,NA,NA,NA,NA,X-21,1022.701769,45,969.2222401,0.04642898
-24920,134,202502,52,70,70,2025,62.666685,-170.365395,8/13/2025 7:56,21740,walleye pollock,NA,NA,NA,NA,NA,X-20,1780.002633,104,2179.860271,0.04770948
-24919,162,202502,54,71,71,2025,63.35361,-168.27474,8/12/2025 17:52,21740,walleye pollock,NA,NA,NA,NA,NA,ZZ-01,815.208522,24,556.3455663,0.043138656
-24918,162,202502,53,71,71,2025,63.6723,-169.01189,8/12/2025 14:20,21740,walleye pollock,NA,NA,NA,NA,NA,AA-18,228.7607887,70,1662.505731,0.042105118
-24917,162,202502,52,71,71,2025,63.66456,-169.752935,8/12/2025 11:31,21740,walleye pollock,NA,NA,NA,NA,NA,AA-19,9.292905709,33,798.6090843,0.041321844
-24916,162,202502,51,71,71,2025,63.990625,-170.55593,8/12/2025 7:43,21740,walleye pollock,NA,NA,NA,NA,NA,BB-20,0,0,0,0.038387505
-24915,134,202502,51,70,70,2025,62.669035,-169.64025,8/12/2025 16:19,21740,walleye pollock,NA,NA,NA,NA,NA,X-19,1478.968214,57,1433.8156,0.039754066
-24914,134,202502,50,70,70,2025,62.95024,-170.489205,8/12/2025 12:40,21740,walleye pollock,NA,NA,NA,NA,NA,Y-20,11949.68631,405,9399.370261,0.043087993
-24913,134,202502,49,70,70,2025,63.000405,-171.124265,8/12/2025 10:05,21740,walleye pollock,NA,NA,NA,NA,NA,Y-21,4040.06194,133,3086.071413,0.043096864
-24912,134,202502,48,70,70,2025,63.203655,-171.16944,8/12/2025 8:06,21740,walleye pollock,NA,NA,NA,NA,NA,ZZ-21,168.2501081,3,162.0386274,0.018514104
-24911,162,202502,50,71,71,2025,64.325425,-170.593555,8/10/2025 16:01,21740,walleye pollock,NA,NA,NA,NA,NA,CC-20,0,0,0,0.040920338
-24910,162,202502,49,71,71,2025,64.306655,-169.825655,8/10/2025 12:59,21740,walleye pollock,NA,NA,NA,NA,NA,CC-19,24.21940906,2,49.42736544,0.040463415
-24909,162,202502,48,71,71,2025,63.98537,-169.781615,8/10/2025 10:23,21740,walleye pollock,NA,NA,NA,NA,NA,BB-19,0,0,0,0.041610187
-24908,162,202502,47,71,71,2025,64.005005,-169.0522,8/10/2025 7:36,21740,walleye pollock,NA,NA,NA,NA,NA,BB-18,0.402804527,2,50.35056581,0.0397215
-24907,134,202502,47,70,70,2025,63.24507,-172.010785,8/10/2025 16:41,21740,walleye pollock,NA,NA,NA,NA,NA,ZZ-22,1101.71376,185,4071.5365,0.045437392
-24906,134,202502,46,70,70,2025,63.016155,-171.8951,8/10/2025 14:19,21740,walleye pollock,NA,NA,NA,NA,NA,Y-22,1085.916755,124,2973.143689,0.041706696
-24905,134,202502,45,81,81,2025,63.01589,-172.607925,8/10/2025 11:32,21740,walleye pollock,NA,NA,NA,NA,NA,Y-23,474.4139434,148,3543.261184,0.04176943
-24904,134,202502,44,81,81,2025,62.668485,-173.180835,8/10/2025 8:11,21740,walleye pollock,NA,NA,NA,NA,NA,X-24,381.5335018,30,768.5493222,0.03903458
-24903,162,202502,46,71,71,2025,64.316175,-169.123,8/9/2025 18:52,21740,walleye pollock,NA,NA,NA,NA,NA,CC-18,193.7536739,6,127.1210545,0.047199105
-24902,162,202502,45,71,71,2025,64.331595,-168.330255,8/9/2025 14:56,21740,walleye pollock,NA,NA,NA,NA,NA,CC-01,2392.840582,60,1431.738434,0.041907096
-24901,162,202502,44,71,71,2025,64.009465,-168.291745,8/9/2025 11:16,21740,walleye pollock,NA,NA,NA,NA,NA,BB-01,1654.239193,186,4297.685419,0.04327911
-24900,162,202502,43,71,71,2025,63.675475,-168.266635,8/9/2025 7:38,21740,walleye pollock,NA,NA,NA,NA,NA,AA-01,312.7149831,9,201.8094685,0.04459652
-24899,134,202502,43,81,81,2025,62.333705,-173.14897,8/9/2025 16:21,21740,walleye pollock,NA,NA,NA,NA,NA,W-24,913.1893911,81,1634.659463,0.049551605
-24898,134,202502,42,81,81,2025,62.33217,-173.827395,8/9/2025 13:44,21740,walleye pollock,NA,NA,NA,NA,NA,W-25,3198.69357,279,6133.619516,0.045487008
-24897,134,202502,41,81,81,2025,62.331385,-174.558845,8/9/2025 10:57,21740,walleye pollock,NA,NA,NA,NA,NA,W-26,1615.784995,113,2524.908445,0.044754098
-24896,134,202502,40,81,81,2025,62.334525,-175.273895,8/9/2025 8:08,21740,walleye pollock,NA,NA,NA,NA,NA,W-27,1370.507498,90,1682.935039,0.053478
-24895,162,202502,42,71,71,2025,63.664065,-167.532885,8/8/2025 17:17,21740,walleye pollock,NA,NA,NA,NA,NA,AA-02,1050.864483,28,632.2347554,0.044287347
-24894,162,202502,41,71,71,2025,64.029825,-167.567285,8/8/2025 14:29,21740,walleye pollock,NA,NA,NA,NA,NA,BB-02,278.1749276,8,181.3987138,0.044101746
-24893,162,202502,40,71,71,2025,64.33837,-167.576135,8/8/2025 11:53,21740,walleye pollock,NA,NA,NA,NA,NA,CC-02,1.086912074,3,72.46080492,0.041401693
-24892,162,202502,39,71,71,2025,64.337765,-166.830945,8/8/2025 7:37,21740,walleye pollock,NA,NA,NA,NA,NA,CC-03,125.0717333,299,6650.622133,0.0449582
-24891,134,202502,39,81,81,2025,62.655045,-174.66067,8/8/2025 16:04,21740,walleye pollock,NA,NA,NA,NA,NA,X-26,3528.686772,222,4673.617894,0.047500674
-24890,134,202502,38,81,81,2025,62.65908,-173.97452,8/8/2025 13:22,21740,walleye pollock,NA,NA,NA,NA,NA,X-25,1181.866143,67,1280.896661,0.052307108
-24889,134,202502,37,81,81,2025,62.990745,-174.017025,8/8/2025 10:33,21740,walleye pollock,NA,NA,NA,NA,NA,Y-25,1494.249768,89,1638.169391,0.054328936
-24888,134,202502,36,81,81,2025,63.00058,-173.296825,8/8/2025 7:55,21740,walleye pollock,NA,NA,NA,NA,NA,Y-24,1474.928328,40,1562.465455,0.025600566
-24887,162,202502,38,71,71,2025,64.001145,-166.81084,8/7/2025 18:18,21740,walleye pollock,NA,NA,NA,NA,NA,BB-03,693.9809651,14,318.7576611,0.043920513
-24886,162,202502,37,71,71,2025,63.668625,-166.781755,8/7/2025 15:31,21740,walleye pollock,NA,NA,NA,NA,NA,AA-03,366.105243,10,227.9751186,0.043864436
-24885,162,202502,36,71,71,2025,63.676605,-166.06485,8/7/2025 12:39,21740,walleye pollock,NA,NA,NA,NA,NA,AA-04,343.5427495,10,219.5021082,0.045557649
-24883,162,202502,34,71,71,2025,63.999825,-166.047145,8/7/2025 7:36,21740,walleye pollock,NA,NA,NA,NA,NA,BB-04,203.7999543,38,749.2645377,0.0507164
-24882,134,202502,35,81,81,2025,63.339,-173.37675,8/7/2025 16:01,21740,walleye pollock,NA,NA,NA,NA,NA,ZZ-24,3048.231038,261,5864.272821,0.044506797
-24881,134,202502,34,81,81,2025,63.328585,-172.683035,8/7/2025 13:23,21740,walleye pollock,NA,NA,NA,NA,NA,ZZ-23,1327.354801,62,1344.354379,0.046118792
-24880,134,202502,33,81,81,2025,63.66601,-172.708765,8/7/2025 10:25,21740,walleye pollock,NA,NA,NA,NA,NA,AA-23,7106.815095,299,6526.622376,0.045812364
-24879,134,202502,32,70,70,2025,63.532495,-171.997175,8/7/2025 7:37,21740,walleye pollock,NA,NA,NA,NA,NA,AA-22,2181.457159,85,1887.477056,0.04503366
-24878,162,202502,33,71,71,2025,63.999535,-165.308255,8/6/2025 16:30,21740,walleye pollock,NA,NA,NA,NA,NA,BB-05,188.4744702,85,2098.000258,0.040514771
-24877,162,202502,32,71,71,2025,63.66277,-165.30376,8/6/2025 13:54,21740,walleye pollock,NA,NA,NA,NA,NA,AA-05,9.07361338,30,845.3677062,0.035487516
-24876,162,202502,31,71,71,2025,63.33647,-165.306415,8/6/2025 11:10,21740,walleye pollock,NA,NA,NA,NA,NA,ZZ-05,33.76565615,107,2827.01503,0.037849109
-24875,162,202502,30,71,71,2025,63.665845,-164.56358,8/6/2025 7:35,21740,walleye pollock,NA,NA,NA,NA,NA,AA-06,1.030785923,4,89.63355852,0.044626143
-24874,134,202502,31,71,71,2025,63.699575,-171.03617,8/6/2025 16:12,21740,walleye pollock,NA,NA,NA,NA,NA,AA-21,0.939877333,3,148.4016842,0.020215404
-24873,134,202502,30,71,71,2025,63.994965,-171.328945,8/6/2025 13:29,21740,walleye pollock,NA,NA,NA,NA,NA,BB-21,130.4497428,3,94.52879914,0.03173636
-24872,134,202502,29,71,71,2025,64.01314,-171.79293,8/6/2025 10:36,21740,walleye pollock,NA,NA,NA,NA,NA,BB-22,12154.46238,416,9591.70244,0.04337082
-24871,134,202502,28,71,71,2025,64.241165,-171.083035,8/6/2025 7:21,21740,walleye pollock,NA,NA,NA,NA,NA,CC-21,875.9307824,38,906.8347563,0.041903996
-24870,162,202502,29,71,71,2025,64.000455,-164.570405,8/5/2025 16:01,21740,walleye pollock,NA,NA,NA,NA,NA,BB-06,93.64967083,36,828.5544728,0.043449165
-24869,162,202502,28,71,71,2025,64.0019,-163.774825,8/5/2025 13:15,21740,walleye pollock,NA,NA,NA,NA,NA,BB-07,0,0,0,0.039177465
-24868,162,202502,27,71,71,2025,63.66738,-163.815605,8/5/2025 10:22,21740,walleye pollock,NA,NA,NA,NA,NA,AA-07,4.637832438,16,412.2517723,0.038811234
-24867,162,202502,26,71,71,2025,63.66739,-163.065275,8/5/2025 7:40,21740,walleye pollock,NA,NA,NA,NA,NA,AA-08,0.592134169,3,65.79268541,0.045597774
-24866,134,202502,27,71,71,2025,64.64311,-170.619415,8/5/2025 16:22,21740,walleye pollock,NA,NA,NA,NA,NA,DD-20,121.662867,7,160.7778118,0.043538346
-24865,134,202502,26,71,71,2025,64.65416,-169.901115,8/5/2025 13:45,21740,walleye pollock,NA,NA,NA,NA,NA,DD-19,459.7186221,15,332.0067083,0.04517981
-24864,134,202502,25,71,71,2025,64.959485,-169.85947,8/5/2025 11:15,21740,walleye pollock,NA,NA,NA,NA,NA,EE-19,3703.529495,115,2632.200858,0.043689675
-24863,134,202502,24,71,71,2025,65.227095,-168.89809,8/5/2025 7:22,21740,walleye pollock,NA,NA,NA,NA,NA,FF-18,13231.00199,421,9295.062052,0.045292866
-24862,134,202502,23,71,71,2025,65.0165,-169.117765,8/4/2025 16:08,21740,walleye pollock,NA,NA,NA,NA,NA,EE-18,16468.67145,564,11832.13275,0.047666808
-24861,134,202502,22,71,71,2025,64.685905,-169.14595,8/4/2025 13:31,21740,walleye pollock,NA,NA,NA,NA,NA,DD-18,615.8760841,17,364.449089,0.046645747
-24860,134,202502,21,71,71,2025,64.668805,-168.36763,8/4/2025 10:35,21740,walleye pollock,NA,NA,NA,NA,NA,DD-01,974.5573622,40,961.6472479,0.041595294
-24859,134,202502,20,71,71,2025,64.997205,-168.356555,8/4/2025 7:25,21740,walleye pollock,NA,NA,NA,NA,NA,EE-01,3602.007125,219,4735.784117,0.046243662
-24858,162,202502,25,71,71,2025,63.999685,-163.06391,8/4/2025 15:57,21740,walleye pollock,NA,NA,NA,NA,NA,BB-08,0.413537023,2,48.65141442,0.041108774
-24857,162,202502,24,71,71,2025,63.998895,-162.3131,8/4/2025 13:10,21740,walleye pollock,NA,NA,NA,NA,NA,BB-09,0,0,0,0.02818782
-24856,162,202502,23,71,71,2025,63.99721,-161.52765,8/4/2025 10:20,21740,walleye pollock,NA,NA,NA,NA,NA,BB-10,0,0,0,0.038949118
-24855,162,202502,22,71,71,2025,64.31838,-161.571955,8/4/2025 7:38,21740,walleye pollock,NA,NA,NA,NA,NA,CC-10,0,0,0,0.037162736
-24854,134,202502,19,71,71,2025,65.338795,-168.395395,8/3/2025 15:40,21740,walleye pollock,NA,NA,NA,NA,NA,FF-01,1160.30689,35,770.748551,0.0454104
-24853,134,202502,18,71,71,2025,65.305375,-167.67873,8/3/2025 12:02,21740,walleye pollock,NA,NA,NA,NA,NA,FF-02,4.382851395,27,629.452062,0.04289445
-24852,134,202502,17,71,71,2025,65.02203,-167.65481,8/3/2025 9:51,21740,walleye pollock,NA,NA,NA,NA,NA,EE-02,0,0,0,0.04582607
-24851,134,202502,16,71,71,2025,64.69391,-167.60511,8/3/2025 7:19,21740,walleye pollock,NA,NA,NA,NA,NA,DD-02,142.8540685,5,102.477811,0.04879105
-24850,162,202502,21,71,71,2025,64.33126,-162.270835,8/3/2025 16:29,21740,walleye pollock,NA,NA,NA,NA,NA,CC-09,0,0,0,0.039140352
-24849,162,202502,20,71,71,2025,64.251405,-163.15037,8/3/2025 13:22,21740,walleye pollock,NA,NA,NA,NA,NA,CC-08,0.530378408,2,50.51222936,0.039594372
-24848,162,202502,19,71,71,2025,64.338635,-163.7891,8/3/2025 10:48,21740,walleye pollock,NA,NA,NA,NA,NA,CC-07,0.919411241,4,105.0755704,0.03806784
-24845,162,202502,16,71,71,2025,64.323155,-164.56156,8/2/2025 17:23,21740,walleye pollock,NA,NA,NA,NA,NA,CC-06,3.563017499,15,407.979103,0.036766589
-24844,162,202502,15,71,71,2025,64.32543,-165.311355,8/2/2025 14:39,21740,walleye pollock,NA,NA,NA,NA,NA,CC-05,25.9598243,103,2629.16608,0.03917592
-24843,162,202502,14,71,71,2025,64.330365,-166.05457,8/2/2025 11:51,21740,walleye pollock,NA,NA,NA,NA,NA,CC-04,641.6270204,218,5252.917622,0.041500746
-24842,134,202502,15,71,71,2025,64.663575,-166.823615,8/2/2025 12:46,21740,walleye pollock,NA,NA,NA,NA,NA,DD-03,1508.546916,7068,156487.1669,0.045166643
-24837,162,202502,13,70,70,2025,63.002375,-166.050525,7/30/2025 10:38,21740,walleye pollock,NA,NA,NA,NA,NA,Y-04,80.1344605,140,3859.244744,0.036276528
-24836,162,202502,12,70,70,2025,63.005375,-166.73155,7/30/2025 8:04,21740,walleye pollock,NA,NA,NA,NA,NA,Y-03,66.26088951,83,1905.631957,0.043555105
-24835,134,202502,14,71,71,2025,63.333165,-166.04532,7/30/2025 10:21,21740,walleye pollock,NA,NA,NA,NA,NA,ZZ-04,194.0188393,145,4198.91518,0.034532729
-24834,134,202502,13,71,71,2025,63.335755,-166.72391,7/30/2025 7:50,21740,walleye pollock,NA,NA,NA,NA,NA,ZZ-03,213.6587411,98,2262.649301,0.043312059
-24829,162,202502,11,70,70,2025,62.63132,-166.751575,7/29/2025 13:47,21740,walleye pollock,NA,NA,NA,NA,NA,X-03,68.10629973,68,1607.507248,0.04230152
-24828,162,202502,10,70,70,2025,62.32092,-166.729565,7/29/2025 11:08,21740,walleye pollock,NA,NA,NA,NA,NA,W-03,116.4501515,286,6741.850876,0.042421585
-24827,162,202502,9,70,70,2025,62.336855,-167.482055,7/29/2025 8:08,21740,walleye pollock,NA,NA,NA,NA,NA,W-02,1846.406451,51,1168.553671,0.043643695
-24826,134,202502,12,71,71,2025,63.33477,-167.502915,7/29/2025 16:01,21740,walleye pollock,NA,NA,NA,NA,NA,ZZ-02,305.128796,29,709.4311781,0.04087782
-24825,134,202502,11,70,70,2025,62.9992,-167.482925,7/29/2025 13:21,21740,walleye pollock,NA,NA,NA,NA,NA,Y-02,494.4545674,198,5193.740284,0.038122815
-24824,134,202502,10,70,70,2025,62.67492,-167.467735,7/29/2025 10:45,21740,walleye pollock,NA,NA,NA,NA,NA,X-02,257.751543,83,2088.381303,0.0397437
-24823,134,202502,9,70,70,2025,62.661645,-168.20034,7/29/2025 7:50,21740,walleye pollock,NA,NA,NA,NA,NA,X-01,723.1882972,41,989.7429797,0.041424896
-24816,162,202502,8,70,70,2025,61.985225,-168.844215,7/28/2025 16:28,21740,walleye pollock,NA,NA,NA,NA,NA,V-18,624.9830758,52,1240.613832,0.041914735
-24815,162,202502,7,70,70,2025,61.6647,-168.817745,7/28/2025 13:35,21740,walleye pollock,NA,NA,NA,NA,NA,U-18,1422.961454,72,1676.67498,0.042942133
-24814,162,202502,6,70,70,2025,61.663305,-169.49351,7/28/2025 11:03,21740,walleye pollock,NA,NA,NA,NA,NA,U-19,160.0996979,23,535.8400833,0.042923254
-24813,162,202502,5,70,70,2025,61.32906,-169.46402,7/28/2025 8:06,21740,walleye pollock,NA,NA,NA,NA,NA,T-19,5134.742512,178,4332.294483,0.041086773
-24808,134,202502,8,70,70,2025,62.314935,-169.55421,7/28/2025 16:00,21740,walleye pollock,NA,NA,NA,NA,NA,W-19,393.60102,46,1087.491556,0.042299179
-24807,134,202502,7,70,70,2025,62.02468,-169.57123,7/28/2025 13:22,21740,walleye pollock,NA,NA,NA,NA,NA,V-19,1522.673528,214,4844.016336,0.044178216
-24806,134,202502,6,70,70,2025,62.00012,-170.25527,7/28/2025 10:38,21740,walleye pollock,NA,NA,NA,NA,NA,V-20,2161.643587,136,3040.632237,0.04472754
-24805,134,202502,5,70,70,2025,61.66155,-170.19268,7/28/2025 7:51,21740,walleye pollock,NA,NA,NA,NA,NA,U-20,1091.611083,86,1882.880787,0.045674692
-24804,162,202502,4,81,81,2025,61.336995,-171.538585,7/27/2025 16:30,21740,walleye pollock,NA,NA,NA,NA,NA,T-22,4257.744998,206,4337.890688,0.047488518
-24803,162,202502,3,81,81,2025,61.332595,-172.186995,7/27/2025 13:58,21740,walleye pollock,NA,NA,NA,NA,NA,T-23,3417.576122,187,3437.280747,0.05440347
-24802,162,202502,2,81,81,2025,61.34168,-172.925195,7/27/2025 11:04,21740,walleye pollock,NA,NA,NA,NA,NA,T-24,3884.741551,228,4454.508334,0.0511841
-24801,162,202502,1,81,81,2025,61.66009,-173.12051,7/27/2025 8:09,21740,walleye pollock,NA,NA,NA,NA,NA,U-24,4544.201513,247,4716.992392,0.052363875
-24800,134,202502,4,81,81,2025,61.665955,-171.59011,7/27/2025 16:34,21740,walleye pollock,NA,NA,NA,NA,NA,U-22,2794.066122,155,3813.736143,0.04064256
-24799,134,202502,3,81,81,2025,61.673935,-172.268045,7/27/2025 13:57,21740,walleye pollock,NA,NA,NA,NA,NA,U-23,670.1094773,57,1090.85364,0.052252656
-24798,134,202502,2,81,81,2025,61.99319,-172.369015,7/27/2025 11:10,21740,walleye pollock,NA,NA,NA,NA,NA,V-23,1051.523204,138,3090.015165,0.044659975
-24788,134,202502,1,81,81,2025,62.003165,-173.01432,7/27/2025 8:10,21740,walleye pollock,NA,NA,NA,NA,NA,V-24,785.0502924,87,1884.744617,0.0461601
-23126,162,202302,67,70,70,2023,60.67695,-169.368495,8/20/2023 10:57,21740,walleye pollock,NA,NA,NA,NA,NA,R-19,9153.777823,468,10191.33402,0.045921368
-23125,162,202302,66,70,70,2023,60.6709,-170.053705,8/20/2023 8:18,21740,walleye pollock,NA,NA,NA,NA,NA,R-20,15012.38676,907,20024.58144,0.04529433
-23124,162,202302,65,70,70,2023,61.02178,-168.73981,8/19/2023 18:04,21740,walleye pollock,NA,NA,NA,NA,NA,S-18,1084.968551,62,1443.551367,0.042949632
-23123,162,202302,64,70,70,2023,61.335715,-169.448875,8/19/2023 14:30,21740,walleye pollock,NA,NA,NA,NA,NA,T-19,7327.401992,362,8560.822611,0.042285656
-23122,162,202302,63,70,70,2023,61.334315,-170.173255,8/19/2023 11:43,21740,walleye pollock,NA,NA,NA,NA,NA,T-20,6422.877587,399,8652.662105,0.046112976
-23121,162,202302,62,81,81,2023,61.003975,-170.821735,8/19/2023 8:26,21740,walleye pollock,NA,NA,NA,NA,NA,S-21,5257.508306,321,7158.078493,0.044844437
-23120,134,202302,54,70,70,2023,60.67053,-168.69543,8/18/2023 10:55,21740,walleye pollock,NA,NA,NA,NA,NA,R-18,1038.825852,233,5030.267747,0.046319602
-23119,134,202302,53,70,70,2023,60.66684,-167.998665,8/18/2023 7:59,21740,walleye pollock,NA,NA,NA,NA,NA,R-01,25.52321676,22,449.2086149,0.048975018
-23118,134,202302,52,70,70,2023,60.672065,-167.33131,8/17/2023 13:31,21740,walleye pollock,NA,NA,NA,NA,NA,R-02,1.525293962,4,95.33087261,0.041959125
-23117,134,202302,51,70,70,2023,61.000775,-167.33965,8/17/2023 10:43,21740,walleye pollock,NA,NA,NA,NA,NA,S-02,100.3680005,293,6829.499335,0.04290212
-23116,134,202302,50,70,70,2023,61.33718,-167.37634,8/17/2023 7:58,21740,walleye pollock,NA,NA,NA,NA,NA,T-02,158.1232157,585,13757.00196,0.0425238
-23115,162,202302,61,81,81,2023,61.667885,-170.89998,8/18/2023 19:05,21740,walleye pollock,NA,NA,NA,NA,NA,U-21,4215.275585,265,5863.338285,0.045196096
-23114,162,202302,60,81,81,2023,61.653885,-171.581645,8/18/2023 16:27,21740,walleye pollock,NA,NA,NA,NA,NA,U-22,3973.94883,292,6387.578487,0.045713724
-23113,162,202302,59,81,81,2023,61.333615,-171.527505,8/18/2023 13:42,21740,walleye pollock,NA,NA,NA,NA,NA,T-22,7108.831354,392,8384.115156,0.046755083
-23112,162,202302,58,81,81,2023,61.333845,-172.26464,8/18/2023 11:00,21740,walleye pollock,NA,NA,NA,NA,NA,T-23,1125.763974,72,1401.947664,0.051357124
-23111,162,202302,57,81,81,2023,61.33713,-172.93205,8/18/2023 8:29,21740,walleye pollock,NA,NA,NA,NA,NA,T-24,2166.145387,145,3068.074717,0.047260909
-23110,162,202302,56,81,81,2023,62.006165,-173.052805,8/17/2023 17:13,21740,walleye pollock,NA,NA,NA,NA,NA,V-24,1155.498368,113,2313.4535,0.048844725
-23109,162,202302,55,81,81,2023,62.001605,-172.33696,8/17/2023 14:16,21740,walleye pollock,NA,NA,NA,NA,NA,V-23,2023.400474,168,3250.597941,0.051682799
-23108,162,202302,54,70,70,2023,62.002845,-171.61872,8/17/2023 11:15,21740,walleye pollock,NA,NA,NA,NA,NA,V-22,2468.876703,141,3051.950826,0.046199958
-23107,162,202302,53,70,70,2023,62.00501,-170.9444,8/17/2023 8:17,21740,walleye pollock,NA,NA,NA,NA,NA,V-21,2303.037348,137,2894.590161,0.047329671
-23106,162,202302,52,70,70,2023,62.000045,-170.261115,8/16/2023 18:26,21740,walleye pollock,NA,NA,NA,NA,NA,V-20,3251.114401,204,4447.727526,0.045866119
-23105,162,202302,51,70,70,2023,62.33869,-170.315925,8/16/2023 15:46,21740,walleye pollock,NA,NA,NA,NA,NA,W-20,4898.20492,223,5576.428681,0.039989752
-23104,162,202302,50,70,70,2023,62.331915,-171.05822,8/16/2023 13:10,21740,walleye pollock,NA,NA,NA,NA,NA,W-21,2451.821629,133,2879.147772,0.046194225
-23103,162,202302,49,81,81,2023,62.33095,-171.745325,8/16/2023 10:47,21740,walleye pollock,NA,NA,NA,NA,NA,W-22,1519.409621,92,2138.703873,0.043016708
-23102,162,202302,48,81,81,2023,62.332475,-172.420025,8/16/2023 8:21,21740,walleye pollock,NA,NA,NA,NA,NA,W-23,4503.94754,270,6168.601871,0.043770048
-23101,134,202302,49,70,70,2023,61.33398,-168.04926,8/16/2023 13:31,21740,walleye pollock,NA,NA,NA,NA,NA,T-01,44.78916628,17,365.3626808,0.046529109
-23100,134,202302,48,70,70,2023,61.33499,-168.77836,8/16/2023 10:52,21740,walleye pollock,NA,NA,NA,NA,NA,T-18,0.269818361,1,19.27274007,0.051886758
-23099,134,202302,47,70,70,2023,61.66776,-168.80278,8/16/2023 8:01,21740,walleye pollock,NA,NA,NA,NA,NA,U-18,1445.691647,180,3895.343039,0.046209024
-23098,162,202302,47,81,81,2023,62.66519,-172.5057,8/15/2023 15:28,21740,walleye pollock,NA,NA,NA,NA,NA,X-23,3490.494918,282,5621.984687,0.050160222
-23097,162,202302,46,81,81,2023,62.66809,-173.266645,8/15/2023 13:03,21740,walleye pollock,NA,NA,NA,NA,NA,X-24,655.9465419,168,7420.809363,0.02263904
-23096,134,202302,46,70,70,2023,61.664965,-167.418785,8/15/2023 13:18,21740,walleye pollock,NA,NA,NA,NA,NA,U-02,78.37446322,348,6961.284635,0.049990773
-23095,134,202302,45,70,70,2023,61.65765,-166.75407,8/15/2023 10:48,21740,walleye pollock,NA,NA,NA,NA,NA,U-03,2.029532128,9,281.0121408,0.032027086
-23094,134,202302,44,70,70,2023,61.332755,-166.74057,8/15/2023 7:53,21740,walleye pollock,NA,NA,NA,NA,NA,T-03,1.714403749,7,171.4403749,0.040830522
-23093,134,202302,43,70,70,2023,62.004165,-166.69662,8/14/2023 14:17,21740,walleye pollock,NA,NA,NA,NA,NA,V-03,0.595551905,3,68.71752753,0.043656984
-23092,134,202302,42,70,70,2023,62.331235,-166.720475,8/14/2023 11:32,21740,walleye pollock,NA,NA,NA,NA,NA,W-03,31.94647519,24,576.4777479,0.041632136
-23091,134,202302,41,70,70,2023,62.33305,-167.450805,8/14/2023 8:44,21740,walleye pollock,NA,NA,NA,NA,NA,W-02,272.203952,566,12129.3841,0.04666354
-23089,162,202302,45,81,81,2023,62.64986,-173.9089,8/14/2023 11:05,21740,walleye pollock,NA,NA,NA,NA,NA,X-25,593.9671064,81,1691.916431,0.047874705
-23088,162,202302,44,81,81,2023,62.9977,-174.01748,8/14/2023 8:23,21740,walleye pollock,NA,NA,NA,NA,NA,Y-25,1190.046446,241,4557.463746,0.052880289
-23087,162,202302,43,81,81,2023,63.339365,-173.382295,8/13/2023 18:12,21740,walleye pollock,NA,NA,NA,NA,NA,ZZ-24,1686.03621,98,2093.44654,0.046812755
-23086,162,202302,42,81,81,2023,63.325215,-172.58325,8/13/2023 15:29,21740,walleye pollock,NA,NA,NA,NA,NA,ZZ-23,752.9721689,50,1048.707756,0.047677725
-23085,162,202302,41,70,70,2023,62.98291,-171.796425,8/13/2023 10:53,21740,walleye pollock,NA,NA,NA,NA,NA,Y-22,4733.27829,277,5767.212485,0.048030136
-23084,162,202302,40,70,70,2023,62.99212,-171.129155,8/13/2023 8:05,21740,walleye pollock,NA,NA,NA,NA,NA,Y-21,7704.901596,461,10037.27181,0.045928815
-23083,134,202302,39,70,70,2023,61.99084,-168.8428,8/13/2023 14:04,21740,walleye pollock,NA,NA,NA,NA,NA,V-18,3485.868629,147,3196.847517,0.0459828
-23082,134,202302,38,70,70,2023,61.99784,-169.5559,8/13/2023 10:46,21740,walleye pollock,NA,NA,NA,NA,NA,V-19,5926.132427,333,7067.046621,0.047120108
-23081,134,202302,37,70,70,2023,62.329815,-169.596365,8/13/2023 7:55,21740,walleye pollock,NA,NA,NA,NA,NA,W-19,799.4752984,61,1273.18278,0.047911424
-23080,162,202302,39,70,70,2023,62.67057,-170.337955,8/12/2023 16:36,21740,walleye pollock,NA,NA,NA,NA,NA,X-20,2569.253195,129,2622.516713,0.049189391
-23079,162,202302,38,70,70,2023,62.672485,-169.580125,8/12/2023 13:47,21740,walleye pollock,NA,NA,NA,NA,NA,X-19,2074.435028,84,1987.732049,0.042259217
-23078,162,202302,37,70,70,2023,62.868295,-168.83146,8/12/2023 10:48,21740,walleye pollock,NA,NA,NA,NA,NA,Y-18,4573.617183,177,4031.605418,0.043903106
-23077,162,202302,36,70,70,2023,63.010525,-168.216655,8/12/2023 8:05,21740,walleye pollock,NA,NA,NA,NA,NA,Y-01,1291.44074,54,1441.042277,0.037472877
-23076,134,202302,36,70,70,2023,62.33088,-168.159735,8/12/2023 13:11,21740,walleye pollock,NA,NA,NA,NA,NA,W-01,902.3537585,956,21277.93876,0.044929164
-23075,134,202302,35,70,70,2023,62.663675,-168.17895,8/12/2023 10:33,21740,walleye pollock,NA,NA,NA,NA,NA,X-01,148.9320451,23,702.7979149,0.032726335
-23074,134,202302,34,70,70,2023,62.668125,-168.89322,8/12/2023 7:33,21740,walleye pollock,NA,NA,NA,NA,NA,X-18,619.5221723,35,821.9589094,0.042581204
-23072,162,202302,35,71,71,2023,63.685195,-168.2721,8/11/2023 17:00,21740,walleye pollock,NA,NA,NA,NA,NA,AA-01,2970.544381,96,2311.407896,0.041533128
-23071,162,202302,34,71,71,2023,64.012625,-168.303565,8/11/2023 14:31,21740,walleye pollock,NA,NA,NA,NA,NA,BB-01,460.7364019,13,310.3405816,0.041889462
-23070,162,202302,33,71,71,2023,64.326695,-168.33837,8/11/2023 12:09,21740,walleye pollock,NA,NA,NA,NA,NA,CC-01,1375.865983,40,1017.464214,0.039313422
-23069,162,202302,31,71,71,2023,64.343155,-167.564375,8/11/2023 8:04,21740,walleye pollock,NA,NA,NA,NA,NA,CC-02,95.0089095,155,3737.660145,0.041469795
-23068,134,202302,33,71,71,2023,63.34754,-168.26787,8/11/2023 15:55,21740,walleye pollock,NA,NA,NA,NA,NA,ZZ-01,719.5659049,45,1055.769994,0.04262292
-23067,134,202302,32,70,70,2023,62.994445,-167.448095,8/11/2023 11:51,21740,walleye pollock,NA,NA,NA,NA,NA,Y-02,691.707349,33,708.7605576,0.046560153
-23066,134,202302,31,70,70,2023,62.999425,-166.769245,8/11/2023 7:37,21740,walleye pollock,NA,NA,NA,NA,NA,Y-03,626.9214348,2103,45104.88462,0.046624662
-23065,162,202302,30,71,71,2023,64.335255,-166.830965,8/10/2023 18:02,21740,walleye pollock,NA,NA,NA,NA,NA,CC-03,179.4227309,346,8022.779128,0.0431272
-23064,162,202302,29,71,71,2023,64.687975,-166.861775,8/10/2023 14:49,21740,walleye pollock,NA,NA,NA,NA,NA,DD-03,429.694214,1537,36387.87917,0.04223934
-23063,162,202302,28,71,71,2023,64.66966,-167.623415,8/10/2023 12:07,21740,walleye pollock,NA,NA,NA,NA,NA,DD-02,604.4131447,1478,36028.33748,0.041023264
-23062,162,202302,27,71,71,2023,64.665385,-168.339855,8/10/2023 8:08,21740,walleye pollock,NA,NA,NA,NA,NA,DD-01,3739.655826,98,2439.663633,0.040169472
-23061,134,202302,30,71,71,2023,63.339575,-167.51748,8/10/2023 14:40,21740,walleye pollock,NA,NA,NA,NA,NA,ZZ-02,150.1818667,38,871.816519,0.043587153
-23060,134,202302,29,71,71,2023,63.332325,-166.76024,8/10/2023 11:32,21740,walleye pollock,NA,NA,NA,NA,NA,ZZ-03,104.6551972,NA,NA,0.04925699
-23059,134,202302,28,71,71,2023,63.66499,-166.779695,8/10/2023 7:34,21740,walleye pollock,NA,NA,NA,NA,NA,AA-03,250.6806225,495,10693.45985,0.046289976
-23058,162,202302,26,71,71,2023,64.998255,-168.35851,8/9/2023 17:16,21740,walleye pollock,NA,NA,NA,NA,NA,EE-01,3541.939092,110,2368.095621,0.046450827
-23057,162,202302,25,71,71,2023,65.00305,-167.634765,8/9/2023 14:25,21740,walleye pollock,NA,NA,NA,NA,NA,EE-02,15.07168243,54,1356.451419,0.039809756
-23056,162,202302,24,71,71,2023,65.309555,-167.671965,8/9/2023 11:14,21740,walleye pollock,NA,NA,NA,NA,NA,FF-02,76.92700177,223,5470.255547,0.04076592
-23055,162,202302,23,71,71,2023,65.334355,-168.380475,8/9/2023 8:06,21740,walleye pollock,NA,NA,NA,NA,NA,FF-01,2554.317659,63,1446.776104,0.043545093
-23053,162,202302,22,71,71,2023,65.22058,-168.89404,8/8/2023 18:23,21740,walleye pollock,NA,NA,NA,NA,NA,FF-18,6345.4298,95,4213.138321,0.022548512
-23052,162,202302,20,71,71,2023,65.00504,-169.124595,8/8/2023 13:58,21740,walleye pollock,NA,NA,NA,NA,NA,EE-18,10465.29953,374,8145.557896,0.045914596
-23051,162,202302,19,71,71,2023,64.97509,-169.874555,8/8/2023 11:26,21740,walleye pollock,NA,NA,NA,NA,NA,EE-19,2718.259702,127,2653.163194,0.047867391
-23050,162,202302,18,71,71,2023,64.648075,-170.61273,8/8/2023 8:09,21740,walleye pollock,NA,NA,NA,NA,NA,DD-20,207.3123786,18,397.6580152,0.045265025
-23049,162,202302,17,71,71,2023,64.238655,-171.08973,8/7/2023 19:53,21740,walleye pollock,NA,NA,NA,NA,NA,CC-21,3134.780302,159,3812.72618,0.041702444
-23048,162,202302,16,71,71,2023,64.335485,-170.5984,8/7/2023 16:38,21740,walleye pollock,NA,NA,NA,NA,NA,CC-20,1767.221568,61,1655.718432,0.036842013
-23047,162,202302,15,71,71,2023,64.33681,-169.844335,8/7/2023 13:58,21740,walleye pollock,NA,NA,NA,NA,NA,CC-19,0,0,0,0.043173944
-23046,162,202302,14,71,71,2023,64.65517,-169.907815,8/7/2023 11:20,21740,walleye pollock,NA,NA,NA,NA,NA,DD-19,2865.645501,131,2675.310438,0.04896628
-23045,162,202302,13,71,71,2023,64.667855,-169.14426,8/7/2023 8:08,21740,walleye pollock,NA,NA,NA,NA,NA,DD-18,2459.360283,81,1737.381676,0.04662188
-23044,134,202302,27,71,71,2023,63.66915,-167.52462,8/9/2023 15:17,21740,walleye pollock,NA,NA,NA,NA,NA,AA-02,196.5856503,226,5659.663309,0.039931704
-23043,134,202302,26,71,71,2023,63.99407,-167.541905,8/9/2023 12:17,21740,walleye pollock,NA,NA,NA,NA,NA,BB-02,342.7943667,8,182.2162747,0.043903872
-23042,134,202302,25,71,71,2023,64.001535,-166.81582,8/9/2023 8:10,21740,walleye pollock,NA,NA,NA,NA,NA,BB-03,466.7877771,126,2662.046706,0.047332002
-23041,134,202302,24,71,71,2023,64.332785,-166.0594,8/3/2023 13:28,21740,walleye pollock,NA,NA,NA,NA,NA,CC-04,294.5599458,188,4312.87148,0.043590448
-23040,134,202302,23,71,71,2023,64.00675,-166.03931,8/3/2023 10:35,21740,walleye pollock,NA,NA,NA,NA,NA,BB-04,47.64546587,148,3719.160838,0.039793923
-23039,134,202302,22,71,71,2023,63.669355,-166.046845,8/3/2023 7:25,21740,walleye pollock,NA,NA,NA,NA,NA,AA-04,322.2198477,1342,29288.7453,0.045819648
-23038,134,202302,21,70,70,2023,63.00634,-166.02392,8/2/2023 16:58,21740,walleye pollock,NA,NA,NA,NA,NA,Y-04,48.19588491,50,1223.24581,0.040874859
-23037,134,202302,20,71,71,2023,63.32436,-166.029845,8/2/2023 13:58,21740,walleye pollock,NA,NA,NA,NA,NA,ZZ-04,36.66146752,141,3834.767745,0.03676885
-23036,134,202302,19,71,71,2023,63.32683,-165.354495,8/2/2023 10:57,21740,walleye pollock,NA,NA,NA,NA,NA,ZZ-05,46.13692987,145,4165.5385,0.034809425
-23034,134,202302,17,71,71,2023,63.667235,-165.28458,8/2/2023 7:26,21740,walleye pollock,NA,NA,NA,NA,NA,AA-05,31.66985956,120,2879.078142,0.041680008
-23033,162,202302,12,71,71,2023,64.311145,-169.095205,8/6/2023 18:05,21740,walleye pollock,NA,NA,NA,NA,NA,CC-18,777.3918884,24,538.8575936,0.044538669
-23032,162,202302,11,71,71,2023,64.0034,-169.05327,8/6/2023 13:53,21740,walleye pollock,NA,NA,NA,NA,NA,BB-18,493.8174653,14,308.8289339,0.04533254
-23031,162,202302,10,71,71,2023,63.667625,-169.03946,8/6/2023 11:16,21740,walleye pollock,NA,NA,NA,NA,NA,AA-18,1823.758601,68,1475.673308,0.04608066
-23030,162,202302,9,71,71,2023,63.66424,-169.76115,8/6/2023 8:12,21740,walleye pollock,NA,NA,NA,NA,NA,AA-19,775.3690047,22,488.4913546,0.045036621
-23029,162,202302,8,71,71,2023,63.989585,-169.78633,8/5/2023 17:52,21740,walleye pollock,NA,NA,NA,NA,NA,BB-19,0,0,0,0.046122696
-23028,162,202302,7,71,71,2023,63.99256,-170.542745,8/5/2023 13:30,21740,walleye pollock,NA,NA,NA,NA,NA,BB-20,83.16756979,3,64.304822,0.0466528
-23027,162,202302,6,71,71,2023,63.69833,-171.06283,8/4/2023 17:55,21740,walleye pollock,NA,NA,NA,NA,NA,AA-21,0,0,0,0.039775175
-23026,162,202302,5,71,71,2023,63.999665,-171.338195,8/4/2023 14:33,21740,walleye pollock,NA,NA,NA,NA,NA,BB-21,445.2056975,15,346.0147908,0.043350748
-23025,162,202302,4,71,71,2023,64.01139,-172.00107,8/4/2023 11:28,21740,walleye pollock,NA,NA,NA,NA,NA,BB-22,4312.026722,185,3988.225895,0.04638654
-23024,162,202302,3,70,70,2023,63.54793,-172.005705,8/4/2023 8:14,21740,walleye pollock,NA,NA,NA,NA,NA,AA-22,3690.739696,135,3025.269945,0.044624117
-23021,162,202302,2,81,81,2023,62.32472,-174.577415,8/3/2023 17:10,21740,walleye pollock,NA,NA,NA,NA,NA,W-26,183.2980359,18,335.6423851,0.053628507
-23020,162,202302,1,81,81,2023,62.333175,-175.274615,8/3/2023 14:16,21740,walleye pollock,NA,NA,NA,NA,NA,W-27,272.7970663,24,425.1382851,0.05645222
-23002,134,202302,16,71,71,2023,64.00829,-165.325525,8/1/2023 16:34,21740,walleye pollock,NA,NA,NA,NA,NA,BB-05,41.98026498,121,2889.426657,0.04187682
-23000,134,202302,14,71,71,2023,64.0023,-164.58072,8/1/2023 13:05,21740,walleye pollock,NA,NA,NA,NA,NA,BB-06,61.2377083,15,346.3671284,0.04330665
-22999,134,202302,13,71,71,2023,63.672145,-164.562725,8/1/2023 10:20,21740,walleye pollock,NA,NA,NA,NA,NA,AA-06,0.225745936,1,22.57459357,0.044297586
-22998,134,202302,12,71,71,2023,63.665185,-163.794375,8/1/2023 7:24,21740,walleye pollock,NA,NA,NA,NA,NA,AA-07,3.316497586,14,351.7497439,0.039801024
-22994,134,202302,11,71,71,2023,63.678085,-163.078815,7/31/2023 16:44,21740,walleye pollock,NA,NA,NA,NA,NA,AA-08,1.815657273,3,71.67068182,0.04185812
-22993,134,202302,10,71,71,2023,64.002385,-163.849765,7/31/2023 12:46,21740,walleye pollock,NA,NA,NA,NA,NA,BB-07,0.229377958,1,22.93779582,0.043596168
-22992,134,202302,9,71,71,2023,64.000955,-163.070585,7/31/2023 10:16,21740,walleye pollock,NA,NA,NA,NA,NA,BB-08,0,0,0,0.046863696
-22991,134,202302,8,71,71,2023,63.99862,-162.273305,7/31/2023 7:31,21740,walleye pollock,NA,NA,NA,NA,NA,BB-09,0,0,0,0.04150824
-22981,134,202302,7,71,71,2023,63.991735,-161.545545,7/30/2023 15:48,21740,walleye pollock,NA,NA,NA,NA,NA,BB-10,0,0,0,0.040633088
-22980,134,202302,6,71,71,2023,64.29604,-161.571605,7/30/2023 13:17,21740,walleye pollock,NA,NA,NA,NA,NA,CC-10,0,0,0,0.04395937
-22979,134,202302,5,71,71,2023,64.3324,-162.254515,7/30/2023 10:43,21740,walleye pollock,NA,NA,NA,NA,NA,CC-09,0,0,0,0.04074144
-22978,134,202302,4,71,71,2023,64.249565,-163.129415,7/30/2023 7:28,21740,walleye pollock,NA,NA,NA,NA,NA,CC-08,0,0,0,0.04154927
-22968,134,202302,3,71,71,2023,64.33521,-163.78499,7/29/2023 14:56,21740,walleye pollock,NA,NA,NA,NA,NA,CC-07,0,0,0,0.041516416
-22967,134,202302,2,71,71,2023,64.324075,-164.53386,7/29/2023 11:21,21740,walleye pollock,NA,NA,NA,NA,NA,CC-06,47.90338237,203,4857.335975,0.041792456
-22966,134,202302,1,71,71,2023,64.311,-165.314135,7/29/2023 7:34,21740,walleye pollock,NA,NA,NA,NA,NA,CC-05,286.290071,483,11194.79471,0.043145052
-22026,162,202202,75,70,70,2022,60.665715,-167.344555,8/20/2022 13:41,21740,walleye pollock,NA,NA,NA,NA,NA,R-02,154.5909992,13,291.7658231,0.044556281
-22025,162,202202,74,70,70,2022,60.670495,-168.0241,8/20/2022 10:47,21740,walleye pollock,NA,NA,NA,NA,NA,R-01,202.6364265,331,7454.173946,0.044404652
-22024,162,202202,73,70,70,2022,60.66605,-168.67883,8/20/2022 7:57,21740,walleye pollock,NA,NA,NA,NA,NA,R-18,1910.397084,184,4260.454553,0.04318788
-22023,162,202202,72,70,70,2022,60.670395,-170.060395,8/19/2022 16:08,21740,walleye pollock,NA,NA,NA,NA,NA,R-20,10376.40862,581,12277.77284,0.047321286
-22022,162,202202,71,70,70,2022,60.66884,-169.38777,8/19/2022 13:21,21740,walleye pollock,NA,NA,NA,NA,NA,R-19,34.51645545,2,39.22324482,0.050990172
-22021,162,202202,70,70,70,2022,60.999665,-169.439805,8/19/2022 10:31,21740,walleye pollock,NA,NA,NA,NA,NA,S-19,2143.669071,320,7344.948313,0.043567359
-22020,162,202202,69,70,70,2022,61.326755,-169.46998,8/19/2022 7:58,21740,walleye pollock,NA,NA,NA,NA,NA,T-19,2425.362056,320,7481.211638,0.04277382
-22019,94,202202,71,70,70,2022,60.682975,-166.73338,8/19/2022 14:07,21740,walleye pollock,NA,NA,NA,NA,NA,R-03,416.8821072,820,18077.38381,0.045360546
-22018,94,202202,70,70,70,2022,61.016565,-166.70998,8/19/2022 11:09,21740,walleye pollock,NA,NA,NA,NA,NA,S-03,6.227151094,10,270.7456997,0.036935028
-22017,94,202202,69,70,70,2022,61.334085,-166.751865,8/19/2022 8:05,21740,walleye pollock,NA,NA,NA,NA,NA,T-03,16.73581272,30,747.1344964,0.040153413
-22016,162,202202,68,70,70,2022,61.999875,-170.24128,8/18/2022 16:06,21740,walleye pollock,NA,NA,NA,NA,NA,V-20,2336.442829,175,3600.858609,0.04859952
-22015,162,202202,67,70,70,2022,61.658755,-170.188225,8/18/2022 13:29,21740,walleye pollock,NA,NA,NA,NA,NA,U-20,4342.041566,441,9076.793377,0.04858544
-22014,162,202202,66,70,70,2022,61.3246,-170.15793,8/18/2022 10:48,21740,walleye pollock,NA,NA,NA,NA,NA,T-20,13670.13797,992,20534.52869,0.048308876
-22013,162,202202,65,70,70,2022,60.986185,-170.115145,8/18/2022 7:58,21740,walleye pollock,NA,NA,NA,NA,NA,S-20,11881.90585,1002,21799.58631,0.045964175
-22012,162,202202,64,81,81,2022,60.659335,-170.74741,8/17/2022 16:26,21740,walleye pollock,NA,NA,NA,NA,NA,R-21,10148.50959,681,13282.5981,0.05127009
-22011,162,202202,63,81,81,2022,60.995915,-170.80126,8/17/2022 13:46,21740,walleye pollock,NA,NA,NA,NA,NA,S-21,5400.541586,344,7227.531213,0.047595782
-22010,162,202202,62,81,81,2022,61.338255,-170.855905,8/17/2022 10:40,21740,walleye pollock,NA,NA,NA,NA,NA,T-21,2612.962898,143,3126.678335,0.045735437
-22009,162,202202,61,81,81,2022,61.662985,-170.93239,8/17/2022 7:59,21740,walleye pollock,NA,NA,NA,NA,NA,U-21,4880.031095,276,5742.926629,0.04805912
-22007,94,202202,68,70,70,2022,61.656945,-166.73058,8/18/2022 17:10,21740,walleye pollock,NA,NA,NA,NA,NA,U-03,27.64419751,48,1130.256798,0.042468225
-22006,94,202202,67,70,70,2022,61.992735,-166.698285,8/18/2022 14:32,21740,walleye pollock,NA,NA,NA,NA,NA,V-03,117.3391794,63,1444.386147,0.043617145
-22005,94,202202,66,70,70,2022,61.986085,-167.41514,8/18/2022 11:27,21740,walleye pollock,NA,NA,NA,NA,NA,V-02,45.57436627,111,2411.227195,0.04603465
-22004,94,202202,65,70,70,2022,61.68254,-167.422495,8/18/2022 8:45,21740,walleye pollock,NA,NA,NA,NA,NA,U-02,4.651252054,12,251.41903,0.047729084
-22003,94,202202,63,70,70,2022,61.29893,-167.38324,8/17/2022 18:10,21740,walleye pollock,NA,NA,NA,NA,NA,T-02,97.63211947,230,5550.021621,0.04144128
-22002,94,202202,62,70,70,2022,60.99004,-167.41167,8/17/2022 14:08,21740,walleye pollock,NA,NA,NA,NA,NA,S-02,65.41338381,149,3528.817592,0.042223775
-22001,94,202202,61,70,70,2022,61.03059,-168.05216,8/17/2022 10:30,21740,walleye pollock,NA,NA,NA,NA,NA,S-01,53.86054666,72,1540.095059,0.046750361
-22000,94,202202,60,70,70,2022,61.32989,-168.106955,8/17/2022 8:07,21740,walleye pollock,NA,NA,NA,NA,NA,T-01,174.0535892,174,3902.748006,0.04458397
-21999,162,202202,60,70,70,2022,61.996715,-170.977865,8/16/2022 11:11,21740,walleye pollock,NA,NA,NA,NA,NA,V-21,2346.04108,146,3077.742814,0.047437362
-21998,162,202202,59,70,70,2022,62.335195,-171.05191,8/16/2022 8:00,21740,walleye pollock,NA,NA,NA,NA,NA,W-21,2858.407439,160,3712.337983,0.043099524
-21997,162,202202,58,81,81,2022,62.31962,-171.704235,8/15/2022 16:02,21740,walleye pollock,NA,NA,NA,NA,NA,W-22,1947.177252,112,2327.916272,0.048111696
-21996,162,202202,57,70,70,2022,62.000225,-171.60421,8/15/2022 13:17,21740,walleye pollock,NA,NA,NA,NA,NA,V-22,1262.880091,75,1558.546811,0.04812175
-21995,162,202202,56,81,81,2022,61.672025,-171.559255,8/15/2022 10:41,21740,walleye pollock,NA,NA,NA,NA,NA,U-22,3422.894684,187,3944.05882,0.047413086
-21994,162,202202,55,81,81,2022,61.331085,-171.51256,8/15/2022 7:58,21740,walleye pollock,NA,NA,NA,NA,NA,T-22,10639.22037,642,13473.07896,0.047650578
-21993,94,202202,59,70,70,2022,61.01698,-168.74834,8/16/2022 15:37,21740,walleye pollock,NA,NA,NA,NA,NA,S-18,2078.1917,642,14344.06725,0.04475718
-21992,94,202202,58,70,70,2022,61.33809,-168.767095,8/16/2022 13:01,21740,walleye pollock,NA,NA,NA,NA,NA,T-18,998.5978509,172,3852.304094,0.044648604
-21991,94,202202,57,70,70,2022,61.67958,-168.10485,8/15/2022 16:43,21740,walleye pollock,NA,NA,NA,NA,NA,U-01,157.5886327,116,2524.900745,0.0459424
-21990,94,202202,56,70,70,2022,62.000115,-168.123685,8/15/2022 13:14,21740,walleye pollock,NA,NA,NA,NA,NA,V-01,515.176275,81,1835.464186,0.044130526
-21989,94,202202,55,70,70,2022,61.991995,-168.83506,8/15/2022 10:29,21740,walleye pollock,NA,NA,NA,NA,NA,V-18,2925.821745,633,14817.90238,0.042718597
-21988,94,202202,54,70,70,2022,61.658665,-168.797375,8/15/2022 7:52,21740,walleye pollock,NA,NA,NA,NA,NA,U-18,599.8123357,35,839.2001818,0.041706378
-21987,94,202202,53,70,70,2022,61.67318,-169.5082,8/14/2022 15:57,21740,walleye pollock,NA,NA,NA,NA,NA,U-19,6522.419505,819,18877.90385,0.043384054
-21986,94,202202,52,70,70,2022,62.031705,-169.55111,8/14/2022 13:12,21740,walleye pollock,NA,NA,NA,NA,NA,V-19,2714.876849,133,3113.820463,0.042712803
-21985,162,202202,54,81,81,2022,61.32958,-172.923725,8/14/2022 17:46,21740,walleye pollock,NA,NA,NA,NA,NA,T-24,4718.665168,358,7024.158947,0.050966956
-21984,162,202202,53,81,81,2022,61.34158,-172.23197,8/14/2022 15:25,21740,walleye pollock,NA,NA,NA,NA,NA,T-23,2034.542735,62,2832.098105,0.021891897
-21983,162,202202,52,81,81,2022,61.661095,-172.309445,8/14/2022 12:55,21740,walleye pollock,NA,NA,NA,NA,NA,U-23,927.8638147,57,1132.704477,0.05032204
-21982,162,202202,51,81,81,2022,61.998495,-172.366005,8/14/2022 10:19,21740,walleye pollock,NA,NA,NA,NA,NA,V-23,2330.002931,149,3392.058826,0.043926125
-21981,162,202202,50,81,81,2022,62.325695,-172.417795,8/14/2022 7:45,21740,walleye pollock,NA,NA,NA,NA,NA,W-23,912.1980137,63,1407.850928,0.044749056
-21980,162,202202,49,70,70,2022,62.671815,-171.789965,8/13/2022 16:20,21740,walleye pollock,NA,NA,NA,NA,NA,X-22,4504.175227,285,5911.862224,0.04820816
-21979,162,202202,48,70,70,2022,62.981565,-171.13945,8/13/2022 13:13,21740,walleye pollock,NA,NA,NA,NA,NA,Y-21,2198.388079,146,3166.549851,0.046106964
-21978,162,202202,47,70,70,2022,63.263795,-171.11828,8/13/2022 11:04,21740,walleye pollock,NA,NA,NA,NA,NA,ZZ-21,1131.188145,25,1104.158349,0.02264168
-21977,162,202202,46,70,70,2022,62.94916,-170.4893,8/13/2022 7:46,21740,walleye pollock,NA,NA,NA,NA,NA,Y-20,2660.780908,105,3425.898165,0.030648897
-21975,162,202202,44,70,70,2022,62.66412,-171.06394,8/12/2022 7:43,21740,walleye pollock,NA,NA,NA,NA,NA,X-21,1162.0703,71,1448.863683,0.04900392
-21972,94,202202,51,70,70,2022,62.357455,-167.42937,8/13/2022 15:19,21740,walleye pollock,NA,NA,NA,NA,NA,W-02,0.811355369,2,45.07529829,0.0443702
-21971,94,202202,50,70,70,2022,62.65413,-167.393235,8/13/2022 12:55,21740,walleye pollock,NA,NA,NA,NA,NA,X-02,462.1761786,37,837.8500053,0.044160649
-21970,94,202202,49,70,70,2022,62.63388,-166.75536,8/13/2022 10:14,21740,walleye pollock,NA,NA,NA,NA,NA,X-03,210.6724625,393,10220.25402,0.038453056
-21969,94,202202,48,70,70,2022,62.321945,-166.74467,8/13/2022 7:36,21740,walleye pollock,NA,NA,NA,NA,NA,W-03,259.8798448,513,12466.65049,0.041149786
-21968,94,202202,47,70,70,2022,63.002495,-167.45715,8/12/2022 18:37,21740,walleye pollock,NA,NA,NA,NA,NA,Y-02,334.7807329,19,446.9702708,0.04250842
-21967,94,202202,46,70,70,2022,63.00431,-166.743765,8/12/2022 15:55,21740,walleye pollock,NA,NA,NA,NA,NA,Y-03,90.09485292,199,4383.588198,0.0453966
-21966,94,202202,45,70,70,2022,63.00918,-165.997665,8/12/2022 13:02,21740,walleye pollock,NA,NA,NA,NA,NA,Y-04,154.0351025,423,10810.82601,0.039127445
-21965,94,202202,44,71,71,2022,63.33164,-166.044755,8/12/2022 10:20,21740,walleye pollock,NA,NA,NA,NA,NA,ZZ-04,67.29445017,26,618.2528991,0.042053988
-21964,94,202202,43,71,71,2022,63.331575,-165.300145,8/12/2022 7:37,21740,walleye pollock,NA,NA,NA,NA,NA,ZZ-05,6.785252672,15,360.9176953,0.041560722
-21959,162,202202,43,70,70,2022,63.00125,-171.849185,8/11/2022 15:14,21740,walleye pollock,NA,NA,NA,NA,NA,Y-22,1535.306571,134,2613.387369,0.05127445
-21958,162,202202,42,81,81,2022,62.99895,-172.583205,8/11/2022 12:40,21740,walleye pollock,NA,NA,NA,NA,NA,Y-23,63.53257276,10,185.8764563,0.053799175
-21957,162,202202,41,81,81,2022,63.00087,-173.279055,8/11/2022 10:17,21740,walleye pollock,NA,NA,NA,NA,NA,Y-24,409.2927283,34,626.3932644,0.054279
-21956,162,202202,40,81,81,2022,62.993045,-174.02492,8/11/2022 7:44,21740,walleye pollock,NA,NA,NA,NA,NA,Y-25,248.6275801,19,330.3443372,0.057515743
-21955,162,202202,39,81,81,2022,63.33898,-173.43322,8/10/2022 16:15,21740,walleye pollock,NA,NA,NA,NA,NA,ZZ-24,122.8204583,8,152.3827026,0.052499397
-21954,162,202202,38,81,81,2022,63.325925,-172.627455,8/10/2022 13:27,21740,walleye pollock,NA,NA,NA,NA,NA,ZZ-23,887.4377319,129,2435.629705,0.052963716
-21953,162,202202,37,70,70,2022,63.29589,-171.9903,8/10/2022 10:58,21740,walleye pollock,NA,NA,NA,NA,NA,ZZ-22,252.4466105,6,248.1454231,0.02417937
-21952,162,202202,36,81,81,2022,63.66676,-172.694685,8/10/2022 7:30,21740,walleye pollock,NA,NA,NA,NA,NA,AA-23,4365.324964,264,5711.00127,0.04622657
-21951,162,202202,35,70,70,2022,63.697055,-172.077605,8/9/2022 16:02,21740,walleye pollock,NA,NA,NA,NA,NA,AA-22,274.2721446,9,291.7788773,0.030845276
-21950,162,202202,34,71,71,2022,64.0026,-172.042465,8/9/2022 13:09,21740,walleye pollock,NA,NA,NA,NA,NA,BB-22,3508.996427,167,3478.17191,0.048013728
-21949,162,202202,33,71,71,2022,63.99876,-171.332535,8/9/2022 10:15,21740,walleye pollock,NA,NA,NA,NA,NA,BB-21,425.5778566,16,348.5486131,0.045904644
-21948,162,202202,32,71,71,2022,63.699535,-171.031235,8/9/2022 7:28,21740,walleye pollock,NA,NA,NA,NA,NA,AA-21,2.246093202,6,240.652843,0.02493218
-21947,162,202202,31,71,71,2022,63.97803,-170.55256,8/8/2022 13:12,21740,walleye pollock,NA,NA,NA,NA,NA,BB-20,0,0,0,0.044928244
-21946,162,202202,30,71,71,2022,64.31873,-170.59913,8/8/2022 9:49,21740,walleye pollock,NA,NA,NA,NA,NA,CC-20,131.9032539,5,114.8983048,0.043516743
-21945,162,202202,29,71,71,2022,64.332535,-171.348475,8/8/2022 7:17,21740,walleye pollock,NA,NA,NA,NA,NA,CC-21,449.1060328,7,378.764124,0.018481159
-21944,94,202202,42,71,71,2022,63.670615,-166.05882,8/11/2022 16:14,21740,walleye pollock,NA,NA,NA,NA,NA,AA-04,201.9060391,27,622.3131342,0.043386518
-21943,94,202202,41,71,71,2022,63.66568,-166.78848,8/11/2022 13:24,21740,walleye pollock,NA,NA,NA,NA,NA,AA-03,452.9105297,25,583.6175064,0.042836275
-21942,94,202202,40,71,71,2022,63.328655,-166.76869,8/11/2022 10:42,21740,walleye pollock,NA,NA,NA,NA,NA,ZZ-03,508.6356018,102,2431.382106,0.041951448
-21941,94,202202,39,71,71,2022,63.32786,-167.56633,8/11/2022 7:37,21740,walleye pollock,NA,NA,NA,NA,NA,ZZ-02,297.2426874,7,159.6852503,0.043836234
-21937,94,202202,38,71,71,2022,63.66443,-168.27987,8/10/2022 16:50,21740,walleye pollock,NA,NA,NA,NA,NA,AA-01,915.0285344,32,755.0519108,0.042381192
-21936,94,202202,37,71,71,2022,63.34629,-168.254575,8/10/2022 13:46,21740,walleye pollock,NA,NA,NA,NA,NA,ZZ-01,1519.904023,57,1396.835467,0.040806524
-21935,94,202202,36,70,70,2022,62.9865,-168.20187,8/10/2022 10:27,21740,walleye pollock,NA,NA,NA,NA,NA,Y-01,2201.659223,95,2296.164521,0.041373342
-21934,94,202202,35,70,70,2022,62.664035,-168.198525,8/10/2022 7:40,21740,walleye pollock,NA,NA,NA,NA,NA,X-01,3328.92587,123,2933.962095,0.041922832
-21923,94,202202,34,70,70,2022,62.3406,-168.16825,8/9/2022 16:10,21740,walleye pollock,NA,NA,NA,NA,NA,W-01,2892.923684,128,2969.528232,0.04310449
-21922,94,202202,33,70,70,2022,62.33632,-168.87414,8/9/2022 13:00,21740,walleye pollock,NA,NA,NA,NA,NA,W-18,3973.995178,224,5315.746566,0.042138954
-21921,94,202202,32,70,70,2022,62.35028,-169.586915,8/9/2022 10:14,21740,walleye pollock,NA,NA,NA,NA,NA,W-19,4825.350348,242,5700.438293,0.042452876
-21920,94,202202,31,70,70,2022,62.333215,-170.27695,8/9/2022 7:40,21740,walleye pollock,NA,NA,NA,NA,NA,W-20,2918.304155,152,3438.355411,0.044207181
-21919,94,202202,30,70,70,2022,62.684015,-170.301315,8/8/2022 17:44,21740,walleye pollock,NA,NA,NA,NA,NA,X-20,7961.050982,436,9804.582306,0.044469003
-21918,94,202202,29,70,70,2022,62.66045,-169.601185,8/8/2022 14:04,21740,walleye pollock,NA,NA,NA,NA,NA,X-19,2293.680049,95,2268.039268,0.0418864
-21917,94,202202,28,70,70,2022,62.665555,-168.889095,8/8/2022 10:14,21740,walleye pollock,NA,NA,NA,NA,NA,X-18,2386.042199,101,2308.55697,0.043750274
-21916,94,202202,27,70,70,2022,62.86239,-168.82471,8/8/2022 7:18,21740,walleye pollock,NA,NA,NA,NA,NA,Y-18,2331.31047,102,2425.970903,0.042045022
-21911,162,202202,28,71,71,2022,64.64899,-170.648605,8/7/2022 17:39,21740,walleye pollock,NA,NA,NA,NA,NA,DD-20,508.9514877,21,665.4203238,0.031559
-21910,162,202202,27,71,71,2022,64.65893,-169.88696,8/7/2022 14:49,21740,walleye pollock,NA,NA,NA,NA,NA,DD-19,630.5545764,28,589.8940241,0.047466153
-21909,162,202202,26,71,71,2022,64.32179,-169.82796,8/7/2022 12:11,21740,walleye pollock,NA,NA,NA,NA,NA,CC-19,307.7377533,19,445.7927198,0.042620705
-21908,162,202202,25,71,71,2022,63.990815,-169.784375,8/7/2022 9:49,21740,walleye pollock,NA,NA,NA,NA,NA,BB-19,30.8684961,2,91.32691153,0.02189935
-21907,162,202202,24,71,71,2022,63.662105,-169.73702,8/7/2022 7:15,21740,walleye pollock,NA,NA,NA,NA,NA,AA-19,43.23657429,4,91.79739764,0.04357422
-21906,162,202202,23,71,71,2022,63.670525,-169.001755,8/6/2022 15:58,21740,walleye pollock,NA,NA,NA,NA,NA,AA-18,634.1478109,32,739.2077061,0.043289592
-21905,162,202202,22,71,71,2022,64.00589,-169.051885,8/6/2022 13:02,21740,walleye pollock,NA,NA,NA,NA,NA,BB-18,229.1068614,8,175.8977823,0.04548096
-21904,162,202202,21,71,71,2022,64.31985,-169.11643,8/6/2022 10:01,21740,walleye pollock,NA,NA,NA,NA,NA,CC-18,383.2342867,11,253.0358435,0.043472102
-21903,162,202202,20,71,71,2022,64.638305,-169.136445,8/6/2022 7:16,21740,walleye pollock,NA,NA,NA,NA,NA,DD-18,12763.44226,469,9739.027698,0.048156758
-21902,162,202202,19,71,71,2022,64.664575,-168.3688,8/5/2022 16:22,21740,walleye pollock,NA,NA,NA,NA,NA,DD-01,5850.596648,196,4506.472306,0.043493
-21901,162,202202,18,71,71,2022,64.994625,-168.357535,8/5/2022 13:23,21740,walleye pollock,NA,NA,NA,NA,NA,EE-01,2950.504623,106,2126.417528,0.0498491
-21900,162,202202,17,71,71,2022,65.005145,-169.116815,8/5/2022 10:10,21740,walleye pollock,NA,NA,NA,NA,NA,EE-18,7601.656817,319,6366.8142,0.050103551
-21899,162,202202,16,71,71,2022,65.003085,-169.863215,8/5/2022 7:17,21740,walleye pollock,NA,NA,NA,NA,NA,EE-19,6472.132413,310,6472.967634,0.04789148
-21898,94,202202,26,71,71,2022,63.68443,-167.53972,8/7/2022 15:46,21740,walleye pollock,NA,NA,NA,NA,NA,AA-02,487.9909914,16,356.1978039,0.044918862
-21897,94,202202,25,71,71,2022,64.013565,-167.57013,8/7/2022 12:53,21740,walleye pollock,NA,NA,NA,NA,NA,BB-02,1318.817979,53,1153.345537,0.045953271
-21896,94,202202,24,71,71,2022,64.023125,-168.29402,8/7/2022 10:01,21740,walleye pollock,NA,NA,NA,NA,NA,BB-01,106.7481073,3,67.13717443,0.044684633
-21895,94,202202,23,71,71,2022,64.33917,-168.36378,8/7/2022 7:08,21740,walleye pollock,NA,NA,NA,NA,NA,CC-01,7158.629758,250,6146.223777,0.040675382
-21882,94,202202,22,71,71,2022,64.344405,-167.576195,8/6/2022 16:45,21740,walleye pollock,NA,NA,NA,NA,NA,CC-02,684.9234239,22,509.064707,0.04321651
-21881,94,202202,21,71,71,2022,64.33481,-166.8288,8/6/2022 13:45,21740,walleye pollock,NA,NA,NA,NA,NA,CC-03,245.1709354,25,536.6199776,0.046587904
-21880,94,202202,20,71,71,2022,64.00197,-166.80728,8/6/2022 10:59,21740,walleye pollock,NA,NA,NA,NA,NA,BB-03,974.2270248,29,632.8983808,0.045820942
-21879,94,202202,19,71,71,2022,63.9939,-166.04531,8/6/2022 8:13,21740,walleye pollock,NA,NA,NA,NA,NA,BB-04,76.59339028,23,542.7134863,0.042379636
-21871,94,202202,18,71,71,2022,63.670305,-163.86013,8/5/2022 20:05,21740,walleye pollock,NA,NA,NA,NA,NA,AA-07,0.233796702,1,23.3796702,0.042772203
-21870,94,202202,17,71,71,2022,63.677525,-164.62849,8/5/2022 17:18,21740,walleye pollock,NA,NA,NA,NA,NA,AA-06,24.71943557,87,2019.334173,0.043083508
-21869,94,202202,16,71,71,2022,63.67115,-165.37059,8/5/2022 14:32,21740,walleye pollock,NA,NA,NA,NA,NA,AA-05,526.7953999,81,1920.188434,0.04218336
-21868,94,202202,15,71,71,2022,64.019425,-165.31816,8/5/2022 11:52,21740,walleye pollock,NA,NA,NA,NA,NA,BB-05,127.8925986,189,4533.327295,0.041691232
-21866,162,202202,10,71,71,2022,64.658085,-166.815735,8/3/2022 15:37,21740,walleye pollock,NA,NA,NA,NA,NA,DD-03,3.300443202,12,257.1773924,0.0466604
-21865,162,202202,9,71,71,2022,64.33846,-166.03294,8/3/2022 12:29,21740,walleye pollock,NA,NA,NA,NA,NA,CC-04,286.4567637,59,1157.599251,0.050967552
-21864,162,202202,15,71,71,2022,65.221155,-168.88522,8/4/2022 17:25,21740,walleye pollock,NA,NA,NA,NA,NA,FF-18,35803.63626,1378,29624.83691,0.046515024
-21863,162,202202,14,71,71,2022,65.343345,-168.42497,8/4/2022 14:48,21740,walleye pollock,NA,NA,NA,NA,NA,FF-01,835.9335266,26,558.004408,0.046594614
-21862,162,202202,13,71,71,2022,65.32508,-167.691295,8/4/2022 12:23,21740,walleye pollock,NA,NA,NA,NA,NA,FF-02,229.3796703,559,12839.01429,0.043539168
-21861,162,202202,12,71,71,2022,64.9887,-167.59987,8/4/2022 9:31,21740,walleye pollock,NA,NA,NA,NA,NA,EE-02,170.7151971,336,7450.357999,0.045098504
-21860,162,202202,11,71,71,2022,64.690335,-167.604155,8/4/2022 7:12,21740,walleye pollock,NA,NA,NA,NA,NA,DD-02,852.3065743,27,615.071297,0.04389735
-21855,94,202202,14,71,71,2022,63.669345,-163.06356,8/4/2022 17:33,21740,walleye pollock,NA,NA,NA,NA,NA,AA-08,0,0,0,0.042988896
-21854,94,202202,13,71,71,2022,63.991775,-163.042885,8/4/2022 13:33,21740,walleye pollock,NA,NA,NA,NA,NA,BB-08,0.868723866,3,76.65210583,0.039137868
-21853,94,202202,12,71,71,2022,63.99625,-162.290175,8/4/2022 10:08,21740,walleye pollock,NA,NA,NA,NA,NA,BB-09,0,0,0,0.046821252
-21852,94,202202,11,71,71,2022,64.0007,-161.52821,8/4/2022 7:08,21740,walleye pollock,NA,NA,NA,NA,NA,BB-10,0,0,0,0.044930688
-21843,94,202202,10,71,71,2022,64.32134,-161.578445,8/3/2022 14:55,21740,walleye pollock,NA,NA,NA,NA,NA,CC-10,0,0,0,0.040375212
-21842,94,202202,9,71,71,2022,64.331225,-162.289915,8/3/2022 12:22,21740,walleye pollock,NA,NA,NA,NA,NA,CC-09,0,0,0,0.04235274
-21841,94,202202,8,71,71,2022,64.24725,-163.1278,8/3/2022 9:32,21740,walleye pollock,NA,NA,NA,NA,NA,CC-08,1.746602456,5,114.9080563,0.04351305
-21840,94,202202,7,71,71,2022,64.338045,-163.7846,8/3/2022 7:11,21740,walleye pollock,NA,NA,NA,NA,NA,CC-07,0,0,0,0.045572787
-21833,94,202202,6,71,71,2022,63.996575,-163.832905,8/2/2022 16:05,21740,walleye pollock,NA,NA,NA,NA,NA,BB-07,11.06613311,38,902.388537,0.042110464
-21832,94,202202,5,71,71,2022,64.003325,-164.55016,8/2/2022 13:26,21740,walleye pollock,NA,NA,NA,NA,NA,BB-06,21.36030588,77,1716.851308,0.044849545
-21831,94,202202,4,71,71,2022,64.321225,-164.539405,8/2/2022 10:42,21740,walleye pollock,NA,NA,NA,NA,NA,CC-06,0,0,0,0.043572872
-21830,94,202202,3,71,71,2022,64.32042,-165.31448,8/2/2022 7:25,21740,walleye pollock,NA,NA,NA,NA,NA,CC-05,10.8524758,34,701.490831,0.048468203
-21807,162,202202,8,81,81,2022,62.65155,-172.44624,7/30/2022 15:43,21740,walleye pollock,NA,NA,NA,NA,NA,X-23,2865.032832,187,3858.560603,0.048463668
-21806,162,202202,7,81,81,2022,62.661405,-173.129855,7/30/2022 13:09,21740,walleye pollock,NA,NA,NA,NA,NA,X-24,463.6826969,45,849.9967965,0.052941376
-21805,162,202202,6,81,81,2022,62.65939,-173.95076,7/30/2022 10:06,21740,walleye pollock,NA,NA,NA,NA,NA,X-25,239.1059388,19,359.0746789,0.052913784
-21804,162,202202,5,81,81,2022,62.662005,-174.655465,7/30/2022 7:18,21740,walleye pollock,NA,NA,NA,NA,NA,X-26,104.1650486,10,178.5482492,0.05600727
-21803,162,202202,4,81,81,2022,62.330405,-175.28957,7/29/2022 16:02,21740,walleye pollock,NA,NA,NA,NA,NA,W-27,329.8052956,30,537.3755631,0.055826878
-21802,162,202202,3,81,81,2022,62.326555,-174.58062,7/29/2022 13:12,21740,walleye pollock,NA,NA,NA,NA,NA,W-26,735.9443382,67,1311.669256,0.05107995
-21801,162,202202,2,81,81,2022,62.33338,-173.846355,7/29/2022 10:12,21740,walleye pollock,NA,NA,NA,NA,NA,W-25,1055.875532,107,2045.455371,0.05231109
-21800,162,202202,1,81,81,2022,62.33188,-173.169555,7/29/2022 7:16,21740,walleye pollock,NA,NA,NA,NA,NA,W-24,1076.06998,82,1446.520301,0.056687763
-21799,94,202202,2,81,81,2022,62.00947,-173.082955,7/29/2022 16:26,21740,walleye pollock,NA,NA,NA,NA,NA,V-24,1292.839021,95,1863.163031,0.05098856
-21798,94,202202,1,81,81,2022,61.675715,-173.10262,7/29/2022 13:33,21740,walleye pollock,NA,NA,NA,NA,NA,U-24,1239.469139,76,1535.346588,0.049500224
-21018,162,202102,49,71,71,2021,63.67123,-166.109065,8/5/2021 17:28,21740,walleye pollock,NA,NA,NA,NA,NA,AA-04,689.244515,60,1351.459833,0.044396436
-21017,162,202102,48,71,71,2021,63.680525,-166.77645,8/5/2021 15:07,21740,walleye pollock,NA,NA,NA,NA,NA,AA-03,668.932988,39,891.1489849,0.043763726
-21016,162,202102,47,71,71,2021,64.00184,-166.823305,8/5/2021 12:41,21740,walleye pollock,NA,NA,NA,NA,NA,BB-03,1433.515674,52,1218.916115,0.042660852
-21015,162,202102,46,71,71,2021,64.3544,-166.835115,8/5/2021 10:00,21740,walleye pollock,NA,NA,NA,NA,NA,CC-03,1794.359649,111,2669.891703,0.04157472
-21014,162,202102,45,71,71,2021,64.674045,-166.85066,8/5/2021 7:28,21740,walleye pollock,NA,NA,NA,NA,NA,DD-03,248.6966708,22,514.8030445,0.04273479
-20818,94,202102,60,70,70,2021,60.692485,-168.01277,8/16/2021 18:51,21740,walleye pollock,NA,NA,NA,NA,NA,R-01,330.7248626,28,567.4201074,0.049346154
-20817,94,202102,59,70,70,2021,61.0056,-168.05467,8/16/2021 16:18,21740,walleye pollock,NA,NA,NA,NA,NA,S-01,281.4067874,68,1612.10291,0.04218093
-20816,94,202102,58,70,70,2021,61.01409,-168.7449,8/16/2021 13:39,21740,walleye pollock,NA,NA,NA,NA,NA,S-18,77.18329989,36,778.3189905,0.046253529
-20815,94,202102,57,70,70,2021,61.01061,-169.427505,8/16/2021 10:56,21740,walleye pollock,NA,NA,NA,NA,NA,S-19,1010.074465,46,1021.847931,0.045016483
-20814,94,202102,56,70,70,2021,61.32372,-169.41532,8/16/2021 8:00,21740,walleye pollock,NA,NA,NA,NA,NA,T-19,2016.109149,95,2148.887794,0.044208916
-20813,162,202102,96,70,70,2021,60.66512,-168.70247,8/16/2021 18:05,21740,walleye pollock,NA,NA,NA,NA,NA,R-18,50.42885044,25,545.7667796,0.045807112
-20812,162,202102,95,70,70,2021,60.671735,-169.368795,8/16/2021 15:42,21740,walleye pollock,NA,NA,NA,NA,NA,R-19,1720.72983,515,10575.52196,0.04869736
-20811,162,202102,94,70,70,2021,60.67186,-170.054575,8/16/2021 13:16,21740,walleye pollock,NA,NA,NA,NA,NA,R-20,16920.69977,2511,51092.70634,0.049145958
-20810,162,202102,93,81,81,2021,60.67469,-170.753935,8/16/2021 10:37,21740,walleye pollock,NA,NA,NA,NA,NA,R-21,14952.7311,1115,21439.19241,0.052007556
-20809,162,202102,92,81,81,2021,60.999635,-170.805845,8/16/2021 8:03,21740,walleye pollock,NA,NA,NA,NA,NA,S-21,13442.03807,973,19475.1809,0.049961025
-20808,94,202102,55,70,70,2021,61.320055,-168.70062,8/15/2021 19:50,21740,walleye pollock,NA,NA,NA,NA,NA,T-18,97.90661152,22,462.7165314,0.047545308
-20807,94,202102,54,70,70,2021,61.32454,-168.003905,8/15/2021 16:30,21740,walleye pollock,NA,NA,NA,NA,NA,T-01,8.31018891,14,306.1648546,0.045726999
-20806,94,202102,53,70,70,2021,61.309525,-167.358435,8/15/2021 13:16,21740,walleye pollock,NA,NA,NA,NA,NA,T-02,303.7392481,293,7096.937776,0.041285412
-20805,94,202102,52,70,70,2021,60.987575,-167.319575,8/15/2021 10:24,21740,walleye pollock,NA,NA,NA,NA,NA,S-02,12.75863868,18,410.0991004,0.04389183
-20804,94,202102,51,70,70,2021,60.97929,-166.741525,8/15/2021 7:49,21740,walleye pollock,NA,NA,NA,NA,NA,S-03,1.895013055,3,71.06298957,0.042216068
-20803,162,202102,91,70,70,2021,60.99985,-170.115065,8/15/2021 18:30,21740,walleye pollock,NA,NA,NA,NA,NA,S-20,6160.453806,629,12719.22772,0.049452688
-20802,162,202102,90,70,70,2021,61.327975,-170.179565,8/15/2021 15:44,21740,walleye pollock,NA,NA,NA,NA,NA,T-20,7213.406744,517,10056.4429,0.051409828
-20801,162,202102,89,81,81,2021,61.33833,-170.839695,8/15/2021 13:19,21740,walleye pollock,NA,NA,NA,NA,NA,T-21,14711.97465,1086,21379.22036,0.050796988
-20800,162,202102,88,81,81,2021,61.661175,-170.9271,8/15/2021 10:34,21740,walleye pollock,NA,NA,NA,NA,NA,U-21,8111.968122,542,10728.85974,0.05051795
-20799,162,202102,87,70,70,2021,61.67021,-170.2141,8/15/2021 7:54,21740,walleye pollock,NA,NA,NA,NA,NA,U-20,15361.70291,1115,21043.99743,0.05298423
-20798,94,202102,50,70,70,2021,61.366265,-166.773825,8/14/2021 19:40,21740,walleye pollock,NA,NA,NA,NA,NA,T-03,20.37188642,2,47.37648004,0.04221504
-20797,94,202102,49,70,70,2021,61.657315,-166.763915,8/14/2021 16:32,21740,walleye pollock,NA,NA,NA,NA,NA,U-03,5.527895513,7,172.7467348,0.04052175
-20796,94,202102,48,70,70,2021,61.690615,-167.37308,8/14/2021 13:56,21740,walleye pollock,NA,NA,NA,NA,NA,U-02,29.4688486,35,761.7501484,0.045946824
-20795,94,202102,47,70,70,2021,61.99786,-167.39539,8/14/2021 10:36,21740,walleye pollock,NA,NA,NA,NA,NA,V-02,4.849374608,13,291.8605088,0.044541826
-20794,94,202102,46,70,70,2021,61.99935,-166.72792,8/14/2021 7:43,21740,walleye pollock,NA,NA,NA,NA,NA,V-03,27.87892156,45,1063.179212,0.042325884
-20787,94,202102,39,70,70,2021,60.669965,-166.71915,8/12/2021 21:55,21740,walleye pollock,NA,NA,NA,NA,NA,R-03,20.09580932,35,810.3148918,0.043193085
-20785,94,202102,37,70,70,2021,60.653975,-167.34596,8/12/2021 18:17,21740,walleye pollock,NA,NA,NA,NA,NA,R-02,2.403582422,4,87.40299715,0.045765021
-20784,162,202102,86,70,70,2021,61.667485,-169.467605,8/13/2021 17:57,21740,walleye pollock,NA,NA,NA,NA,NA,U-19,2142.597597,129,3011.49586,0.042835855
-20783,162,202102,85,70,70,2021,61.66585,-168.79037,8/13/2021 15:27,21740,walleye pollock,NA,NA,NA,NA,NA,U-18,242.2275904,54,1227.044079,0.044008199
-20782,162,202102,84,70,70,2021,61.68086,-168.09308,8/13/2021 12:44,21740,walleye pollock,NA,NA,NA,NA,NA,U-01,37.52819306,19,424.4259929,0.044766344
-20781,162,202102,83,70,70,2021,61.999715,-168.130655,8/13/2021 10:14,21740,walleye pollock,NA,NA,NA,NA,NA,V-01,923.9933907,48,1047.760046,0.045812016
-20780,162,202102,82,70,70,2021,61.99519,-168.79878,8/13/2021 7:41,21740,walleye pollock,NA,NA,NA,NA,NA,V-18,3891.473875,169,3952.872035,0.042753724
-20779,162,202102,81,70,70,2021,62.017705,-169.5518,8/12/2021 16:01,21740,walleye pollock,NA,NA,NA,NA,NA,V-19,8269.152358,413,9627.029753,0.042900044
-20778,162,202102,80,70,70,2021,62.31809,-169.58511,8/12/2021 13:40,21740,walleye pollock,NA,NA,NA,NA,NA,W-19,3475.238608,182,4124.239871,0.044129344
-20777,162,202102,79,70,70,2021,62.32697,-168.874705,8/12/2021 10:05,21740,walleye pollock,NA,NA,NA,NA,NA,W-18,1465.268799,63,1438.956452,0.043781728
-20776,162,202102,78,70,70,2021,62.341485,-168.157475,8/12/2021 7:34,21740,walleye pollock,NA,NA,NA,NA,NA,W-01,3264.059186,154,3436.438999,0.044813832
-20775,162,202102,77,70,70,2021,62.342515,-167.47154,8/11/2021 18:58,21740,walleye pollock,NA,NA,NA,NA,NA,W-02,13.48949336,37,824.9772797,0.04484972
-20773,162,202102,75,70,70,2021,62.33807,-166.72109,8/11/2021 15:09,21740,walleye pollock,NA,NA,NA,NA,NA,W-03,41.9403385,62,1379.47002,0.044944797
-20772,162,202102,74,70,70,2021,62.663465,-166.763945,8/11/2021 12:46,21740,walleye pollock,NA,NA,NA,NA,NA,X-03,10.26641343,21,489.9879136,0.0428582
-20771,162,202102,73,70,70,2021,62.662255,-167.48342,8/11/2021 10:02,21740,walleye pollock,NA,NA,NA,NA,NA,X-02,1311.309507,75,1702.115144,0.044062824
-20770,162,202102,72,70,70,2021,62.64567,-168.18579,8/11/2021 7:27,21740,walleye pollock,NA,NA,NA,NA,NA,X-01,857.3394189,47,1093.931117,0.042964314
-20695,162,202102,71,70,70,2021,62.9969,-167.424855,8/10/2021 17:13,21740,walleye pollock,NA,NA,NA,NA,NA,Y-02,533.1052362,40,921.5302267,0.043406064
-20694,162,202102,70,70,70,2021,63.00235,-166.75036,8/10/2021 14:45,21740,walleye pollock,NA,NA,NA,NA,NA,Y-03,38.89831214,64,1402.530691,0.0456318
-20693,162,202102,69,71,71,2021,63.326175,-166.720785,8/10/2021 12:17,21740,walleye pollock,NA,NA,NA,NA,NA,ZZ-03,97.23856871,32,720.2856941,0.044426816
-20692,162,202102,68,71,71,2021,63.32333,-166.034275,8/10/2021 9:49,21740,walleye pollock,NA,NA,NA,NA,NA,ZZ-04,60.896917,18,388.7037256,0.046307763
-20691,162,202102,67,70,70,2021,63.00607,-166.024015,8/10/2021 7:10,21740,walleye pollock,NA,NA,NA,NA,NA,Y-04,79.96571215,126,2854.300207,0.04414392
-20678,162,202102,66,71,71,2021,63.3354,-165.337685,8/9/2021 15:34,21740,walleye pollock,NA,NA,NA,NA,NA,ZZ-05,0.112653995,1,22.53079904,0.04438369
-20677,162,202102,65,71,71,2021,63.665845,-164.56674,8/9/2021 12:10,21740,walleye pollock,NA,NA,NA,NA,NA,AA-06,0,0,0,0.043306035
-20676,162,202102,64,71,71,2021,63.66746,-163.807805,8/9/2021 9:43,21740,walleye pollock,NA,NA,NA,NA,NA,AA-07,0,0,0,0.04142779
-20675,162,202102,63,71,71,2021,63.665455,-163.057025,8/9/2021 7:07,21740,walleye pollock,NA,NA,NA,NA,NA,AA-08,0,0,0,0.039361168
-20674,162,202102,62,71,71,2021,63.998065,-162.31459,8/8/2021 14:28,21740,walleye pollock,NA,NA,NA,NA,NA,BB-09,0,0,0,0.0417439
-20673,162,202102,61,71,71,2021,64.000315,-161.567645,8/8/2021 12:06,21740,walleye pollock,NA,NA,NA,NA,NA,BB-10,0,0,0,0.041024928
-20672,162,202102,60,71,71,2021,64.307535,-161.57037,8/8/2021 9:41,21740,walleye pollock,NA,NA,NA,NA,NA,CC-10,0,0,0,0.040903302
-20671,162,202102,59,71,71,2021,64.340615,-162.26762,8/8/2021 7:07,21740,walleye pollock,NA,NA,NA,NA,NA,CC-09,0,0,0,0.040476384
-20670,162,202102,58,71,71,2021,64.02365,-163.07422,8/7/2021 16:49,21740,walleye pollock,NA,NA,NA,NA,NA,BB-08,2.982863301,10,248.5719418,0.040229802
-20669,162,202102,57,71,71,2021,64.2493,-163.16383,8/7/2021 14:41,21740,walleye pollock,NA,NA,NA,NA,NA,CC-08,0,0,0,0.036290719
-20668,162,202102,56,71,71,2021,64.332815,-163.833165,8/7/2021 12:03,21740,walleye pollock,NA,NA,NA,NA,NA,CC-07,1.307275976,3,78.43655859,0.038247471
-20667,162,202102,55,71,71,2021,64.005645,-163.84167,8/7/2021 9:31,21740,walleye pollock,NA,NA,NA,NA,NA,BB-07,342.6476511,9,223.9527131,0.040187055
-20666,162,202102,54,71,71,2021,64.000365,-164.567845,8/7/2021 7:10,21740,walleye pollock,NA,NA,NA,NA,NA,BB-06,48.47414449,17,413.0628853,0.041155961
-20665,162,202102,53,71,71,2021,64.33082,-164.56584,8/6/2021 15:14,21740,walleye pollock,NA,NA,NA,NA,NA,CC-06,0.256126199,1,25.61261993,0.039043253
-20664,162,202102,52,71,71,2021,64.309745,-165.3226,8/6/2021 12:25,21740,walleye pollock,NA,NA,NA,NA,NA,CC-05,2.425183363,5,134.732409,0.037110596
-20663,162,202102,51,71,71,2021,63.993235,-165.3112,8/6/2021 9:50,21740,walleye pollock,NA,NA,NA,NA,NA,BB-05,5.370384691,12,306.8791252,0.039103344
-20662,162,202102,50,71,71,2021,63.66752,-165.319985,8/6/2021 7:12,21740,walleye pollock,NA,NA,NA,NA,NA,AA-05,33.98412364,68,1650.657434,0.041195707
-20661,94,202102,36,71,71,2021,64.002595,-166.054845,8/2/2021 12:41,21740,walleye pollock,NA,NA,NA,NA,NA,BB-04,303.3465042,45,1043.463743,0.0431256
-20660,94,202102,35,71,71,2021,64.332225,-166.020675,8/2/2021 9:14,21740,walleye pollock,NA,NA,NA,NA,NA,CC-04,130.4895787,87,1799.143161,0.048356352
-20659,162,202102,44,71,71,2021,65.265275,-167.88624,8/1/2021 14:47,21740,walleye pollock,NA,NA,NA,NA,NA,FF-02,243.9560742,7,171.8000522,0.04074504
-20658,162,202102,43,71,71,2021,64.978615,-167.614405,8/1/2021 12:10,21740,walleye pollock,NA,NA,NA,NA,NA,EE-02,173.9296502,8,197.6473297,0.040476135
-20657,162,202102,42,71,71,2021,64.657665,-167.605295,8/1/2021 9:41,21740,walleye pollock,NA,NA,NA,NA,NA,DD-02,893.6106994,119,2904.899971,0.040965266
-20656,162,202102,41,71,71,2021,64.333085,-167.57719,8/1/2021 7:18,21740,walleye pollock,NA,NA,NA,NA,NA,CC-02,990.7193848,28,701.5716433,0.039910393
-20655,162,202102,40,71,71,2021,65.32447,-168.362725,7/31/2021 14:57,21740,walleye pollock,NA,NA,NA,NA,NA,FF-01,4421.293796,150,3261.022124,0.045997848
-20654,162,202102,39,71,71,2021,64.994345,-168.339065,7/31/2021 12:18,21740,walleye pollock,NA,NA,NA,NA,NA,EE-01,3580.302358,117,3099.599511,0.037746812
-20653,162,202102,38,71,71,2021,64.653955,-168.331795,7/31/2021 9:44,21740,walleye pollock,NA,NA,NA,NA,NA,DD-01,1029.046465,31,776.5443137,0.039920452
-20652,162,202102,37,71,71,2021,64.331415,-168.334425,7/31/2021 7:18,21740,walleye pollock,NA,NA,NA,NA,NA,CC-01,1023.065109,30,740.2786606,0.04052528
-20651,162,202102,36,71,71,2021,64.33431,-169.097245,7/30/2021 15:28,21740,walleye pollock,NA,NA,NA,NA,NA,CC-18,724.7744759,23,559.0145187,0.041143833
-20650,162,202102,35,71,71,2021,64.65804,-169.15643,7/30/2021 12:55,21740,walleye pollock,NA,NA,NA,NA,NA,DD-18,19630.97452,835,18097.55863,0.04613882
-20649,162,202102,34,71,71,2021,65.017845,-169.10073,7/30/2021 9:58,21740,walleye pollock,NA,NA,NA,NA,NA,EE-18,21167.16809,848,18728.68453,0.04527814
-20648,162,202102,33,71,71,2021,65.252895,-168.947575,7/30/2021 7:18,21740,walleye pollock,NA,NA,NA,NA,NA,FF-18,8089.110142,283,6566.137478,0.04309992
-20647,94,202102,34,71,71,2021,64.028995,-167.56952,7/30/2021 13:21,21740,walleye pollock,NA,NA,NA,NA,NA,BB-02,589.8359498,129,2954.447369,0.043662988
-20646,94,202102,33,71,71,2021,63.66072,-167.528985,7/30/2021 10:15,21740,walleye pollock,NA,NA,NA,NA,NA,AA-02,828.1910295,190,4321.550467,0.043965702
-20645,94,202102,32,71,71,2021,63.3267,-167.564485,7/30/2021 7:34,21740,walleye pollock,NA,NA,NA,NA,NA,ZZ-02,698.2866682,48,1096.785343,0.043764261
-20644,94,202102,31,71,71,2021,63.372045,-168.283725,7/29/2021 15:57,21740,walleye pollock,NA,NA,NA,NA,NA,ZZ-01,4089.501389,198,4447.307492,0.04452132
-20643,94,202102,30,71,71,2021,63.68902,-168.26882,7/29/2021 13:09,21740,walleye pollock,NA,NA,NA,NA,NA,AA-01,891.9659258,47,1065.372262,0.044116035
-20642,94,202102,29,71,71,2021,64.0101,-168.3144,7/29/2021 10:17,21740,walleye pollock,NA,NA,NA,NA,NA,BB-01,1327.680281,50,1171.083055,0.04269552
-20641,94,202102,28,71,71,2021,63.99764,-169.0628,7/29/2021 7:34,21740,walleye pollock,NA,NA,NA,NA,NA,BB-18,371.5080455,11,270.2770172,0.040698984
-20640,162,202102,32,71,71,2021,65.009085,-169.950965,7/29/2021 16:59,21740,walleye pollock,NA,NA,NA,NA,NA,EE-19,12239.03697,536,11861.07582,0.04518983
-20638,162,202102,30,71,71,2021,64.653585,-170.62823,7/29/2021 12:35,21740,walleye pollock,NA,NA,NA,NA,NA,DD-20,452.0648514,16,535.7805646,0.029862972
-20637,162,202102,29,71,71,2021,64.65693,-169.90694,7/29/2021 9:55,21740,walleye pollock,NA,NA,NA,NA,NA,DD-19,241.5574614,14,310.3996751,0.04510314
-20636,162,202102,28,71,71,2021,64.316715,-169.83788,7/29/2021 7:14,21740,walleye pollock,NA,NA,NA,NA,NA,CC-19,2703.602145,147,3406.733374,0.04314984
-20635,162,202102,27,71,71,2021,64.28089,-170.67872,7/28/2021 15:31,21740,walleye pollock,NA,NA,NA,NA,NA,CC-20,8409.447489,461,10616.88427,0.043421402
-20634,162,202102,26,71,71,2021,64.233985,-171.105935,7/28/2021 13:29,21740,walleye pollock,NA,NA,NA,NA,NA,CC-21,17846.81721,1046,24586.79609,0.04254316
-20633,162,202102,25,71,71,2021,63.6988,-171.051215,7/27/2021 17:38,21740,walleye pollock,NA,NA,NA,NA,NA,AA-21,0,0,0,0.042264048
-20632,162,202102,24,71,71,2021,63.99391,-170.552865,7/27/2021 14:46,21740,walleye pollock,NA,NA,NA,NA,NA,BB-20,37.31575637,2,46.64469546,0.04287733
-20631,162,202102,23,71,71,2021,64.04661,-171.351435,7/27/2021 11:56,21740,walleye pollock,NA,NA,NA,NA,NA,BB-21,3454.057863,199,4317.572328,0.046090716
-20630,162,202102,22,71,71,2021,64.01035,-171.79476,7/27/2021 9:55,21740,walleye pollock,NA,NA,NA,NA,NA,BB-22,2863.767121,178,3730.883024,0.047709885
-20628,94,202102,27,71,71,2021,63.98062,-169.77538,7/28/2021 17:44,21740,walleye pollock,NA,NA,NA,NA,NA,BB-19,217.3015494,13,318.8397451,0.040772834
-20627,94,202102,26,71,71,2021,63.68538,-169.66229,7/28/2021 15:07,21740,walleye pollock,NA,NA,NA,NA,NA,AA-19,244.0383278,12,290.8103211,0.04126401
-20626,94,202102,25,71,71,2021,63.68096,-168.963455,7/28/2021 12:01,21740,walleye pollock,NA,NA,NA,NA,NA,AA-18,2113.192866,89,2017.746649,0.04410861
-20625,94,202102,24,70,70,2021,62.99652,-168.200905,7/27/2021 15:44,21740,walleye pollock,NA,NA,NA,NA,NA,Y-01,785.6166295,45,1031.233543,0.04363706
-20624,94,202102,23,70,70,2021,62.865445,-168.825805,7/27/2021 12:55,21740,walleye pollock,NA,NA,NA,NA,NA,Y-18,1538.908203,69,1543.606135,0.044700522
-20623,94,202102,22,70,70,2021,62.657235,-168.896405,7/27/2021 10:52,21740,walleye pollock,NA,NA,NA,NA,NA,X-18,744.2013421,37,807.7280627,0.045807496
-20622,94,202102,21,70,70,2021,62.66026,-169.62538,7/27/2021 7:37,21740,walleye pollock,NA,NA,NA,NA,NA,X-19,593.3633654,36,848.8071666,0.04241246
-20621,162,202102,20,81,81,2021,63.657025,-172.673635,7/26/2021 18:39,21740,walleye pollock,NA,NA,NA,NA,NA,AA-23,2639.187498,158,3437.405199,0.045964904
-20620,162,202102,19,70,70,2021,63.535055,-171.99621,7/26/2021 16:03,21740,walleye pollock,NA,NA,NA,NA,NA,AA-22,3702.955062,135,3313.661231,0.040740435
-20619,162,202102,18,70,70,2021,63.24515,-171.99726,7/26/2021 13:34,21740,walleye pollock,NA,NA,NA,NA,NA,ZZ-22,1723.315773,95,1959.719876,0.048476316
-20617,162,202102,16,81,81,2021,63.33523,-172.62468,7/26/2021 9:32,21740,walleye pollock,NA,NA,NA,NA,NA,ZZ-23,6641.090979,354,7664.046313,0.0461897
-20616,162,202102,15,81,81,2021,63.339025,-173.357445,7/26/2021 7:00,21740,walleye pollock,NA,NA,NA,NA,NA,ZZ-24,320.6332871,23,498.2814597,0.046158651
-20615,94,202102,20,70,70,2021,62.674705,-170.364425,7/26/2021 17:42,21740,walleye pollock,NA,NA,NA,NA,NA,X-20,4982.870583,256,5747.825301,0.044538584
-20614,94,202102,19,70,70,2021,62.944735,-170.48452,7/26/2021 15:20,21740,walleye pollock,NA,NA,NA,NA,NA,Y-20,4397.188087,204,4684.455427,0.043548285
-20613,94,202102,18,70,70,2021,63.20071,-171.16688,7/26/2021 12:34,21740,walleye pollock,NA,NA,NA,NA,NA,ZZ-21,1671.109277,28,1284.057622,0.021805875
-20612,94,202102,17,70,70,2021,63.003185,-171.11632,7/26/2021 10:25,21740,walleye pollock,NA,NA,NA,NA,NA,Y-21,2700.917658,158,3588.504793,0.04402948
-20611,94,202102,16,70,70,2021,62.64141,-170.958235,7/26/2021 7:30,21740,walleye pollock,NA,NA,NA,NA,NA,X-21,890.3278998,56,1246.770752,0.044916036
-20610,94,202102,15,70,70,2021,62.33985,-170.989715,7/25/2021 16:17,21740,walleye pollock,NA,NA,NA,NA,NA,W-21,647.1921555,49,1092.025331,0.044870754
-20609,94,202102,14,70,70,2021,62.305455,-170.27634,7/25/2021 13:18,21740,walleye pollock,NA,NA,NA,NA,NA,W-20,4332.693871,211,4882.625614,0.043214454
-20608,94,202102,13,70,70,2021,62.00565,-170.269635,7/25/2021 10:46,21740,walleye pollock,NA,NA,NA,NA,NA,V-20,929.5228176,50,1047.231656,0.047744928
-20607,94,202102,12,70,70,2021,61.980685,-171.07103,7/25/2021 7:36,21740,walleye pollock,NA,NA,NA,NA,NA,V-21,917.7133031,53,1035.749682,0.051170665
-20606,162,202102,14,81,81,2021,63.000435,-173.981685,7/25/2021 15:19,21740,walleye pollock,NA,NA,NA,NA,NA,Y-25,107.8738552,8,154.1055075,0.051912486
-20605,162,202102,13,81,81,2021,63.004,-173.215325,7/25/2021 12:37,21740,walleye pollock,NA,NA,NA,NA,NA,Y-24,1175.796713,75,1564.669153,0.047933456
-20604,162,202102,12,81,81,2021,63.003305,-172.56412,7/25/2021 10:12,21740,walleye pollock,NA,NA,NA,NA,NA,Y-23,167.2616311,12,241.8240449,0.049622857
-20603,162,202102,11,70,70,2021,63.00793,-171.767845,7/25/2021 7:23,21740,walleye pollock,NA,NA,NA,NA,NA,Y-22,2367.951302,136,2858.270853,0.047581215
-20602,94,202102,11,70,70,2021,62.02658,-171.66618,7/24/2021 18:35,21740,walleye pollock,NA,NA,NA,NA,NA,V-22,456.5294201,23,497.6387043,0.04621827
-20601,94,202102,10,81,81,2021,62.332695,-171.79744,7/24/2021 15:37,21740,walleye pollock,NA,NA,NA,NA,NA,W-22,396.7819852,94,2040.345001,0.04607064
-20600,94,202102,9,81,81,2021,62.326085,-172.3844,7/24/2021 13:01,21740,walleye pollock,NA,NA,NA,NA,NA,W-23,310.1086552,25,555.7502781,0.044984233
-20599,94,202102,8,81,81,2021,62.00663,-172.403475,7/24/2021 10:10,21740,walleye pollock,NA,NA,NA,NA,NA,V-23,325.2432929,17,317.9126023,0.053473816
-20598,94,202102,7,81,81,2021,61.997375,-173.11302,7/24/2021 7:29,21740,walleye pollock,NA,NA,NA,NA,NA,V-24,844.0919233,49,977.8359317,0.050110656
-20597,162,202102,10,70,70,2021,62.67179,-171.8136,7/24/2021 17:29,21740,walleye pollock,NA,NA,NA,NA,NA,X-22,887.7662155,73,1609.910166,0.045344145
-20596,162,202102,9,81,81,2021,62.667145,-172.44106,7/24/2021 15:11,21740,walleye pollock,NA,NA,NA,NA,NA,X-23,2132.951135,114,2510.909019,0.045401884
-20595,162,202102,8,81,81,2021,62.662975,-173.16578,7/24/2021 12:33,21740,walleye pollock,NA,NA,NA,NA,NA,X-24,185.4615005,10,215.6529075,0.04637081
-20594,162,202102,7,81,81,2021,62.348985,-173.16048,7/24/2021 10:03,21740,walleye pollock,NA,NA,NA,NA,NA,W-24,3780.558004,221,4674.405946,0.047278735
-20593,162,202102,6,81,81,2021,62.332455,-173.83068,7/24/2021 7:17,21740,walleye pollock,NA,NA,NA,NA,NA,W-25,3786.859049,214,4616.279331,0.04635768
-20592,94,202102,6,81,81,2021,61.664665,-172.292375,7/23/2021 15:47,21740,walleye pollock,NA,NA,NA,NA,NA,U-23,4961.216485,288,5753.756484,0.050054256
-20591,94,202102,5,81,81,2021,61.66059,-171.533265,7/23/2021 12:57,21740,walleye pollock,NA,NA,NA,NA,NA,U-22,1864.588483,105,2144.144023,0.048970591
-20590,94,202102,4,81,81,2021,61.338445,-171.53157,7/23/2021 10:10,21740,walleye pollock,NA,NA,NA,NA,NA,T-22,5995.767809,441,8704.393469,0.05066407
-20589,94,202102,3,81,81,2021,61.340725,-172.206795,7/23/2021 7:33,21740,walleye pollock,NA,NA,NA,NA,NA,T-23,3962.834165,273,5133.984393,0.053175074
-20588,162,202102,5,81,81,2021,62.65922,-173.913775,7/23/2021 15:28,21740,walleye pollock,NA,NA,NA,NA,NA,X-25,116.4872006,8,175.8297367,0.045498561
-20587,162,202102,4,81,81,2021,62.659095,-174.621015,7/23/2021 12:35,21740,walleye pollock,NA,NA,NA,NA,NA,X-26,1449.193683,112,2358.809657,0.047481576
-20586,162,202102,3,81,81,2021,62.337775,-174.61426,7/23/2021 10:03,21740,walleye pollock,NA,NA,NA,NA,NA,W-26,761.907467,136,2917.623976,0.046613272
-20585,162,202102,2,81,81,2021,62.33486,-175.275625,7/23/2021 7:33,21740,walleye pollock,NA,NA,NA,NA,NA,W-27,2831.131693,193,4125.082416,0.046786944
-20577,94,202102,2,81,81,2021,61.359355,-172.91428,7/22/2021 10:15,21740,walleye pollock,NA,NA,NA,NA,NA,T-24,3994.657416,302,6001.027408,0.050324716
-20576,94,202102,1,81,81,2021,61.67323,-173.07778,7/22/2021 7:31,21740,walleye pollock,NA,NA,NA,NA,NA,U-24,3784.560491,273,5062.150976,0.053929644
-19851,162,201902,46,81,81,2019,63.336915,-173.406035,8/13/2019 18:24,21740,walleye pollock,NA,NA,NA,NA,NA,ZZ-24,14694.94592,1303,26061.32287,0.049997462
-19850,162,201902,45,81,81,2019,63.33313,-172.647645,8/13/2019 15:40,21740,walleye pollock,NA,NA,NA,NA,NA,ZZ-23,11048.42501,796,15830.62661,0.05028228
-19849,162,201902,44,70,70,2019,63.299995,-171.984305,8/13/2019 12:58,21740,walleye pollock,NA,NA,NA,NA,NA,ZZ-22,8948.526382,552,11956.37871,0.046167825
-19848,162,201902,43,70,70,2019,63.69839,-172.061445,8/13/2019 10:10,21740,walleye pollock,NA,NA,NA,NA,NA,AA-22,14997.56562,395,22112.87205,0.017862899
-19847,162,201902,42,81,81,2019,63.6616,-172.721165,8/13/2019 7:49,21740,walleye pollock,NA,NA,NA,NA,NA,AA-23,8440.034941,762,15465.3738,0.04927136
-19846,94,201902,81,70,70,2019,60.66889,-169.36521,8/20/2019 10:36,21740,walleye pollock,NA,NA,NA,NA,NA,R-19,251.198287,615,14357.52291,0.042834687
-19845,94,201902,80,70,70,2019,60.667385,-168.69992,8/20/2019 8:07,21740,walleye pollock,NA,NA,NA,NA,NA,R-18,407.2661418,441,9286.678828,0.047487375
-19844,94,201902,58,70,70,2019,62.67068,-168.891655,8/14/2019 17:52,21740,walleye pollock,NA,NA,NA,NA,NA,X-18,5463.94029,539,11920.77739,0.045215172
-19843,94,201902,57,70,70,2019,62.872775,-168.828885,8/14/2019 16:01,21740,walleye pollock,NA,NA,NA,NA,NA,Y-18,3867.293829,316,6908.809961,0.045738702
-19841,162,201902,76,70,70,2019,60.666145,-170.092865,8/20/2019 11:14,21740,walleye pollock,NA,NA,NA,NA,NA,R-20,3158.473425,232,4837.951662,0.047954179
-19840,162,201902,75,81,81,2019,60.670745,-170.76827,8/20/2019 8:18,21740,walleye pollock,NA,NA,NA,NA,NA,R-21,23014.90294,2790,56704.57405,0.04920238
-19839,94,201902,79,70,70,2019,60.665215,-168.022505,8/19/2019 16:37,21740,walleye pollock,NA,NA,NA,NA,NA,R-01,535.5623224,665,14707.78214,0.045214159
-19838,94,201902,78,70,70,2019,60.99725,-168.714285,8/19/2019 13:13,21740,walleye pollock,NA,NA,NA,NA,NA,S-18,1581.802018,2728,64540.17209,0.042268248
-19837,94,201902,77,70,70,2019,60.998555,-168.035835,8/19/2019 10:37,21740,walleye pollock,NA,NA,NA,NA,NA,S-01,1174.452241,1624,36802.90282,0.044126954
-19836,94,201902,76,70,70,2019,61.000675,-167.36652,8/19/2019 8:11,21740,walleye pollock,NA,NA,NA,NA,NA,S-02,1000.869104,1158,26476.44598,0.043736988
-19835,162,201902,74,81,81,2019,60.992635,-170.769875,8/19/2019 15:51,21740,walleye pollock,NA,NA,NA,NA,NA,S-21,11554.36514,1597,34050.21291,0.046901322
-19834,162,201902,73,70,70,2019,60.992235,-170.07322,8/19/2019 13:10,21740,walleye pollock,NA,NA,NA,NA,NA,S-20,5565.000002,2721,58934.38446,0.046169991
-19833,162,201902,72,70,70,2019,60.99903,-169.42226,8/19/2019 10:40,21740,walleye pollock,NA,NA,NA,NA,NA,S-19,1046.280302,228,5770.207266,0.039513312
-19832,162,201902,71,70,70,2019,61.32734,-169.464865,8/19/2019 8:08,21740,walleye pollock,NA,NA,NA,NA,NA,T-19,927.0739813,70,1762.115203,0.039724985
-19831,94,201902,75,70,70,2019,60.6635,-167.33004,8/18/2019 16:06,21740,walleye pollock,NA,NA,NA,NA,NA,R-02,269.2824846,72,1500.297059,0.047990496
-19830,94,201902,74,70,70,2019,60.666005,-166.636445,8/18/2019 13:29,21740,walleye pollock,NA,NA,NA,NA,NA,R-03,268.3135384,178,4361.626469,0.040810464
-19829,94,201902,73,70,70,2019,60.997585,-166.647435,8/18/2019 10:53,21740,walleye pollock,NA,NA,NA,NA,NA,S-03,23.83511819,12,280.4131551,0.042793998
-19828,94,201902,72,70,70,2019,61.329885,-166.68264,8/18/2019 8:26,21740,walleye pollock,NA,NA,NA,NA,NA,T-03,35.20885825,15,347.455838,0.043170954
-19826,162,201902,70,70,70,2019,61.33742,-170.17414,8/18/2019 18:09,21740,walleye pollock,NA,NA,NA,NA,NA,T-20,6813.255029,1175,26049.80723,0.0451059
-19825,162,201902,69,70,70,2019,61.664485,-170.177965,8/18/2019 15:42,21740,walleye pollock,NA,NA,NA,NA,NA,U-20,6371.941,1039,22097.61916,0.04701864
-19824,162,201902,68,70,70,2019,61.67139,-169.507085,8/18/2019 13:10,21740,walleye pollock,NA,NA,NA,NA,NA,U-19,1257.409583,180,4268.192745,0.042172416
-19823,162,201902,67,70,70,2019,61.992035,-169.559745,8/18/2019 10:40,21740,walleye pollock,NA,NA,NA,NA,NA,V-19,4678.697473,1085,22522.67961,0.048173664
-19822,162,201902,66,70,70,2019,61.99635,-170.24224,8/18/2019 8:11,21740,walleye pollock,NA,NA,NA,NA,NA,V-20,6227.591624,2374,50337.08033,0.047162052
-19821,162,201902,65,70,70,2019,62.32753,-170.281995,8/17/2019 15:43,21740,walleye pollock,NA,NA,NA,NA,NA,W-20,2842.111443,187,4308.777999,0.043399776
-19820,162,201902,64,70,70,2019,62.346275,-169.590045,8/17/2019 13:05,21740,walleye pollock,NA,NA,NA,NA,NA,W-19,4745.746882,361,8081.391658,0.044670524
-19819,162,201902,63,70,70,2019,62.670615,-169.647345,8/17/2019 10:30,21740,walleye pollock,NA,NA,NA,NA,NA,X-19,8889.552333,540,12674.28015,0.04260597
-19818,162,201902,62,70,70,2019,62.67188,-170.329935,8/17/2019 8:04,21740,walleye pollock,NA,NA,NA,NA,NA,X-20,21600.49448,1254,29845.85118,0.04201589
-19817,94,201902,70,70,70,2019,61.647585,-166.73471,8/17/2019 15:40,21740,walleye pollock,NA,NA,NA,NA,NA,U-03,47.16460518,35,859.7714487,0.040708493
-19816,94,201902,69,70,70,2019,61.666785,-167.390325,8/17/2019 13:07,21740,walleye pollock,NA,NA,NA,NA,NA,U-02,112.3274444,132,3038.365301,0.043444414
-19815,94,201902,68,70,70,2019,61.344665,-167.367465,8/17/2019 10:32,21740,walleye pollock,NA,NA,NA,NA,NA,T-02,365.9450378,517,12337.37102,0.0419052
-19814,94,201902,67,70,70,2019,61.331305,-168.08544,8/17/2019 7:51,21740,walleye pollock,NA,NA,NA,NA,NA,T-01,1063.600634,1278,28350.85222,0.04507801
-19813,94,201902,66,70,70,2019,61.32822,-168.769,8/16/2019 16:07,21740,walleye pollock,NA,NA,NA,NA,NA,T-18,1064.417772,2411,53626.81533,0.044958851
-19812,94,201902,65,70,70,2019,61.665925,-168.803725,8/16/2019 13:22,21740,walleye pollock,NA,NA,NA,NA,NA,U-18,1354.092389,135,2968.536417,0.045476956
-19811,94,201902,64,70,70,2019,61.6656,-168.083865,8/16/2019 10:29,21740,walleye pollock,NA,NA,NA,NA,NA,U-01,779.6383386,1520,31937.75164,0.04759258
-19810,94,201902,63,70,70,2019,61.997985,-168.12715,8/16/2019 7:53,21740,walleye pollock,NA,NA,NA,NA,NA,V-01,551.5371659,918,20337.86376,0.045137484
-19809,162,201902,61,70,70,2019,62.675665,-171.096775,8/16/2019 15:43,21740,walleye pollock,NA,NA,NA,NA,NA,X-21,11546.11084,885,18560.82236,0.047681077
-19808,162,201902,60,70,70,2019,62.949575,-170.494965,8/16/2019 12:37,21740,walleye pollock,NA,NA,NA,NA,NA,Y-20,53107.15121,2923,69061.98094,0.0423243
-19807,162,201902,59,70,70,2019,63.00214,-171.13227,8/16/2019 10:06,21740,walleye pollock,NA,NA,NA,NA,NA,Y-21,21155.43922,1403,29831.64153,0.0470306
-19806,162,201902,58,70,70,2019,63.273085,-171.123505,8/16/2019 8:03,21740,walleye pollock,NA,NA,NA,NA,NA,ZZ-21,75.83728232,2,84.17012466,0.0237614
-19805,162,201902,57,70,70,2019,62.974005,-171.806345,8/15/2019 18:23,21740,walleye pollock,NA,NA,NA,NA,NA,Y-22,13873.79671,1007,21455.75257,0.0469338
-19804,162,201902,56,70,70,2019,62.66339,-171.8221,8/15/2019 15:54,21740,walleye pollock,NA,NA,NA,NA,NA,X-22,18219.60061,1828,39501.33241,0.04627692
-19803,162,201902,55,81,81,2019,62.668765,-172.508855,8/15/2019 13:24,21740,walleye pollock,NA,NA,NA,NA,NA,X-23,14336.99612,1037,22458.27061,0.046174526
-19802,162,201902,54,81,81,2019,62.66735,-173.19076,8/15/2019 10:57,21740,walleye pollock,NA,NA,NA,NA,NA,X-24,19877.67872,1498,29398.86965,0.05095434
-19801,162,201902,53,81,81,2019,62.65517,-173.90926,8/15/2019 8:13,21740,walleye pollock,NA,NA,NA,NA,NA,X-25,8158.879389,643,12313.94548,0.05221722
-19800,94,201902,62,70,70,2019,61.997905,-168.837175,8/15/2019 16:23,21740,walleye pollock,NA,NA,NA,NA,NA,V-18,5075.436154,1032,22020.26406,0.046865923
-19799,94,201902,61,70,70,2019,62.33586,-168.865795,8/15/2019 13:30,21740,walleye pollock,NA,NA,NA,NA,NA,W-18,5194.910279,385,8104.088662,0.047506884
-19798,94,201902,60,70,70,2019,62.34296,-168.139095,8/15/2019 10:30,21740,walleye pollock,NA,NA,NA,NA,NA,W-01,1511.527223,449,9873.801166,0.045473875
-19797,94,201902,59,70,70,2019,62.66791,-168.186865,8/15/2019 7:53,21740,walleye pollock,NA,NA,NA,NA,NA,X-01,1052.198357,157,3295.006323,0.04764786
-19796,94,201902,55,70,70,2019,63.00614,-168.21037,8/13/2019 17:51,21740,walleye pollock,NA,NA,NA,NA,NA,Y-01,1809.700634,148,3128.921657,0.047300641
-19795,94,201902,54,71,71,2019,63.341185,-168.2779,8/13/2019 14:14,21740,walleye pollock,NA,NA,NA,NA,NA,ZZ-01,1416.768062,356,7245.646171,0.049132954
-19794,94,201902,53,71,71,2019,63.67149,-168.26885,8/13/2019 11:06,21740,walleye pollock,NA,NA,NA,NA,NA,AA-01,1893.44368,113,2326.274921,0.048575514
-19792,94,201902,51,71,71,2019,63.674145,-167.51265,8/13/2019 7:36,21740,walleye pollock,NA,NA,NA,NA,NA,AA-02,1714.791404,483,10486.09544,0.046060996
-19791,162,201902,52,81,81,2019,62.66971,-174.6305,8/14/2019 18:12,21740,walleye pollock,NA,NA,NA,NA,NA,X-26,12507.15654,1056,19760.2557,0.053440604
-19789,162,201902,50,81,81,2019,63.001735,-174.0076,8/14/2019 14:26,21740,walleye pollock,NA,NA,NA,NA,NA,Y-25,11918.94156,1074,17826.52619,0.060247296
-19788,162,201902,49,81,81,2019,63.010495,-173.293005,8/14/2019 11:52,21740,walleye pollock,NA,NA,NA,NA,NA,Y-24,7240.407605,529,10601.24171,0.049899815
-19786,162,201902,47,81,81,2019,63.02286,-172.60382,8/14/2019 8:04,21740,walleye pollock,NA,NA,NA,NA,NA,Y-23,14685.42519,1023,20504.32379,0.049891916
-19784,94,201902,50,71,71,2019,64.0034,-166.056865,8/11/2019 16:07,21740,walleye pollock,NA,NA,NA,NA,NA,BB-04,48.48872934,15,361.8561891,0.041452932
-19783,94,201902,49,71,71,2019,63.673455,-166.063625,8/11/2019 13:41,21740,walleye pollock,NA,NA,NA,NA,NA,AA-04,390.8710951,41,875.0049086,0.04685688
-19782,94,201902,48,71,71,2019,63.66541,-166.78842,8/11/2019 10:55,21740,walleye pollock,NA,NA,NA,NA,NA,AA-03,447.1755239,133,2943.545888,0.0451836
-19781,94,201902,47,71,71,2019,63.99847,-166.81108,8/11/2019 8:22,21740,walleye pollock,NA,NA,NA,NA,NA,BB-03,3665.118013,275,6183.670994,0.044471965
-19779,162,201902,41,71,71,2019,64.00155,-172.00702,8/11/2019 18:07,21740,walleye pollock,NA,NA,NA,NA,NA,BB-22,13252.85488,692,20814.74256,0.033245667
-19778,162,201902,40,71,71,2019,64.04964,-171.353185,8/11/2019 10:31,21740,walleye pollock,NA,NA,NA,NA,NA,BB-21,13525.84115,722,17018.70679,0.042423905
-19777,162,201902,39,71,71,2019,63.699605,-171.03479,8/11/2019 7:43,21740,walleye pollock,NA,NA,NA,NA,NA,AA-21,0,0,0,0.023344632
-19776,94,201902,45,71,71,2019,63.341035,-167.513515,8/10/2019 17:49,21740,walleye pollock,NA,NA,NA,NA,NA,ZZ-02,3535.343211,2319,59855.88747,0.038743056
-19775,94,201902,44,70,70,2019,62.998815,-167.488725,8/10/2019 15:21,21740,walleye pollock,NA,NA,NA,NA,NA,Y-02,1811.770684,162,3650.628128,0.044375925
-19774,94,201902,43,70,70,2019,62.669555,-167.449085,8/10/2019 12:51,21740,walleye pollock,NA,NA,NA,NA,NA,X-02,350.3796227,321,7506.631442,0.04276219
-19773,94,201902,42,70,70,2019,62.33572,-167.438125,8/10/2019 10:19,21740,walleye pollock,NA,NA,NA,NA,NA,W-02,404.6152017,864,20784.0389,0.041570361
-19772,94,201902,41,70,70,2019,61.99045,-167.4153,8/10/2019 7:38,21740,walleye pollock,NA,NA,NA,NA,NA,V-02,427.0438675,566,13139.81131,0.0430752
-19771,162,201902,38,71,71,2019,63.993085,-170.55962,8/10/2019 14:50,21740,walleye pollock,NA,NA,NA,NA,NA,BB-20,315.3557631,14,321.9089088,0.043490564
-19770,162,201902,37,71,71,2019,64.232535,-171.104195,8/10/2019 12:13,21740,walleye pollock,NA,NA,NA,NA,NA,CC-21,5024.327707,283,6744.191988,0.041962032
-19769,162,201902,36,71,71,2019,64.3301,-170.59159,8/10/2019 10:03,21740,walleye pollock,NA,NA,NA,NA,NA,CC-20,7266.469013,398,9379.890269,0.0424312
-19768,162,201902,35,71,71,2019,64.63456,-170.605155,8/10/2019 7:39,21740,walleye pollock,NA,NA,NA,NA,NA,DD-20,9483.651248,595,12231.79678,0.048643712
-19767,162,201902,34,71,71,2019,64.66201,-169.88556,8/9/2019 12:38,21740,walleye pollock,NA,NA,NA,NA,NA,DD-19,7356.745387,436,9286.722224,0.04694875
-19766,162,201902,33,71,71,2019,64.66013,-169.120555,8/9/2019 10:10,21740,walleye pollock,NA,NA,NA,NA,NA,DD-18,15861.30918,423,16881.58764,0.025056885
-19765,162,201902,32,71,71,2019,64.329575,-169.076535,8/9/2019 7:37,21740,walleye pollock,NA,NA,NA,NA,NA,CC-18,4000.43702,151,3769.993072,0.040053124
-19764,94,201902,40,70,70,2019,62.00497,-166.69534,8/9/2019 16:57,21740,walleye pollock,NA,NA,NA,NA,NA,V-03,144.9225507,43,999.4658668,0.04302298
-19762,94,201902,38,70,70,2019,62.340385,-166.73713,8/9/2019 13:21,21740,walleye pollock,NA,NA,NA,NA,NA,W-03,874.5675603,1066,26686.38956,0.039945456
-19761,94,201902,37,70,70,2019,62.661525,-166.746715,8/9/2019 10:47,21740,walleye pollock,NA,NA,NA,NA,NA,X-03,209.9020615,212,4664.490257,0.045449768
-19759,94,201902,35,70,70,2019,63.00628,-166.75543,8/9/2019 7:32,21740,walleye pollock,NA,NA,NA,NA,NA,Y-03,627.206104,293,6677.739407,0.043877124
-19758,162,201902,31,71,71,2019,64.303325,-169.82463,8/8/2019 17:16,21740,walleye pollock,NA,NA,NA,NA,NA,CC-19,2249.437294,107,2474.704816,0.04323748
-19757,162,201902,30,71,71,2019,63.988455,-169.77752,8/8/2019 14:51,21740,walleye pollock,NA,NA,NA,NA,NA,BB-19,1529.552338,68,1667.033577,0.04079102
-19756,162,201902,29,71,71,2019,63.65616,-169.754585,8/8/2019 12:20,21740,walleye pollock,NA,NA,NA,NA,NA,AA-19,2991.623206,150,3735.482235,0.040155458
-19755,162,201902,28,71,71,2019,63.667525,-169.007845,8/8/2019 9:42,21740,walleye pollock,NA,NA,NA,NA,NA,AA-18,2317.658222,303,7071.296357,0.042849286
-19754,162,201902,27,71,71,2019,63.95837,-169.037045,8/8/2019 7:20,21740,walleye pollock,NA,NA,NA,NA,NA,BB-18,2274.708321,99,2142.684337,0.046203726
-19753,94,201902,34,70,70,2019,63.001125,-166.01628,8/8/2019 16:42,21740,walleye pollock,NA,NA,NA,NA,NA,Y-04,90.61110026,24,556.1806666,0.043151446
-19752,94,201902,33,71,71,2019,63.336715,-166.76685,8/8/2019 13:12,21740,walleye pollock,NA,NA,NA,NA,NA,ZZ-03,458.0304737,476,11261.49305,0.04226793
-19750,94,201902,31,71,71,2019,63.334115,-166.038665,8/8/2019 9:40,21740,walleye pollock,NA,NA,NA,NA,NA,ZZ-04,161.2603899,98,2170.812942,0.045144378
-19749,94,201902,30,71,71,2019,63.331605,-165.305835,8/8/2019 7:09,21740,walleye pollock,NA,NA,NA,NA,NA,ZZ-05,69.76449932,3,64.99798073,0.04615528
-19748,94,201902,29,71,71,2019,63.663985,-165.30845,8/7/2019 16:17,21740,walleye pollock,NA,NA,NA,NA,NA,AA-05,128.5784815,5,122.6893907,0.04075332
-19747,94,201902,28,71,71,2019,63.67351,-164.573905,8/7/2019 13:53,21740,walleye pollock,NA,NA,NA,NA,NA,AA-06,12.89449562,2,43.71015464,0.045755958
-19745,94,201902,26,71,71,2019,63.665155,-163.80997,8/7/2019 10:24,21740,walleye pollock,NA,NA,NA,NA,NA,AA-07,0,0,0,0.040165986
-19744,94,201902,25,71,71,2019,63.66912,-163.04993,8/7/2019 7:49,21740,walleye pollock,NA,NA,NA,NA,NA,AA-08,0,0,0,0.0366183
-19742,162,201902,26,71,71,2019,64.01046,-168.277315,8/7/2019 14:49,21740,walleye pollock,NA,NA,NA,NA,NA,BB-01,1125.950744,56,1335.5908,0.04192901
-19741,162,201902,25,71,71,2019,64.00194,-167.568545,8/7/2019 12:23,21740,walleye pollock,NA,NA,NA,NA,NA,BB-02,2341.911848,1994,47763.8105,0.041747088
-19740,162,201902,24,71,71,2019,64.31802,-167.61301,8/7/2019 9:45,21740,walleye pollock,NA,NA,NA,NA,NA,CC-02,2106.259854,610,15590.18724,0.039127176
-19739,162,201902,23,71,71,2019,64.32977,-168.32124,8/7/2019 7:22,21740,walleye pollock,NA,NA,NA,NA,NA,CC-01,3599.023677,154,3963.852548,0.038851092
-19738,94,201902,23,71,71,2019,63.99935,-162.31633,8/6/2019 17:45,21740,walleye pollock,NA,NA,NA,NA,NA,BB-09,0,0,0,0.041703513
-19737,94,201902,22,71,71,2019,63.997585,-161.527585,8/6/2019 15:02,21740,walleye pollock,NA,NA,NA,NA,NA,BB-10,0,0,0,0.043774612
-19736,94,201902,21,71,71,2019,64.31501,-161.56173,8/6/2019 12:19,21740,walleye pollock,NA,NA,NA,NA,NA,CC-10,0,0,0,0.043569504
-19735,94,201902,20,71,71,2019,64.33142,-162.274705,8/6/2019 9:53,21740,walleye pollock,NA,NA,NA,NA,NA,CC-09,0,0,0,0.04200326
-19734,94,201902,19,71,71,2019,64.247355,-163.12622,8/6/2019 7:03,21740,walleye pollock,NA,NA,NA,NA,NA,CC-08,0,0,0,0.037995606
-19733,162,201902,22,71,71,2019,64.6631,-168.349225,8/6/2019 15:30,21740,walleye pollock,NA,NA,NA,NA,NA,DD-01,7603.417358,312,8083.36729,0.038597776
-19732,162,201902,21,71,71,2019,65.00024,-168.36148,8/6/2019 12:38,21740,walleye pollock,NA,NA,NA,NA,NA,EE-01,14735.65243,1134,25679.91655,0.044159022
-19731,162,201902,20,71,71,2019,65.01249,-169.11489,8/6/2019 10:03,21740,walleye pollock,NA,NA,NA,NA,NA,EE-18,46881.40529,2135,44400.31171,0.048085248
-19730,162,201902,19,71,71,2019,65.01169,-169.902515,8/6/2019 7:31,21740,walleye pollock,NA,NA,NA,NA,NA,EE-19,6102.504603,295,6660.151157,0.044293289
-19583,162,201902,18,71,71,2019,65.223965,-168.904435,8/5/2019 17:47,21740,walleye pollock,NA,NA,NA,NA,NA,FF-18,26068.4942,997,23985.02103,0.04156761
-19582,162,201902,17,71,71,2019,65.335015,-168.387785,8/5/2019 15:06,21740,walleye pollock,NA,NA,NA,NA,NA,FF-01,4223.516799,166,3652.343138,0.045450275
-19581,162,201902,16,71,71,2019,65.30246,-167.669265,8/5/2019 12:45,21740,walleye pollock,NA,NA,NA,NA,NA,FF-02,1831.782946,57,1394.013724,0.040889124
-19580,162,201902,15,71,71,2019,65.006105,-167.643845,8/5/2019 10:24,21740,walleye pollock,NA,NA,NA,NA,NA,EE-02,1475.857102,137,3303.258013,0.041474205
-19579,162,201902,14,71,71,2019,64.673895,-167.605935,8/5/2019 7:44,21740,walleye pollock,NA,NA,NA,NA,NA,DD-02,2717.539099,170,4083.923965,0.041626632
-19577,94,201902,17,71,71,2019,64.002485,-163.064235,8/5/2019 15:32,21740,walleye pollock,NA,NA,NA,NA,NA,BB-08,2.506442874,1,25.06442874,0.039897179
-19576,94,201902,16,71,71,2019,64.00213,-163.774885,8/5/2019 13:01,21740,walleye pollock,NA,NA,NA,NA,NA,BB-07,0,0,0,0.03662193
-19575,94,201902,15,71,71,2019,64.337985,-163.78272,8/5/2019 10:21,21740,walleye pollock,NA,NA,NA,NA,NA,CC-07,0,0,0,0.04416033
-19574,94,201902,14,71,71,2019,64.32498,-164.531705,8/5/2019 7:47,21740,walleye pollock,NA,NA,NA,NA,NA,CC-06,0,0,0,0.042499236
-19510,94,201902,12,71,71,2019,64.00353,-164.54903,8/4/2019 17:01,21740,walleye pollock,NA,NA,NA,NA,NA,BB-06,0,0,0,0.042146869
-19509,94,201902,11,71,71,2019,64.013535,-165.32112,8/4/2019 13:51,21740,walleye pollock,NA,NA,NA,NA,NA,BB-05,196.4044448,3,71.50647262,0.041954244
-19508,94,201902,10,71,71,2019,64.331,-165.33186,8/4/2019 11:09,21740,walleye pollock,NA,NA,NA,NA,NA,CC-05,93.94152517,2,50.23610972,0.039812
-19507,162,201902,13,71,71,2019,64.657275,-166.81831,8/4/2019 16:43,21740,walleye pollock,NA,NA,NA,NA,NA,DD-03,778.6499047,23,560.6181815,0.04102614
-19506,162,201902,12,71,71,2019,64.338985,-166.83319,8/4/2019 13:24,21740,walleye pollock,NA,NA,NA,NA,NA,CC-03,754.3553964,47,1090.075438,0.043116282
-19505,162,201902,11,71,71,2019,64.332775,-166.045795,8/4/2019 10:25,21740,walleye pollock,NA,NA,NA,NA,NA,CC-04,131.4110553,3,64.62838785,0.04641923
-19504,94,201902,9,81,81,2019,61.67408,-170.91697,7/30/2019 15:23,21740,walleye pollock,NA,NA,NA,NA,NA,U-21,12291.35536,1186,25926.70198,0.045744345
-19503,94,201902,8,81,81,2019,61.33953,-170.850915,7/30/2019 12:39,21740,walleye pollock,NA,NA,NA,NA,NA,T-21,26866.57891,4730,104774.2595,0.045144676
-19502,94,201902,7,81,81,2019,61.342485,-171.48311,7/30/2019 10:02,21740,walleye pollock,NA,NA,NA,NA,NA,T-22,8023.853612,1116,23092.31031,0.048327776
-19501,94,201902,6,81,81,2019,61.679305,-171.556475,7/30/2019 7:21,21740,walleye pollock,NA,NA,NA,NA,NA,U-22,10752.17697,838,17261.8521,0.048546355
-19500,94,201902,5,81,81,2019,61.662905,-172.33209,7/29/2019 18:10,21740,walleye pollock,NA,NA,NA,NA,NA,U-23,6017.941751,600,12478.15076,0.048084048
-19499,94,201902,4,81,81,2019,61.34241,-172.285085,7/29/2019 15:38,21740,walleye pollock,NA,NA,NA,NA,NA,T-23,20544.54091,2427,46171.78277,0.052564572
-19498,94,201902,3,81,81,2019,61.333085,-172.93076,7/29/2019 12:51,21740,walleye pollock,NA,NA,NA,NA,NA,T-24,37692.87959,4188,85421.7085,0.04902735
-19497,94,201902,2,81,81,2019,61.6776,-173.093545,7/29/2019 10:04,21740,walleye pollock,NA,NA,NA,NA,NA,U-24,6970.206391,616,12972.44907,0.047485251
-19496,94,201902,1,81,81,2019,62.00723,-173.080015,7/29/2019 7:20,21740,walleye pollock,NA,NA,NA,NA,NA,V-24,12839.76454,1167,24083.76793,0.048455873
-19494,162,201902,10,70,70,2019,61.99793,-170.978145,7/30/2019 15:13,21740,walleye pollock,NA,NA,NA,NA,NA,V-21,7305.882079,484,10183.46972,0.047528005
-19493,162,201902,9,70,70,2019,62.33823,-171.04723,7/30/2019 12:33,21740,walleye pollock,NA,NA,NA,NA,NA,W-21,3601.84291,248,5228.066826,0.047436272
-19492,162,201902,8,81,81,2019,62.321995,-171.706535,7/30/2019 10:07,21740,walleye pollock,NA,NA,NA,NA,NA,W-22,5111.450073,359,7799.461802,0.046028817
-19491,162,201902,7,70,70,2019,61.985235,-171.655805,7/30/2019 7:32,21740,walleye pollock,NA,NA,NA,NA,NA,V-22,5332.049325,427,9016.042157,0.047360027
-19490,162,201902,6,81,81,2019,62.00941,-172.371035,7/29/2019 17:54,21740,walleye pollock,NA,NA,NA,NA,NA,V-23,9100.548057,704,15290.29339,0.046042282
-19489,162,201902,5,81,81,2019,62.3282,-172.451475,7/29/2019 15:19,21740,walleye pollock,NA,NA,NA,NA,NA,W-23,8570.214981,630,13510.89016,0.046629052
-19488,162,201902,4,81,81,2019,62.334975,-173.156085,7/29/2019 12:43,21740,walleye pollock,NA,NA,NA,NA,NA,W-24,6537.821581,582,11657.1556,0.049926416
-19487,162,201902,3,81,81,2019,62.334245,-173.86337,7/29/2019 10:08,21740,walleye pollock,NA,NA,NA,NA,NA,W-25,4990.860558,458,9214.688809,0.049703252
-19486,162,201902,2,81,81,2019,62.33512,-174.571725,7/29/2019 7:38,21740,walleye pollock,NA,NA,NA,NA,NA,W-26,3967.116713,1233,25403.55703,0.04853651
-19485,162,201902,1,81,81,2019,62.31661,-175.319035,7/28/2019 15:46,21740,walleye pollock,NA,NA,NA,NA,NA,W-27,13607.80774,1260,24557.20102,0.051308779
-17456,162,201702,52,71,71,2017,64.31149,-169.82966,8/21/2017 20:03,21740,walleye pollock,NA,NA,NA,NA,NA,CC-19,13803.93611,396,14398.41617,0.027503025
-17455,162,201702,51,71,71,2017,63.994085,-170.55932,8/21/2017 14:44,21740,walleye pollock,NA,NA,NA,NA,NA,BB-20,19294.02525,813,19110.79201,0.042541408
-17454,162,201702,50,71,71,2017,64.27813,-170.69045,8/21/2017 11:26,21740,walleye pollock,NA,NA,NA,NA,NA,CC-20,26641.75153,1117,27971.93341,0.039932885
-17453,162,201702,49,71,71,2017,64.30688,-171.27471,8/21/2017 8:27,21740,walleye pollock,NA,NA,NA,NA,NA,CC-21,75154.28311,1733,94233.22053,0.018390542
-17451,94,201702,46,71,71,2017,64.331065,-166.059735,8/23/2017 13:14,21740,walleye pollock,NA,NA,NA,NA,NA,CC-04,2781.22517,127,3029.189364,0.041925408
-17450,94,201702,45,71,71,2017,64.340145,-166.83257,8/23/2017 10:27,21740,walleye pollock,NA,NA,NA,NA,NA,CC-03,1950.656707,150,3401.121772,0.044103096
-17449,94,201702,44,71,71,2017,64.65558,-166.807915,8/23/2017 7:23,21740,walleye pollock,NA,NA,NA,NA,NA,DD-03,830.9243944,65,1447.913936,0.044892171
-17448,94,201702,39,71,71,2017,64.246525,-163.118495,8/21/2017 18:37,21740,walleye pollock,NA,NA,NA,NA,NA,CC-08,87.26326383,1,23.84242181,0.041942048
-17447,94,201702,38,71,71,2017,64.331405,-162.26691,8/21/2017 14:54,21740,walleye pollock,NA,NA,NA,NA,NA,CC-09,0,0,0,0.0413773
-17446,94,201702,37,71,71,2017,64.310265,-161.536975,8/21/2017 11:25,21740,walleye pollock,NA,NA,NA,NA,NA,CC-10,0,0,0,0.042134012
-17445,94,201702,36,71,71,2017,63.991045,-161.53304,8/21/2017 8:41,21740,walleye pollock,NA,NA,NA,NA,NA,BB-10,0,0,0,0.043862929
-17444,162,201702,87,70,70,2017,61.339715,-168.066195,9/1/2017 16:59,21740,walleye pollock,NA,NA,NA,NA,NA,T-01,2328.778205,694,15966.92426,0.043464852
-17443,162,201702,86,70,70,2017,61.667955,-168.0963,9/1/2017 14:13,21740,walleye pollock,NA,NA,NA,NA,NA,U-01,1514.089184,353,8392.454769,0.042061591
-17442,162,201702,85,70,70,2017,62.001255,-168.125995,9/1/2017 11:28,21740,walleye pollock,NA,NA,NA,NA,NA,V-01,1900.625968,998,24570.26835,0.040618197
-17441,162,201702,84,70,70,2017,62.000165,-167.442495,9/1/2017 8:40,21740,walleye pollock,NA,NA,NA,NA,NA,V-02,966.0748275,172,3860.259504,0.04455659
-17440,162,201702,89,70,70,2017,60.672095,-168.01654,9/2/2017 12:05,21740,walleye pollock,NA,NA,NA,NA,NA,R-01,1486.584405,1268,30573.17371,0.041474268
-17439,162,201702,88,70,70,2017,61.005615,-168.035185,9/2/2017 9:10,21740,walleye pollock,NA,NA,NA,NA,NA,S-01,2316.310947,936,22282.29236,0.04200645
-17438,162,201702,83,70,70,2017,62.338825,-167.437215,8/31/2017 18:52,21740,walleye pollock,NA,NA,NA,NA,NA,W-02,533.5691437,137,3267.72341,0.041925213
-17437,162,201702,82,70,70,2017,62.66205,-167.4697,8/31/2017 16:14,21740,walleye pollock,NA,NA,NA,NA,NA,X-02,961.0137798,192,4551.983366,0.042179416
-17436,162,201702,81,70,70,2017,62.333685,-168.15468,8/31/2017 11:47,21740,walleye pollock,NA,NA,NA,NA,NA,W-01,2951.865272,176,4134.89027,0.042564612
-17435,162,201702,80,70,70,2017,62.658195,-168.186235,8/31/2017 8:37,21740,walleye pollock,NA,NA,NA,NA,NA,X-01,5402.952325,286,6929.657675,0.04127188
-17434,162,201702,79,70,70,2017,62.999245,-167.48401,8/29/2017 18:21,21740,walleye pollock,NA,NA,NA,NA,NA,Y-02,1218.198719,239,5602.799843,0.042657244
-17433,162,201702,78,71,71,2017,63.330605,-167.508015,8/29/2017 15:39,21740,walleye pollock,NA,NA,NA,NA,NA,ZZ-02,1309.632429,86,2044.257898,0.042069056
-17432,162,201702,77,71,71,2017,63.324905,-168.243555,8/29/2017 12:13,21740,walleye pollock,NA,NA,NA,NA,NA,ZZ-01,3671.412183,181,4384.426517,0.04128248
-17431,162,201702,76,70,70,2017,63.00573,-168.223015,8/29/2017 8:41,21740,walleye pollock,NA,NA,NA,NA,NA,Y-01,4925.684519,306,7815.101043,0.039154964
-17430,162,201702,75,71,71,2017,63.66954,-168.278,8/28/2017 17:23,21740,walleye pollock,NA,NA,NA,NA,NA,AA-01,4671.545011,273,6517.935185,0.04188443
-17429,162,201702,74,71,71,2017,63.66578,-167.52785,8/28/2017 14:20,21740,walleye pollock,NA,NA,NA,NA,NA,AA-02,1704.181315,90,2155.766489,0.041748492
-17428,162,201702,73,71,71,2017,64.02824,-167.56579,8/28/2017 11:28,21740,walleye pollock,NA,NA,NA,NA,NA,BB-02,14232.04078,569,14751.6945,0.03857184
-17427,162,201702,72,71,71,2017,64.006705,-168.29421,8/28/2017 8:28,21740,walleye pollock,NA,NA,NA,NA,NA,BB-01,6324.539334,208,5609.467119,0.037080171
-17425,162,201702,71,71,71,2017,63.670105,-169.01404,8/27/2017 19:51,21740,walleye pollock,NA,NA,NA,NA,NA,AA-18,3845.509132,182,4553.415061,0.03997
-17424,162,201702,70,71,71,2017,63.66607,-169.75383,8/27/2017 16:56,21740,walleye pollock,NA,NA,NA,NA,NA,AA-19,1365.486806,134,3203.908807,0.041823912
-17423,162,201702,69,71,71,2017,63.99308,-169.79379,8/27/2017 14:12,21740,walleye pollock,NA,NA,NA,NA,NA,BB-19,5442.654926,221,5282.506537,0.0418362
-17422,162,201702,68,71,71,2017,64.0077,-169.05261,8/27/2017 11:11,21740,walleye pollock,NA,NA,NA,NA,NA,BB-18,5391.493381,215,5564.110195,0.0386405
-17421,162,201702,67,71,71,2017,64.29345,-169.138915,8/27/2017 8:27,21740,walleye pollock,NA,NA,NA,NA,NA,CC-18,8488.567742,435,11081.34856,0.03925515
-17420,94,201702,57,70,70,2017,60.67349,-167.31228,8/26/2017 15:53,21740,walleye pollock,NA,NA,NA,NA,NA,R-02,100.7374184,9,192.4101795,0.046775072
-17419,94,201702,56,70,70,2017,60.997285,-167.32733,8/26/2017 13:16,21740,walleye pollock,NA,NA,NA,NA,NA,S-02,301.5960091,15,312.4699638,0.048004614
-17418,94,201702,55,70,70,2017,61.344735,-167.372165,8/26/2017 10:28,21740,walleye pollock,NA,NA,NA,NA,NA,T-02,311.1412448,60,1349.268191,0.04446855
-17417,94,201702,54,70,70,2017,61.677945,-167.418495,8/26/2017 7:44,21740,walleye pollock,NA,NA,NA,NA,NA,U-02,155.7601558,21,462.000462,0.0454545
-17416,162,201702,66,71,71,2017,64.32915,-168.33552,8/26/2017 18:28,21740,walleye pollock,NA,NA,NA,NA,NA,CC-01,9758.602512,378,9280.835884,0.04072909
-17415,162,201702,65,71,71,2017,64.65996,-168.35471,8/26/2017 15:43,21740,walleye pollock,NA,NA,NA,NA,NA,DD-01,12994.65202,518,12230.17183,0.04235427
-17414,162,201702,64,71,71,2017,64.651255,-169.162115,8/26/2017 12:29,21740,walleye pollock,NA,NA,NA,NA,NA,DD-18,28165.56648,1333,28017.47113,0.047577456
-17413,162,201702,63,71,71,2017,65.00093,-168.344985,8/26/2017 8:30,21740,walleye pollock,NA,NA,NA,NA,NA,EE-01,10969.19155,420,9542.694972,0.044012724
-17412,162,201702,62,71,71,2017,65.32591,-168.369805,8/25/2017 19:59,21740,walleye pollock,NA,NA,NA,NA,NA,FF-01,4512.033411,160,3637.123382,0.043990809
-17411,162,201702,61,71,71,2017,65.256975,-167.869315,8/25/2017 16:40,21740,walleye pollock,NA,NA,NA,NA,NA,FF-02,15611.8411,555,13150.75442,0.042202902
-17410,162,201702,60,71,71,2017,64.97021,-167.600485,8/25/2017 12:19,21740,walleye pollock,NA,NA,NA,NA,NA,EE-02,1023.314875,31,713.6408066,0.04343922
-17409,162,201702,59,71,71,2017,64.70436,-167.60711,8/25/2017 8:17,21740,walleye pollock,NA,NA,NA,NA,NA,DD-02,7630.289007,241,5355.914402,0.044996985
-17408,162,201702,58,71,71,2017,64.32386,-167.576155,8/24/2017 18:29,21740,walleye pollock,NA,NA,NA,NA,NA,CC-02,2644.253688,66,2709.949432,0.024354698
-17407,94,201702,53,71,71,2017,63.30944,-166.789535,8/25/2017 14:46,21740,walleye pollock,NA,NA,NA,NA,NA,ZZ-03,237.5757267,17,360.4772719,0.0471597
-17406,94,201702,52,71,71,2017,63.663385,-166.80781,8/25/2017 11:32,21740,walleye pollock,NA,NA,NA,NA,NA,AA-03,669.4442614,48,974.6231285,0.049249806
-17405,94,201702,51,71,71,2017,63.99897,-166.8175,8/25/2017 8:56,21740,walleye pollock,NA,NA,NA,NA,NA,BB-03,1491.669636,86,1798.401681,0.04782024
-17404,94,201702,50,71,71,2017,63.67658,-166.0585,8/24/2017 17:12,21740,walleye pollock,NA,NA,NA,NA,NA,AA-04,1718.739259,84,1804.495772,0.0465504
-17403,94,201702,49,71,71,2017,63.99298,-166.051665,8/24/2017 14:47,21740,walleye pollock,NA,NA,NA,NA,NA,BB-04,3081.620297,117,2598.443128,0.045026962
-17402,94,201702,48,71,71,2017,64.01534,-165.31265,8/24/2017 11:41,21740,walleye pollock,NA,NA,NA,NA,NA,BB-05,343.4712758,16,434.4987677,0.03682404
-17401,94,201702,47,71,71,2017,64.332295,-165.336085,8/24/2017 8:59,21740,walleye pollock,NA,NA,NA,NA,NA,CC-05,2567.83344,71,1709.320966,0.041536962
-17400,162,201702,57,71,71,2017,65.21764,-168.89474,8/22/2017 20:48,21740,walleye pollock,NA,NA,NA,NA,NA,FF-18,24584.1272,814,19306.18596,0.042162652
-17399,162,201702,56,71,71,2017,65.017215,-169.12043,8/22/2017 18:06,21740,walleye pollock,NA,NA,NA,NA,NA,EE-18,31679.77268,1235,27541.13218,0.04484202
-17398,162,201702,55,71,71,2017,65.00784,-169.911015,8/22/2017 14:54,21740,walleye pollock,NA,NA,NA,NA,NA,EE-19,7892.804463,347,7446.041946,0.04660194
-17397,162,201702,54,71,71,2017,64.65624,-169.90891,8/22/2017 11:29,21740,walleye pollock,NA,NA,NA,NA,NA,DD-19,3605.822269,178,3859.857257,0.046115695
-17396,162,201702,53,71,71,2017,64.61832,-170.687745,8/22/2017 8:35,21740,walleye pollock,NA,NA,NA,NA,NA,DD-20,28834.83305,803,34003.09119,0.0236155
-17395,94,201702,43,71,71,2017,64.32803,-164.53456,8/22/2017 16:24,21740,walleye pollock,NA,NA,NA,NA,NA,CC-06,53.15626414,1,25.80401172,0.038753664
-17394,94,201702,42,71,71,2017,63.994645,-164.545345,8/22/2017 12:47,21740,walleye pollock,NA,NA,NA,NA,NA,BB-06,107.8236372,3,68.82359824,0.0435897
-17393,94,201702,41,71,71,2017,64.00198,-163.79239,8/22/2017 10:10,21740,walleye pollock,NA,NA,NA,NA,NA,BB-07,0,0,0,0.036522922
-17392,94,201702,40,71,71,2017,64.33843,-163.78699,8/22/2017 7:33,21740,walleye pollock,NA,NA,NA,NA,NA,CC-07,228.2295939,4,99.66357812,0.040135023
-17389,94,201702,33,71,71,2017,64.00461,-162.333805,8/20/2017 14:17,21740,walleye pollock,NA,NA,NA,NA,NA,BB-09,0,0,0,0.039315729
-17388,94,201702,32,71,71,2017,63.996455,-163.062605,8/20/2017 11:19,21740,walleye pollock,NA,NA,NA,NA,NA,BB-08,0,0,0,0.03849112
-17387,94,201702,31,71,71,2017,63.666545,-163.06016,8/20/2017 8:34,21740,walleye pollock,NA,NA,NA,NA,NA,AA-08,0,0,0,0.042338644
-17386,162,201702,48,71,71,2017,64.04452,-171.358395,8/20/2017 18:10,21740,walleye pollock,NA,NA,NA,NA,NA,BB-21,2796.441065,102,2895.806991,0.035223342
-17385,162,201702,47,71,71,2017,63.999185,-172.02633,8/20/2017 11:41,21740,walleye pollock,NA,NA,NA,NA,NA,BB-22,82344.98893,4487,103772.1152,0.043238976
-17384,162,201702,46,70,70,2017,63.69665,-172.10453,8/20/2017 8:23,21740,walleye pollock,NA,NA,NA,NA,NA,AA-22,47532.77213,1621,63429.30684,0.02555601
-17383,162,201702,45,81,81,2017,63.66968,-172.73402,8/19/2017 19:41,21740,walleye pollock,NA,NA,NA,NA,NA,AA-23,19709.88262,1208,25785.4795,0.046848072
-17382,162,201702,44,81,81,2017,63.325285,-172.691365,8/19/2017 16:58,21740,walleye pollock,NA,NA,NA,NA,NA,ZZ-23,12407.34138,768,15888.67928,0.048336302
-17381,162,201702,43,81,81,2017,63.00844,-172.60711,8/19/2017 14:25,21740,walleye pollock,NA,NA,NA,NA,NA,Y-23,2841.908208,188,3681.380439,0.0510678
-17379,162,201702,41,81,81,2017,62.995355,-173.23229,8/19/2017 11:11,21740,walleye pollock,NA,NA,NA,NA,NA,Y-24,1289.571294,76,1564.23938,0.048585914
-17378,162,201702,40,81,81,2017,63.336025,-173.41213,8/19/2017 8:29,21740,walleye pollock,NA,NA,NA,NA,NA,ZZ-24,5452.990013,334,7375.32108,0.045286164
-17377,94,201702,30,71,71,2017,63.670105,-163.82735,8/19/2017 17:21,21740,walleye pollock,NA,NA,NA,NA,NA,AA-07,100.7313142,3,73.17044616,0.04100016
-17376,94,201702,29,71,71,2017,63.681265,-164.613185,8/19/2017 14:24,21740,walleye pollock,NA,NA,NA,NA,NA,AA-06,136.0525101,3,78.64306941,0.038147036
-17375,94,201702,28,71,71,2017,63.648305,-165.336585,8/19/2017 11:25,21740,walleye pollock,NA,NA,NA,NA,NA,AA-05,1001.836306,25,590.5660848,0.042332265
-17374,94,201702,27,71,71,2017,63.324515,-165.340775,8/19/2017 8:29,21740,walleye pollock,NA,NA,NA,NA,NA,ZZ-05,483.3510429,11,273.5011045,0.040219216
-17373,94,201702,26,71,71,2017,63.336895,-166.02704,8/18/2017 17:26,21740,walleye pollock,NA,NA,NA,NA,NA,ZZ-04,237.6406896,14,313.7466668,0.044621988
-17372,94,201702,25,70,70,2017,63.001705,-166.03441,8/18/2017 14:25,21740,walleye pollock,NA,NA,NA,NA,NA,Y-04,774.0355119,33,754.0642348,0.04376285
-17371,94,201702,24,70,70,2017,62.991645,-166.75021,8/18/2017 11:33,21740,walleye pollock,NA,NA,NA,NA,NA,Y-03,460.7156796,37,853.9465057,0.043328241
-17370,94,201702,23,70,70,2017,62.64254,-166.748705,8/18/2017 8:26,21740,walleye pollock,NA,NA,NA,NA,NA,X-03,2173.212448,107,2458.177216,0.043528188
-17369,162,201702,39,81,81,2017,62.99291,-174.00057,8/18/2017 17:38,21740,walleye pollock,NA,NA,NA,NA,NA,Y-25,6509.202081,469,8946.504633,0.052422708
-17368,162,201702,38,81,81,2017,62.669555,-173.18391,8/18/2017 13:59,21740,walleye pollock,NA,NA,NA,NA,NA,X-24,778.3830004,50,1010.624514,0.049474359
-17367,162,201702,37,81,81,2017,62.66693,-173.914095,8/18/2017 11:20,21740,walleye pollock,NA,NA,NA,NA,NA,X-25,1220.959997,61,1699.259864,0.035897982
-17366,162,201702,36,81,81,2017,62.671085,-174.63527,8/18/2017 8:29,21740,walleye pollock,NA,NA,NA,NA,NA,X-26,2611.673394,181,3696.823995,0.048960946
-17365,162,201702,35,81,81,2017,62.66936,-172.455735,8/17/2017 19:21,21740,walleye pollock,NA,NA,NA,NA,NA,X-23,4598.165767,324,7215.778502,0.0449016
-17364,162,201702,34,70,70,2017,62.668955,-171.81505,8/17/2017 14:44,21740,walleye pollock,NA,NA,NA,NA,NA,X-22,6704.460515,434,10331.21789,0.0420086
-17363,162,201702,33,70,70,2017,63.000515,-171.79863,8/17/2017 10:37,21740,walleye pollock,NA,NA,NA,NA,NA,Y-22,8634.948908,507,11367.97044,0.04459899
-17362,162,201702,32,70,70,2017,63.3188,-171.917565,8/17/2017 8:12,21740,walleye pollock,NA,NA,NA,NA,NA,ZZ-22,4475.036116,165,5635.635469,0.029277976
-17361,94,201702,22,70,70,2017,62.325495,-166.72352,8/17/2017 17:13,21740,walleye pollock,NA,NA,NA,NA,NA,W-03,1108.903931,41,920.5317099,0.044539476
-17360,94,201702,21,70,70,2017,61.999265,-166.69886,8/17/2017 14:24,21740,walleye pollock,NA,NA,NA,NA,NA,V-03,689.1719446,29,643.0497553,0.045097599
-17359,94,201702,20,70,70,2017,61.64634,-166.74446,8/17/2017 11:17,21740,walleye pollock,NA,NA,NA,NA,NA,U-03,291.4131372,16,341.5831645,0.046840716
-17358,94,201702,19,70,70,2017,61.3304,-166.911765,8/17/2017 7:30,21740,walleye pollock,NA,NA,NA,NA,NA,T-03,205.3531589,9,191.5210809,0.046992216
-17357,94,201702,18,70,70,2017,61.009925,-166.671805,8/16/2017 19:02,21740,walleye pollock,NA,NA,NA,NA,NA,S-03,343.6739868,15,330.2440616,0.045420953
-17356,94,201702,17,70,70,2017,60.660985,-166.657365,8/16/2017 16:09,21740,walleye pollock,NA,NA,NA,NA,NA,R-03,298.9532503,11,252.5718705,0.04355196
-17355,162,201702,31,70,70,2017,62.668365,-171.085385,8/16/2017 16:50,21740,walleye pollock,NA,NA,NA,NA,NA,X-21,3287.339484,219,4665.763753,0.046937653
-17354,162,201702,30,70,70,2017,62.670315,-170.364475,8/16/2017 14:01,21740,walleye pollock,NA,NA,NA,NA,NA,X-20,3671.555522,221,4506.352162,0.049041884
-17353,162,201702,29,70,70,2017,62.341735,-170.28428,8/16/2017 11:04,21740,walleye pollock,NA,NA,NA,NA,NA,W-20,2615.743883,147,3410.629331,0.04310055
-17352,162,201702,28,70,70,2017,62.002905,-170.256875,8/16/2017 8:03,21740,walleye pollock,NA,NA,NA,NA,NA,V-20,3364.988006,221,4859.744155,0.045475645
-17350,162,201702,27,70,70,2017,62.332845,-169.59543,8/15/2017 19:48,21740,walleye pollock,NA,NA,NA,NA,NA,W-19,4088.690309,243,5889.45907,0.041260156
-17349,162,201702,26,70,70,2017,62.00914,-169.54835,8/15/2017 16:58,21740,walleye pollock,NA,NA,NA,NA,NA,V-19,2310.988394,182,3585.371134,0.05076183
-17348,162,201702,25,70,70,2017,61.665805,-169.50274,8/15/2017 14:14,21740,walleye pollock,NA,NA,NA,NA,NA,U-19,3395.084397,229,5078.212455,0.045094608
-17347,162,201702,24,70,70,2017,61.6664,-168.80322,8/15/2017 11:09,21740,walleye pollock,NA,NA,NA,NA,NA,U-18,4105.408488,354,7971.448344,0.044408492
-17346,162,201702,23,70,70,2017,61.99596,-168.84087,8/15/2017 7:59,21740,walleye pollock,NA,NA,NA,NA,NA,V-18,4181.16921,263,5742.284607,0.045800586
-17325,162,201702,22,70,70,2017,62.66808,-169.599595,8/14/2017 19:07,21740,walleye pollock,NA,NA,NA,NA,NA,X-19,10176.59149,583,12181.02889,0.04786131
-17324,162,201702,21,70,70,2017,62.947025,-170.469845,8/14/2017 15:19,21740,walleye pollock,NA,NA,NA,NA,NA,Y-20,11195.33947,630,12689.54325,0.049647177
-17323,162,201702,20,70,70,2017,62.99627,-171.11875,8/14/2017 11:30,21740,walleye pollock,NA,NA,NA,NA,NA,Y-21,13469.81868,886,17605.32035,0.050325696
-17322,162,201702,19,70,70,2017,63.260995,-171.11632,8/14/2017 8:09,21740,walleye pollock,NA,NA,NA,NA,NA,ZZ-21,8346.987908,453,10366.79696,0.0436972
-17235,162,201702,18,70,70,2017,62.332535,-168.87068,8/11/2017 17:11,21740,walleye pollock,NA,NA,NA,NA,NA,W-18,9685.112602,572,12230.72937,0.046767448
-17234,162,201702,17,70,70,2017,62.66072,-168.9003,8/11/2017 11:57,21740,walleye pollock,NA,NA,NA,NA,NA,X-18,22246.35925,1140,27016.70329,0.042196118
-17233,162,201702,16,70,70,2017,62.933075,-168.989575,8/11/2017 7:59,21740,walleye pollock,NA,NA,NA,NA,NA,Y-18,2807.2589,166,3626.780118,0.045770627
-17092,162,201702,15,70,70,2017,61.33044,-168.742665,8/4/2017 12:53,21740,walleye pollock,NA,NA,NA,NA,NA,T-18,569.7012165,34,738.7429962,0.046024125
-17091,162,201702,14,70,70,2017,60.99402,-168.71334,8/4/2017 10:20,21740,walleye pollock,NA,NA,NA,NA,NA,S-18,488.5374595,102,2292.126075,0.04450017
-17090,162,201702,13,70,70,2017,60.66639,-168.7065,8/4/2017 7:39,21740,walleye pollock,NA,NA,NA,NA,NA,R-18,204.4627998,126,2907.710246,0.043333066
-17089,162,201702,12,70,70,2017,60.675075,-170.05565,8/3/2017 15:59,21740,walleye pollock,NA,NA,NA,NA,NA,R-20,31890.27063,2547,55089.02079,0.046234258
-17088,162,201702,11,70,70,2017,60.99503,-170.13331,8/3/2017 13:23,21740,walleye pollock,NA,NA,NA,NA,NA,S-20,38753.3003,3133,64073.3295,0.0488971
-17087,162,201702,10,70,70,2017,61.33137,-170.177395,8/3/2017 10:26,21740,walleye pollock,NA,NA,NA,NA,NA,T-20,11129.85622,793,16919.6687,0.04686853
-17086,162,201702,9,70,70,2017,61.673,-170.220995,8/3/2017 7:42,21740,walleye pollock,NA,NA,NA,NA,NA,U-20,9791.345053,650,14150.82119,0.04593373
-17085,162,201702,8,70,70,2017,61.996055,-170.96093,8/2/2017 17:15,21740,walleye pollock,NA,NA,NA,NA,NA,V-21,6819.350257,473,9992.418437,0.047335888
-17084,162,201702,7,70,70,2017,62.337725,-171.055025,8/2/2017 14:13,21740,walleye pollock,NA,NA,NA,NA,NA,W-21,6964.942275,466,10236.10161,0.045525144
-17083,162,201702,6,81,81,2017,62.337205,-171.727095,8/2/2017 11:03,21740,walleye pollock,NA,NA,NA,NA,NA,W-22,9235.996238,622,14068.64294,0.044211798
-17082,162,201702,5,81,81,2017,62.33073,-172.445615,8/2/2017 7:38,21740,walleye pollock,NA,NA,NA,NA,NA,W-23,5874.746698,406,8883.560503,0.045702396
-17081,94,201702,16,70,70,2017,61.326445,-169.45852,8/4/2017 12:30,21740,walleye pollock,NA,NA,NA,NA,NA,T-19,4428.888233,2287,52014.93035,0.043968145
-17080,94,201702,15,70,70,2017,60.99735,-169.43424,8/4/2017 9:58,21740,walleye pollock,NA,NA,NA,NA,NA,S-19,2441.949079,154,3661.806055,0.04205575
-17079,94,201702,14,70,70,2017,60.67054,-169.37521,8/4/2017 7:27,21740,walleye pollock,NA,NA,NA,NA,NA,R-19,3345.800407,211,4834.508142,0.043644564
-17078,94,201702,13,81,81,2017,60.67064,-170.756325,8/3/2017 15:20,21740,walleye pollock,NA,NA,NA,NA,NA,R-21,3199.941701,197,4503.161093,0.043747047
-17077,94,201702,12,81,81,2017,61.00328,-170.818175,8/3/2017 12:44,21740,walleye pollock,NA,NA,NA,NA,NA,S-21,2646.976394,220,4883.720285,0.045047625
-17076,94,201702,11,81,81,2017,61.335425,-170.84629,8/3/2017 10:05,21740,walleye pollock,NA,NA,NA,NA,NA,T-21,14702.94854,890,19970.12514,0.044566571
-17075,94,201702,10,81,81,2017,61.67597,-170.909965,8/3/2017 7:30,21740,walleye pollock,NA,NA,NA,NA,NA,U-21,5274.827155,344,7553.158316,0.045543862
-17074,94,201702,9,81,81,2017,61.3312,-171.5116,8/2/2017 18:13,21740,walleye pollock,NA,NA,NA,NA,NA,T-22,2343.379714,195,4309.389503,0.045250029
-17073,94,201702,8,81,81,2017,61.674145,-171.58834,8/2/2017 15:32,21740,walleye pollock,NA,NA,NA,NA,NA,U-22,4093.529805,274,6199.780926,0.04419511
-17072,94,201702,7,70,70,2017,61.99557,-171.651825,8/2/2017 12:49,21740,walleye pollock,NA,NA,NA,NA,NA,V-22,8276.338833,372,8671.64461,0.042898437
-17071,94,201702,6,81,81,2017,61.99573,-172.364775,8/2/2017 10:04,21740,walleye pollock,NA,NA,NA,NA,NA,V-23,2504.025339,161,3623.086487,0.04443725
-17070,94,201702,5,81,81,2017,61.65951,-172.32618,8/2/2017 7:26,21740,walleye pollock,NA,NA,NA,NA,NA,U-23,695.9715254,47,1004.010488,0.04681226
-17069,94,201702,4,81,81,2017,61.335665,-172.25823,8/1/2017 15:06,21740,walleye pollock,NA,NA,NA,NA,NA,T-23,948.6124475,72,1347.141937,0.053446484
-17068,94,201702,3,81,81,2017,61.34035,-172.934065,8/1/2017 12:36,21740,walleye pollock,NA,NA,NA,NA,NA,T-24,1227.403731,84,2649.61743,0.03170269
-17067,94,201702,2,81,81,2017,61.66846,-173.03584,8/1/2017 10:10,21740,walleye pollock,NA,NA,NA,NA,NA,U-24,415.5874091,31,1261.575566,0.024572448
-17066,94,201702,1,81,81,2017,62.00502,-173.08487,8/1/2017 7:31,21740,walleye pollock,NA,NA,NA,NA,NA,V-24,1417.775548,106,2370.488156,0.044716528
-17065,162,201702,4,81,81,2017,62.343215,-173.17429,8/1/2017 15:21,21740,walleye pollock,NA,NA,NA,NA,NA,W-24,9854.003814,668,13940.01387,0.047919608
-17064,162,201702,3,81,81,2017,62.341845,-173.883665,8/1/2017 12:48,21740,walleye pollock,NA,NA,NA,NA,NA,W-25,272.4669462,25,497.9293608,0.050207925
-17063,162,201702,2,81,81,2017,62.34029,-174.64544,8/1/2017 10:06,21740,walleye pollock,NA,NA,NA,NA,NA,W-26,506.3670568,39,844.6670323,0.04617204
-17062,162,201702,1,81,81,2017,62.33537,-175.29846,8/1/2017 7:42,21740,walleye pollock,NA,NA,NA,NA,NA,W-27,1855.073295,150,3089.729005,0.048547947
-7216,89,201002,45,70,70,2010,60.664635,-166.671715,8/8/2010 17:58,21740,walleye pollock,NA,NA,NA,NA,NA,R-03,0.424588885,2,42.45888849,0.047104389
-7215,89,201002,44,70,70,2010,61.00459,-166.66475,8/8/2010 15:18,21740,walleye pollock,NA,NA,NA,NA,NA,S-03,0,0,0,0.048980052
-7214,89,201002,43,70,70,2010,61.35055,-166.88055,8/8/2010 10:59,21740,walleye pollock,NA,NA,NA,NA,NA,T-03,99.57904526,347,7582.6045,0.04576264
-7213,89,201002,42,70,70,2010,61.64656,-166.726,8/8/2010 7:33,21740,walleye pollock,NA,NA,NA,NA,NA,U-03,103.1352415,56,1221.568005,0.04584272
-7212,89,201002,41,70,70,2010,61.67071,-170.18286,8/7/2010 12:39,21740,walleye pollock,NA,NA,NA,NA,NA,U-20,0.480734081,3,60.09176012,0.04992365
-7211,89,201002,40,70,70,2010,61.99963,-170.2566,8/7/2010 10:03,21740,walleye pollock,NA,NA,NA,NA,NA,V-20,0,0,0,0.050613815
-7210,89,201002,39,70,70,2010,62.339845,-170.28379,8/7/2010 7:31,21740,walleye pollock,NA,NA,NA,NA,NA,W-20,76.70251696,1,21.79048777,0.045891584
-7209,89,201002,38,70,70,2010,62.344035,-171.032445,8/6/2010 18:27,21740,walleye pollock,NA,NA,NA,NA,NA,W-21,0.809467794,6,121.4201692,0.049415184
-7208,89,201002,37,70,70,2010,62.66625,-171.08509,8/6/2010 15:46,21740,walleye pollock,NA,NA,NA,NA,NA,X-21,59.43263217,1,19.29630914,0.051823382
-7207,89,201002,36,70,70,2010,62.66999,-170.365015,8/6/2010 13:17,21740,walleye pollock,NA,NA,NA,NA,NA,X-20,48.36301485,1,20.58000632,0.04859085
-7206,89,201002,35,70,70,2010,62.94815,-170.478385,8/6/2010 10:59,21740,walleye pollock,NA,NA,NA,NA,NA,Y-20,0,0,0,0.051978927
-7205,89,201002,34,70,70,2010,62.996925,-171.125305,8/6/2010 7:30,21740,walleye pollock,NA,NA,NA,NA,NA,Y-21,0.126167125,1,21.02785413,0.04755597
-7204,89,201002,33,70,70,2010,63.275155,-171.14795,8/5/2010 18:28,21740,walleye pollock,NA,NA,NA,NA,NA,ZZ-21,0,0,0,0.021104608
-7203,89,201002,32,70,70,2010,63.313375,-171.977665,8/5/2010 14:47,21740,walleye pollock,NA,NA,NA,NA,NA,ZZ-22,0,0,0,0.020695939
-7202,89,201002,31,70,70,2010,62.98771,-171.797665,8/5/2010 12:23,21740,walleye pollock,NA,NA,NA,NA,NA,Y-22,0.286823032,2,40.97471891,0.048810585
-7201,89,201002,30,70,70,2010,62.66685,-171.8147,8/5/2010 10:02,21740,walleye pollock,NA,NA,NA,NA,NA,X-22,0.278607581,2,39.80108294,0.050249889
-7200,89,201002,29,81,81,2010,62.34086,-171.7452,8/5/2010 7:34,21740,walleye pollock,NA,NA,NA,NA,NA,W-22,0,0,0,0.049135151
-7199,89,201002,28,81,81,2010,62.33347,-172.392605,8/4/2010 17:52,21740,walleye pollock,NA,NA,NA,NA,NA,W-23,19.02770062,68,1522.216049,0.044671714
-7198,89,201002,27,81,81,2010,61.98825,-172.3673,8/4/2010 15:22,21740,walleye pollock,NA,NA,NA,NA,NA,V-23,6.03585041,33,748.8085095,0.044070012
-7197,89,201002,26,70,70,2010,61.99595,-171.67044,8/4/2010 12:42,21740,walleye pollock,NA,NA,NA,NA,NA,V-22,0,0,0,0.044384301
-7196,89,201002,25,70,70,2010,62.00406,-170.972065,8/4/2010 10:13,21740,walleye pollock,NA,NA,NA,NA,NA,V-21,0.801131732,6,133.5219553,0.04493643
-7195,89,201002,24,81,81,2010,61.67214,-170.866135,8/4/2010 7:38,21740,walleye pollock,NA,NA,NA,NA,NA,U-21,2.218488178,11,254.2017704,0.043272712
-7194,89,201002,23,81,81,2010,61.66878,-171.55018,8/3/2010 17:33,21740,walleye pollock,NA,NA,NA,NA,NA,U-22,1.147363989,7,160.6309584,0.04357815
-7193,89,201002,22,81,81,2010,61.34166,-171.50104,8/3/2010 15:08,21740,walleye pollock,NA,NA,NA,NA,NA,T-22,0,0,0,0.047541248
-7192,89,201002,21,81,81,2010,61.33938,-170.79979,8/3/2010 12:27,21740,walleye pollock,NA,NA,NA,NA,NA,T-21,0,0,0,0.043533408
-7191,89,201002,20,70,70,2010,61.33588,-170.113535,8/3/2010 10:00,21740,walleye pollock,NA,NA,NA,NA,NA,T-20,0,0,0,0.046915408
-7190,89,201002,19,70,70,2010,60.992275,-170.10315,8/3/2010 7:28,21740,walleye pollock,NA,NA,NA,NA,NA,S-20,139.4443496,2,44.12795872,0.04532274
-7189,89,201002,18,81,81,2010,61.00009,-170.820465,8/2/2010 17:47,21740,walleye pollock,NA,NA,NA,NA,NA,S-21,0,0,0,0.042994107
-7188,89,201002,17,81,81,2010,60.66615,-170.756315,8/2/2010 15:11,21740,walleye pollock,NA,NA,NA,NA,NA,R-21,0.160810598,1,20.10132475,0.049747965
-7187,89,201002,16,70,70,2010,60.66967,-170.059625,8/2/2010 12:31,21740,walleye pollock,NA,NA,NA,NA,NA,R-20,62.59981576,4,89.04667961,0.04492026
-7186,89,201002,15,70,70,2010,60.67065,-169.38111,8/2/2010 10:05,21740,walleye pollock,NA,NA,NA,NA,NA,R-19,77.79157599,3,74.37053154,0.040338558
-7185,89,201002,14,70,70,2010,60.999185,-169.423905,8/2/2010 7:22,21740,walleye pollock,NA,NA,NA,NA,NA,S-19,308.5324881,3,73.92950994,0.040579195
-7184,89,201002,13,70,70,2010,61.339545,-169.46244,8/1/2010 17:12,21740,walleye pollock,NA,NA,NA,NA,NA,T-19,135.8098032,5,182.5400581,0.027391248
-7183,89,201002,12,70,70,2010,61.661245,-169.501125,8/1/2010 14:48,21740,walleye pollock,NA,NA,NA,NA,NA,U-19,0.441428366,2,49.04759623,0.040776718
-7182,89,201002,11,70,70,2010,62.004265,-169.548565,8/1/2010 12:12,21740,walleye pollock,NA,NA,NA,NA,NA,V-19,0.211392446,1,26.42405578,0.037844304
-7181,89,201002,10,70,70,2010,62.335095,-169.596225,8/1/2010 9:44,21740,walleye pollock,NA,NA,NA,NA,NA,W-19,56.07730303,1,24.48790525,0.040836486
-7180,89,201002,9,70,70,2010,62.66859,-169.597935,8/1/2010 7:15,21740,walleye pollock,NA,NA,NA,NA,NA,X-19,0,0,0,0.040896254
-7179,89,201002,8,70,70,2010,62.925825,-168.99946,7/31/2010 18:17,21740,walleye pollock,NA,NA,NA,NA,NA,Y-18,0,0,0,0.042898482
-7178,89,201002,7,70,70,2010,62.66741,-168.89549,7/31/2010 14:43,21740,walleye pollock,NA,NA,NA,NA,NA,X-18,0.241100963,2,48.22019269,0.0414764
-7177,89,201002,6,70,70,2010,62.33131,-168.8704,7/31/2010 12:18,21740,walleye pollock,NA,NA,NA,NA,NA,W-18,0,0,0,0.03950248
-7176,89,201002,5,70,70,2010,61.99947,-168.841025,7/31/2010 9:50,21740,walleye pollock,NA,NA,NA,NA,NA,V-18,227.4183634,3,73.67765554,0.040717908
-7175,89,201002,4,70,70,2010,61.665325,-168.802825,7/31/2010 7:15,21740,walleye pollock,NA,NA,NA,NA,NA,U-18,440.0192161,15,391.8247695,0.038282419
-7174,89,201002,3,70,70,2010,61.33046,-168.767805,7/30/2010 19:31,21740,walleye pollock,NA,NA,NA,NA,NA,T-18,228.5175787,4,97.59452432,0.040985906
-7173,89,201002,2,70,70,2010,60.995375,-168.735005,7/30/2010 16:55,21740,walleye pollock,NA,NA,NA,NA,NA,S-18,1339.326476,19,461.3845422,0.0411804
-7172,89,201002,1,70,70,2010,60.6671,-168.687715,7/30/2010 14:25,21740,walleye pollock,NA,NA,NA,NA,NA,R-18,1.122394692,2,51.01794056,0.039201896
-7171,162,201002,18,81,81,2010,61.330395,-172.15018,8/8/2010 11:18,21740,walleye pollock,NA,NA,NA,NA,NA,T-23,50.27119656,4,71.91873614,0.05561833
-7170,162,201002,17,81,81,2010,61.66879,-172.290975,8/8/2010 7:46,21740,walleye pollock,NA,NA,NA,NA,NA,U-23,0.344041484,2,38.2268316,0.052319272
-7169,162,201002,16,81,81,2010,61.337255,-172.904275,8/7/2010 18:17,21740,walleye pollock,NA,NA,NA,NA,NA,T-24,135.4967451,3,55.22965152,0.054318648
-7168,162,201002,15,81,81,2010,61.669535,-173.08522,8/7/2010 15:27,21740,walleye pollock,NA,NA,NA,NA,NA,U-24,3.806700079,22,395.0349139,0.05569128
-7167,162,201002,14,81,81,2010,62.00161,-173.04229,8/7/2010 12:48,21740,walleye pollock,NA,NA,NA,NA,NA,V-24,51.69189408,244,5216.220908,0.04677716
-7166,162,201002,13,81,81,2010,62.328725,-173.15153,8/7/2010 10:15,21740,walleye pollock,NA,NA,NA,NA,NA,W-24,0,0,0,0.050000712
-7165,162,201002,12,81,81,2010,62.66915,-173.18356,8/7/2010 7:33,21740,walleye pollock,NA,NA,NA,NA,NA,X-24,0,0,0,0.054901224
-7164,162,201002,11,81,81,2010,62.669345,-172.45551,8/6/2010 18:52,21740,walleye pollock,NA,NA,NA,NA,NA,X-23,59.85658702,21,457.7524863,0.045876321
-7163,162,201002,10,81,81,2010,63.004315,-172.607495,8/6/2010 16:11,21740,walleye pollock,NA,NA,NA,NA,NA,Y-23,0,0,0,0.05242137
-7162,162,201002,9,81,81,2010,63.32892,-172.6906,8/6/2010 13:33,21740,walleye pollock,NA,NA,NA,NA,NA,ZZ-23,0.86253139,7,143.7552317,0.04869388
-7161,162,201002,8,81,81,2010,63.3356,-173.41245,8/6/2010 10:43,21740,walleye pollock,NA,NA,NA,NA,NA,ZZ-24,55.02968636,1,21.58026916,0.046338625
-7160,162,201002,7,81,81,2010,62.9981,-173.23246,8/6/2010 7:26,21740,walleye pollock,NA,NA,NA,NA,NA,Y-24,0,0,0,0.074026588
-7159,162,201002,6,81,81,2010,62.99234,-174.000525,8/5/2010 18:38,21740,walleye pollock,NA,NA,NA,NA,NA,Y-25,0,0,0,0.053380082
-7158,162,201002,5,81,81,2010,62.666975,-173.91008,8/5/2010 16:01,21740,walleye pollock,NA,NA,NA,NA,NA,X-25,0,0,0,0.04995396
-7157,162,201002,4,81,81,2010,62.667195,-174.635875,8/5/2010 13:11,21740,walleye pollock,NA,NA,NA,NA,NA,X-26,0,0,0,0.05041584
-7156,162,201002,3,81,81,2010,62.330075,-174.559015,8/5/2010 10:16,21740,walleye pollock,NA,NA,NA,NA,NA,W-26,18.43782085,57,1194.267941,0.047727983
-7155,162,201002,2,81,81,2010,62.33262,-173.84159,8/5/2010 7:34,21740,walleye pollock,NA,NA,NA,NA,NA,W-25,3.252286357,12,253.424911,0.047351304
-7154,162,201002,1,81,81,2010,62.32484,-175.27395,8/4/2010 18:44,21740,walleye pollock,NA,NA,NA,NA,NA,W-27,0.790405673,2,41.60029859,0.048076578
-7153,94,201002,82,70,70,2010,62.013445,-166.69971,8/10/2010 13:58,21740,walleye pollock,NA,NA,NA,NA,NA,V-03,53.32210203,183,4052.302605,0.04515951
-7152,94,201002,81,70,70,2010,62.334605,-166.71941,8/10/2010 11:28,21740,walleye pollock,NA,NA,NA,NA,NA,W-03,69.58635032,419,8603.328646,0.04870208
-7151,94,201002,79,70,70,2010,62.667775,-166.73645,8/10/2010 8:22,21740,walleye pollock,NA,NA,NA,NA,NA,X-03,172.5185662,19,453.7448446,0.041873754
-7150,94,201002,78,71,71,2010,64.33174,-166.040465,8/9/2010 12:37,21740,walleye pollock,NA,NA,NA,NA,NA,CC-04,0,0,0,0.043286208
-7149,94,201002,77,71,71,2010,64.32405,-165.31513,8/9/2010 9:57,21740,walleye pollock,NA,NA,NA,NA,NA,CC-05,0,0,0,0.044003
-7148,94,201002,76,71,71,2010,64.326265,-164.52412,8/9/2010 7:05,21740,walleye pollock,NA,NA,NA,NA,NA,CC-06,0,0,0,0.046091631
-7147,94,201002,75,71,71,2010,64.333375,-163.78524,8/8/2010 20:42,21740,walleye pollock,NA,NA,NA,NA,NA,CC-07,0,0,0,0.04674048
-7146,94,201002,74,71,71,2010,64.31491,-163.029475,8/8/2010 17:59,21740,walleye pollock,NA,NA,NA,NA,NA,CC-08,0,0,0,0.043586895
-7145,94,201002,73,71,71,2010,64.337235,-162.259255,8/8/2010 15:19,21740,walleye pollock,NA,NA,NA,NA,NA,CC-09,0,0,0,0.044181935
-7144,94,201002,72,71,71,2010,64.309785,-161.55086,8/8/2010 12:05,21740,walleye pollock,NA,NA,NA,NA,NA,CC-10,0,0,0,0.043265576
-7143,94,201002,71,71,71,2010,63.98905,-161.53701,8/8/2010 9:29,21740,walleye pollock,NA,NA,NA,NA,NA,BB-10,0,0,0,0.04465664
-7141,94,201002,69,71,71,2010,64.005845,-162.298185,8/7/2010 18:05,21740,walleye pollock,NA,NA,NA,NA,NA,BB-09,0,0,0,0.042796734
-7140,94,201002,68,71,71,2010,64.0014,-163.04936,8/7/2010 15:20,21740,walleye pollock,NA,NA,NA,NA,NA,BB-08,0,0,0,0.04419072
-7139,94,201002,67,71,71,2010,63.66323,-163.06467,8/7/2010 12:46,21740,walleye pollock,NA,NA,NA,NA,NA,AA-08,0,0,0,0.044508347
-7138,94,201002,66,71,71,2010,63.66719,-163.82441,8/7/2010 9:52,21740,walleye pollock,NA,NA,NA,NA,NA,AA-07,0,0,0,0.039088644
-7137,94,201002,65,71,71,2010,63.99665,-163.79603,8/7/2010 7:10,21740,walleye pollock,NA,NA,NA,NA,NA,BB-07,0,0,0,0.044636664
-7136,94,201002,64,71,71,2010,63.675535,-164.554325,8/6/2010 18:02,21740,walleye pollock,NA,NA,NA,NA,NA,AA-06,0.44195293,2,44.19529299,0.045253688
-7135,94,201002,63,71,71,2010,63.995275,-164.53422,8/6/2010 15:25,21740,walleye pollock,NA,NA,NA,NA,NA,BB-06,0,0,0,0.045570176
-7134,94,201002,62,71,71,2010,63.997925,-165.307925,8/6/2010 12:30,21740,walleye pollock,NA,NA,NA,NA,NA,BB-05,0.618810408,3,71.40120097,0.0420161
-7133,94,201002,61,71,71,2010,63.99382,-166.0421,8/6/2010 9:38,21740,walleye pollock,NA,NA,NA,NA,NA,BB-04,67.79330471,1,23.21688518,0.0430721
-7132,94,201002,60,71,71,2010,63.66285,-166.04161,8/6/2010 7:02,21740,walleye pollock,NA,NA,NA,NA,NA,AA-04,230.8437592,3,72.21389756,0.04154325
-7131,94,201002,59,71,71,2010,63.663155,-165.29859,8/5/2010 18:13,21740,walleye pollock,NA,NA,NA,NA,NA,AA-05,0,0,0,0.042253466
-7130,94,201002,58,71,71,2010,63.34069,-165.29594,8/5/2010 15:44,21740,walleye pollock,NA,NA,NA,NA,NA,ZZ-05,0,0,0,0.047761098
-7129,94,201002,57,71,71,2010,63.336125,-166.03159,8/5/2010 12:48,21740,walleye pollock,NA,NA,NA,NA,NA,ZZ-04,1.032210117,1,23.45932083,0.04262698
-7128,94,201002,56,70,70,2010,62.987495,-166.026055,8/5/2010 10:06,21740,walleye pollock,NA,NA,NA,NA,NA,Y-04,6.534664773,36,749.1972352,0.048051432
-7127,94,201002,55,70,70,2010,62.998055,-166.755215,8/5/2010 7:08,21740,walleye pollock,NA,NA,NA,NA,NA,Y-03,236.830408,7,155.9560542,0.044884439
-7126,94,201002,54,71,71,2010,63.34855,-166.76529,8/4/2010 18:42,21740,walleye pollock,NA,NA,NA,NA,NA,ZZ-03,192.3971411,6,136.1300527,0.044075499
-7125,94,201002,53,71,71,2010,63.664935,-166.781175,8/4/2010 16:02,21740,walleye pollock,NA,NA,NA,NA,NA,AA-03,66.15471411,1,22.34956558,0.044743599
-7124,94,201002,52,71,71,2010,64.003215,-166.817975,8/4/2010 13:13,21740,walleye pollock,NA,NA,NA,NA,NA,BB-03,569.7521396,8,178.186752,0.044896716
-7123,94,201002,51,71,71,2010,64.028575,-167.564845,8/4/2010 10:12,21740,walleye pollock,NA,NA,NA,NA,NA,BB-02,81.39141603,1,24.81445611,0.04029909
-7122,94,201002,50,71,71,2010,64.33415,-167.57534,8/4/2010 7:18,21740,walleye pollock,NA,NA,NA,NA,NA,CC-02,63.87202859,1,23.92210809,0.041802336
-7121,94,201002,49,71,71,2010,64.33846,-166.825215,8/3/2010 17:35,21740,walleye pollock,NA,NA,NA,NA,NA,CC-03,65.69701612,1,23.37972104,0.04277211
-7120,94,201002,48,71,71,2010,64.662495,-166.83244,8/3/2010 13:34,21740,walleye pollock,NA,NA,NA,NA,NA,DD-03,0,0,0,0.045600324
-7119,94,201002,47,71,71,2010,64.672935,-167.6068,8/3/2010 10:39,21740,walleye pollock,NA,NA,NA,NA,NA,DD-02,0,0,0,0.041896404
-7118,94,201002,46,71,71,2010,64.998185,-168.34586,8/3/2010 7:08,21740,walleye pollock,NA,NA,NA,NA,NA,EE-01,2093.404721,28,641.7268687,0.04363227
-7117,94,201002,45,71,71,2010,65.01644,-167.628775,8/2/2010 16:51,21740,walleye pollock,NA,NA,NA,NA,NA,EE-02,0.351984059,1,21.99900371,0.045456604
-7116,94,201002,44,71,71,2010,65.31617,-167.92059,8/2/2010 13:23,21740,walleye pollock,NA,NA,NA,NA,NA,FF-02,0,0,0,0.047180056
-7115,94,201002,43,71,71,2010,65.33371,-168.424645,8/2/2010 10:10,21740,walleye pollock,NA,NA,NA,NA,NA,FF-01,237.1236184,2,75.8795579,0.02635756
-7113,94,201002,41,71,71,2010,65.006985,-169.91485,8/1/2010 18:26,21740,walleye pollock,NA,NA,NA,NA,NA,EE-19,108.7668518,2,40.58464618,0.04927972
-7112,94,201002,40,71,71,2010,65.01555,-169.125475,8/1/2010 15:40,21740,walleye pollock,NA,NA,NA,NA,NA,EE-18,382.877207,8,166.9765403,0.047910922
-7111,94,201002,39,71,71,2010,64.651345,-169.16293,8/1/2010 12:46,21740,walleye pollock,NA,NA,NA,NA,NA,DD-18,0.206433014,1,20.64330142,0.048441864
-7110,94,201002,38,71,71,2010,64.667675,-169.89014,8/1/2010 9:53,21740,walleye pollock,NA,NA,NA,NA,NA,DD-19,0,0,0,0.04416594
-7109,94,201002,37,71,71,2010,64.625785,-170.604135,8/1/2010 7:12,21740,walleye pollock,NA,NA,NA,NA,NA,DD-20,96.08562468,12,253.6356129,0.047311968
-7108,94,201002,36,71,71,2010,64.657525,-168.35176,7/31/2010 16:11,21740,walleye pollock,NA,NA,NA,NA,NA,DD-01,555.3404877,8,187.3776424,0.042694528
-7107,94,201002,35,71,71,2010,64.33116,-168.334645,7/31/2010 12:01,21740,walleye pollock,NA,NA,NA,NA,NA,CC-01,1085.521555,17,400.4223938,0.042455168
-7106,94,201002,34,71,71,2010,63.990365,-168.301615,7/31/2010 7:11,21740,walleye pollock,NA,NA,NA,NA,NA,BB-01,973.0228931,13,307.0217866,0.042342272
-7105,94,201002,33,71,71,2010,64.00738,-169.05312,7/30/2010 18:39,21740,walleye pollock,NA,NA,NA,NA,NA,BB-18,0,0,0,0.041559861
-7104,94,201002,32,71,71,2010,64.316875,-169.11165,7/30/2010 15:55,21740,walleye pollock,NA,NA,NA,NA,NA,CC-18,0,0,0,0.045904496
-7103,94,201002,31,71,71,2010,64.321475,-169.83855,7/30/2010 13:13,21740,walleye pollock,NA,NA,NA,NA,NA,CC-19,0,0,0,0.0461955
-7102,94,201002,30,71,71,2010,64.32886,-170.617225,7/30/2010 10:12,21740,walleye pollock,NA,NA,NA,NA,NA,CC-20,0,0,0,0.042051869
-7100,94,201002,28,81,81,2010,63.66821,-172.73659,7/29/2010 18:14,21740,walleye pollock,NA,NA,NA,NA,NA,AA-23,0,0,0,0.047087376
-7099,94,201002,27,70,70,2010,63.69377,-172.061525,7/29/2010 15:53,21740,walleye pollock,NA,NA,NA,NA,NA,AA-22,0,0,0,0.024008136
-7098,94,201002,26,71,71,2010,63.998615,-172.05644,7/29/2010 13:10,21740,walleye pollock,NA,NA,NA,NA,NA,BB-22,0,0,0,0.046710747
-7097,94,201002,25,71,71,2010,64.00354,-171.32216,7/29/2010 10:15,21740,walleye pollock,NA,NA,NA,NA,NA,BB-21,0,0,0,0.042901824
-7096,94,201002,24,71,71,2010,63.995935,-170.558785,7/29/2010 7:21,21740,walleye pollock,NA,NA,NA,NA,NA,BB-20,0,0,0,0.042628586
-7095,94,201002,23,71,71,2010,63.991025,-169.79025,7/28/2010 19:15,21740,walleye pollock,NA,NA,NA,NA,NA,BB-19,0,0,0,0.044977545
-7094,94,201002,22,71,71,2010,63.660815,-169.7525,7/28/2010 16:43,21740,walleye pollock,NA,NA,NA,NA,NA,AA-19,0.424490829,1,21.22454143,0.04711527
-7093,94,201002,21,71,71,2010,63.66929,-169.015235,7/28/2010 13:59,21740,walleye pollock,NA,NA,NA,NA,NA,AA-18,59.28280884,1,22.71371986,0.044026254
-7092,94,201002,20,71,71,2010,63.66892,-168.275265,7/28/2010 11:07,21740,walleye pollock,NA,NA,NA,NA,NA,AA-01,156.3780256,2,47.67622731,0.041949628
-7091,94,201002,19,71,71,2010,63.665395,-167.527925,7/28/2010 7:09,21740,walleye pollock,NA,NA,NA,NA,NA,AA-02,0,0,0,0.042410344
-7090,94,201002,18,71,71,2010,63.33091,-167.50747,7/27/2010 16:55,21740,walleye pollock,NA,NA,NA,NA,NA,ZZ-02,131.17739,2,44.84697092,0.0445961
-7089,94,201002,17,71,71,2010,63.33176,-168.24108,7/27/2010 13:25,21740,walleye pollock,NA,NA,NA,NA,NA,ZZ-01,80.0964494,1,23.69717438,0.042199124
-7088,94,201002,16,70,70,2010,63.00092,-168.21551,7/27/2010 9:56,21740,walleye pollock,NA,NA,NA,NA,NA,Y-01,268.3444232,5,112.109134,0.044599399
-7087,94,201002,15,70,70,2010,62.99885,-167.484365,7/27/2010 7:07,21740,walleye pollock,NA,NA,NA,NA,NA,Y-02,314.0160141,5,111.908772,0.04467925
-7086,94,201002,14,70,70,2010,62.662035,-167.47114,7/26/2010 19:28,21740,walleye pollock,NA,NA,NA,NA,NA,X-02,171.5440392,67,1553.588892,0.043125952
-7085,94,201002,13,70,70,2010,62.662135,-168.185635,7/26/2010 16:01,21740,walleye pollock,NA,NA,NA,NA,NA,X-01,68.31754566,16,362.4272979,0.044146785
-7084,94,201002,12,70,70,2010,62.331835,-168.15304,7/26/2010 12:37,21740,walleye pollock,NA,NA,NA,NA,NA,W-01,2.027642341,10,230.4139024,0.043400159
-7083,94,201002,11,70,70,2010,62.335445,-167.43715,7/26/2010 9:48,21740,walleye pollock,NA,NA,NA,NA,NA,W-02,63.99016862,6,145.6528876,0.041193828
-7082,94,201002,10,70,70,2010,61.99605,-167.414955,7/26/2010 7:05,21740,walleye pollock,NA,NA,NA,NA,NA,V-02,518.9180657,13,320.6242801,0.0405459
-7081,94,201002,9,70,70,2010,61.998035,-168.12637,7/25/2010 16:44,21740,walleye pollock,NA,NA,NA,NA,NA,V-01,132.5191645,15,338.6350029,0.04429548
-7080,94,201002,8,70,70,2010,61.66229,-168.095275,7/25/2010 12:42,21740,walleye pollock,NA,NA,NA,NA,NA,U-01,250.2485529,8,188.4047076,0.042461784
-7079,94,201002,7,70,70,2010,61.664905,-167.393175,7/25/2010 9:44,21740,walleye pollock,NA,NA,NA,NA,NA,U-02,293.6892679,104,2424.101894,0.042902487
-7078,94,201002,6,70,70,2010,61.33192,-167.369835,7/25/2010 7:08,21740,walleye pollock,NA,NA,NA,NA,NA,T-02,8.830604395,29,681.0838496,0.042579192
-7077,94,201002,5,70,70,2010,61.33755,-168.066675,7/24/2010 18:03,21740,walleye pollock,NA,NA,NA,NA,NA,T-01,678.5427741,19,463.1524898,0.041023206
-7076,94,201002,4,70,70,2010,61.006325,-168.035395,7/24/2010 12:56,21740,walleye pollock,NA,NA,NA,NA,NA,S-01,148.7350855,57,1282.975163,0.044427984
-7075,94,201002,3,70,70,2010,61.00118,-167.345435,7/24/2010 10:00,21740,walleye pollock,NA,NA,NA,NA,NA,S-02,6.346299771,23,544.6451296,0.042229332
-7074,94,201002,2,70,70,2010,60.667965,-167.33487,7/24/2010 7:09,21740,walleye pollock,NA,NA,NA,NA,NA,R-02,3.6144548,15,343.144443,0.04371337
-7073,94,201002,1,70,70,2010,60.67385,-168.003185,7/23/2010 19:21,21740,walleye pollock,NA,NA,NA,NA,NA,R-01,293.360192,8,180.8911312,0.044225496
,,,,,,,,,,,,,,,,,,,,,
,,,,,,,,,,,,,,,,,,,,,
,,,,,,,,,,,,,,,,,,,,,
,,,,,,,,,,,,,,,,,,,,,
,,,,,,,,,,,,,,,,,,,,,
,,,,,,,,,,,,,,,,,,,,,
,,,,,,,,,,,,,,,,,,,,,
,,,,,,,,,,,,,,,,,,,,,
,,,,,,,,,,,,,,,,,,,,,
,,,,,,,,,,,,,,,,,,,,,
,,,,,,,,,,,,,,,,,,,,,
,,,,,,,,,,,,,,,,,,,,,
,,,,,,,,,,,,,,,,,,,,,
,,,,,,,,,,,,,,,,,,,,,
,,,,,,,,,,,,,,,,,,,,,
,,,,,,,,,,,,,,,,,,,,,
,,,,,,,,,,,,,,,,,,,,,
,,,,,,,,,,,,,,,,,,,,,
,,,,,,,,,,,,,,,,,,,,,
,,,,,,,,,,,,,,,,,,,,,
,,,,,,,,,,,,,,,,,,,,,
,,,,,,,,,,,,,,,,,,,,,
,,,,,,,,,,,,,,,,,,,,,
,,,,,,,,,,,,,,,,,,,,,
,,,,,,,,,,,,,,,,,,,,,
,,,,,,,,,,,,,,,,,,,,,
,,,,,,,,,,,,,,,,,,,,,
,,,,,,,,,,,,,,,,,,,,,
,,,,,,,,,,,,,,,,,,,,,
,,,,,,,,,,,,,,,,,,,,,
,,,,,,,,,,,,,,,,,,,,,
,,,,,,,,,,,,,,,,,,,,,
,,,,,,,,,,,,,,,,,,,,,
,,,,,,,,,,,,,,,,,,,,,
,,,,,,,,,,,,,,,,,,,,,
,,,,,,,,,,,,,,,,,,,,,
,,,,,,,,,,,,,,,,,,,,,
,,,,,,,,,,,,,,,,,,,,,
,,,,,,,,,,,,,,,,,,,,,
,,,,,,,,,,,,,,,,,,,,,
,,,,,,,,,,,,,,,,,,,,,
,,,,,,,,,,,,,,,,,,,,,
,,,,,,,,,,,,,,,,,,,,,
,,,,,,,,,,,,,,,,,,,,,
,,,,,,,,,,,,,,,,,,,,,
,,,,,,,,,,,,,,,,,,,,,
,,,,,,,,,,,,,,,,,,,,,
,,,,,,,,,,,,,,,,,,,,,
,,,,,,,,,,,,,,,,,,,,,
,,,,,,,,,,,,,,,,,,,,,
,,,,,,,,,,,,,,,,,,,,,
,,,,,,,,,,,,,,,,,,,,,
,,,,,,,,,,,,,,,,,,,,,
,,,,,,,,,,,,,,,,,,,,,
,,,,,,,,,,,,,,,,,,,,,
,,,,,,,,,,,,,,,,,,,,,
,,,,,,,,,,,,,,,,,,,,,
,,,,,,,,,,,,,,,,,,,,,
,,,,,,,,,,,,,,,,,,,,,
,,,,,,,,,,,,,,,,,,,,,
,,,,,,,,,,,,,,,,,,,,,
,,,,,,,,,,,,,,,,,,,,,
,,,,,,,,,,,,,,,,,,,,,
,,,,,,,,,,,,,,,,,,,,,
,,,,,,,,,,,,,,,,,,,,,
,,,,,,,,,,,,,,,,,,,,,
,,,,,,,,,,,,,,,,,,,,,
,,,,,,,,,,,,,,,,,,,,,
,,,,,,,,,,,,,,,,,,,,,
,,,,,,,,,,,,,,,,,,,,,
,,,,,,,,,,,,,,,,,,,,,
,,,,,,,,,,,,,,,,,,,,,
,,,,,,,,,,,,,,,,,,,,,
,,,,,,,,,,,,,,,,,,,,,
,,,,,,,,,,,,,,,,,,,,,
,,,,,,,,,,,,,,,,,,,,,
,,,,,,,,,,,,,,,,,,,,,
,,,,,,,,,,,,,,,,,,,,,
,,,,,,,,,,,,,,,,,,,,,
,,,,,,,,,,,,,,,,,,,,,
,,,,,,,,,,,,,,,,,,,,,
,,,,,,,,,,,,,,,,,,,,,
,,,,,,,,,,,,,,,,,,,,,
,,,,,,,,,,,,,,,,,,,,,
,,,,,,,,,,,,,,,,,,,,,
,,,,,,,,,,,,,,,,,,,,,
,,,,,,,,,,,,,,,,,,,,,
,,,,,,,,,,,,,,,,,,,,,
,,,,,,,,,,,,,,,,,,,,,
,,,,,,,,,,,,,,,,,,,,,
,,,,,,,,,,,,,,,,,,,,,
,,,,,,,,,,,,,,,,,,,,,
,,,,,,,,,,,,,,,,,,,,,
,,,,,,,,,,,,,,,,,,,,,
,,,,,,,,,,,,,,,,,,,,,
,,,,,,,,,,,,,,,,,,,,,
,,,,,,,,,,,,,,,,,,,,,
,,,,,,,,,,,,,,,,,,,,,
,,,,,,,,,,,,,,,,,,,,,
,,,,,,,,,,,,,,,,,,,,,
,,,,,,,,,,,,,,,,,,,,,
,,,,,,,,,,,,,,,,,,,,,
,,,,,,,,,,,,,,,,,,,,,
,,,,,,,,,,,,,,,,,,,,,
,,,,,,,,,,,,,,,,,,,,,
,,,,,,,,,,,,,,,,,,,,,
,,,,,,,,,,,,,,,,,,,,,
,,,,,,,,,,,,,,,,,,,,,
,,,,,,,,,,,,,,,,,,,,,
,,,,,,,,,,,,,,,,,,,,,
,,,,,,,,,,,,,,,,,,,,,
,,,,,,,,,,,,,,,,,,,,,
,,,,,,,,,,,,,,,,,,,,,
,,,,,,,,,,,,,,,,,,,,,
,,,,,,,,,,,,,,,,,,,,,
,,,,,,,,,,,,,,,,,,,,,
,,,,,,,,,,,,,,,,,,,,,
,,,,,,,,,,,,,,,,,,,,,
,,,,,,,,,,,,,,,,,,,,,
,,,,,,,,,,,,,,,,,,,,,
,,,,,,,,,,,,,,,,,,,,,
,,,,,,,,,,,,,,,,,,,,,
,,,,,,,,,,,,,,,,,,,,,
,,,,,,,,,,,,,,,,,,,,,
,,,,,,,,,,,,,,,,,,,,,
,,,,,,,,,,,,,,,,,,,,,
,,,,,,,,,,,,,,,,,,,,,
,,,,,,,,,,,,,,,,,,,,,
,,,,,,,,,,,,,,,,,,,,,
,,,,,,,,,,,,,,,,,,,,,
,,,,,,,,,,,,,,,,,,,,,
,,,,,,,,,,,,,,,,,,,,,
,,,,,,,,,,,,,,,,,,,,,
,,,,,,,,,,,,,,,,,,,,,
,,,,,,,,,,,,,,,,,,,,,
,,,,,,,,,,,,,,,,,,,,,
,,,,,,,,,,,,,,,,,,,,,
,,,,,,,,,,,,,,,,,,,,,
,,,,,,,,,,,,,,,,,,,,,
,,,,,,,,,,,,,,,,,,,,,
,,,,,,,,,,,,,,,,,,,,,
,,,,,,,,,,,,,,,,,,,,,
,,,,,,,,,,,,,,,,,,,,,
,,,,,,,,,,,,,,,,,,,,,
,,,,,,,,,,,,,,,,,,,,,
,,,,,,,,,,,,,,,,,,,,,
,,,,,,,,,,,,,,,,,,,,,
,,,,,,,,,,,,,,,,,,,,,
,,,,,,,,,,,,,,,,,,,,,
,,,,,,,,,,,,,,,,,,,,,
,,,,,,,,,,,,,,,,,,,,,
,,,,,,,,,,,,,,,,,,,,,
,,,,,,,,,,,,,,,,,,,,,
,,,,,,,,,,,,,,,,,,,,,
,,,,,,,,,,,,,,,,,,,,,
,,,,,,,,,,,,,,,,,,,,,
,,,,,,,,,,,,,,,,,,,,,
,,,,,,,,,,,,,,,,,,,,,
,,,,,,,,,,,,,,,,,,,,,
,,,,,,,,,,,,,,,,,,,,,
,,,,,,,,,,,,,,,,,,,,,
,,,,,,,,,,,,,,,,,,,,,
,,,,,,,,,,,,,,,,,,,,,
,,,,,,,,,,,,,,,,,,,,,
,,,,,,,,,,,,,,,,,,,,,
,,,,,,,,,,,,,,,,,,,,,
,,,,,,,,,,,,,,,,,,,,,
,,,,,,,,,,,,,,,,,,,,,
,,,,,,,,,,,,,,,,,,,,,
,,,,,,,,,,,,,,,,,,,,,
,,,,,,,,,,,,,,,,,,,,,
,,,,,,,,,,,,,,,,,,,,,
,,,,,,,,,,,,,,,,,,,,,
,,,,,,,,,,,,,,,,,,,,,
,,,,,,,,,,,,,,,,,,,,,
,,,,,,,,,,,,,,,,,,,,,
,,,,,,,,,,,,,,,,,,,,,
,,,,,,,,,,,,,,,,,,,,,
,,,,,,,,,,,,,,,,,,,,,
,,,,,,,,,,,,,,,,,,,,,
,,,,,,,,,,,,,,,,,,,,,
,,,,,,,,,,,,,,,,,,,,,
,,,,,,,,,,,,,,,,,,,,,
,,,,,,,,,,,,,,,,,,,,,
,,,,,,,,,,,,,,,,,,,,,
,,,,,,,,,,,,,,,,,,,,,
,,,,,,,,,,,,,,,,,,,,,
,,,,,,,,,,,,,,,,,,,,,
,,,,,,,,,,,,,,,,,,,,,
,,,,,,,,,,,,,,,,,,,,,
,,,,,,,,,,,,,,,,,,,,,
,,,,,,,,,,,,,,,,,,,,,
,,,,,,,,,,,,,,,,,,,,,
,,,,,,,,,,,,,,,,,,,,,
,,,,,,,,,,,,,,,,,,,,,
,,,,,,,,,,,,,,,,,,,,,
,,,,,,,,,,,,,,,,,,,,,
,,,,,,,,,,,,,,,,,,,,,
,,,,,,,,,,,,,,,,,,,,,
,,,,,,,,,,,,,,,,,,,,,
,,,,,,,,,,,,,,,,,,,,,
,,,,,,,,,,,,,,,,,,,,,
,,,,,,,,,,,,,,,,,,,,,
,,,,,,,,,,,,,,,,,,,,,
,,,,,,,,,,,,,,,,,,,,,
,,,,,,,,,,,,,,,,,,,,,
,,,,,,,,,,,,,,,,,,,,,
,,,,,,,,,,,,,,,,,,,,,
,,,,,,,,,,,,,,,,,,,,,
,,,,,,,,,,,,,,,,,,,,,
,,,,,,,,,,,,,,,,,,,,,
,,,,,,,,,,,,,,,,,,,,,
,,,,,,,,,,,,,,,,,,,,,
,,,,,,,,,,,,,,,,,,,,,
,,,,,,,,,,,,,,,,,,,,,
,,,,,,,,,,,,,,,,,,,,,
,,,,,,,,,,,,,,,,,,,,,
,,,,,,,,,,,,,,,,,,,,,
,,,,,,,,,,,,,,,,,,,,,
,,,,,,,,,,,,,,,,,,,,,
,,,,,,,,,,,,,,,,,,,,,
,,,,,,,,,,,,,,,,,,,,,
,,,,,,,,,,,,,,,,,,,,,
,,,,,,,,,,,,,,,,,,,,,
,,,,,,,,,,,,,,,,,,,,,
,,,,,,,,,,,,,,,,,,,,,
,,,,,,,,,,,,,,,,,,,,,
,,,,,,,,,,,,,,,,,,,,,
,,,,,,,,,,,,,,,,,,,,,
,,,,,,,,,,,,,,,,,,,,,
,,,,,,,,,,,,,,,,,,,,,
,,,,,,,,,,,,,,,,,,,,,
,,,,,,,,,,,,,,,,,,,,,
,,,,,,,,,,,,,,,,,,,,,
,,,,,,,,,,,,,,,,,,,,,
,,,,,,,,,,,,,,,,,,,,,
,,,,,,,,,,,,,,,,,,,,,
,,,,,,,,,,,,,,,,,,,,,
,,,,,,,,,,,,,,,,,,,,,
,,,,,,,,,,,,,,,,,,,,,
,,,,,,,,,,,,,,,,,,,,,
,,,,,,,,,,,,,,,,,,,,,
,,,,,,,,,,,,,,,,,,,,,
,,,,,,,,,,,,,,,,,,,,,
,,,,,,,,,,,,,,,,,,,,,
,,,,,,,,,,,,,,,,,,,,,
,,,,,,,,,,,,,,,,,,,,,
,,,,,,,,,,,,,,,,,,,,,
,,,,,,,,,,,,,,,,,,,,,
,,,,,,,,,,,,,,,,,,,,,
,,,,,,,,,,,,,,,,,,,,,
,,,,,,,,,,,,,,,,,,,,,
,,,,,,,,,,,,,,,,,,,,,
,,,,,,,,,,,,,,,,,,,,,
,,,,,,,,,,,,,,,,,,,,,
,,,,,,,,,,,,,,,,,,,,,
,,,,,,,,,,,,,,,,,,,,,
,,,,,,,,,,,,,,,,,,,,,
,,,,,,,,,,,,,,,,,,,,,
,,,,,,,,,,,,,,,,,,,,,
,,,,,,,,,,,,,,,,,,,,,
,,,,,,,,,,,,,,,,,,,,,
,,,,,,,,,,,,,,,,,,,,,
,,,,,,,,,,,,,,,,,,,,,
,,,,,,,,,,,,,,,,,,,,,
,,,,,,,,,,,,,,,,,,,,,
,,,,,,,,,,,,,,,,,,,,,
,,,,,,,,,,,,,,,,,,,,,
,,,,,,,,,,,,,,,,,,,,,
,,,,,,,,,,,,,,,,,,,,,
,,,,,,,,,,,,,,,,,,,,,
,,,,,,,,,,,,,,,,,,,,,
,,,,,,,,,,,,,,,,,,,,,
,,,,,,,,,,,,,,,,,,,,,
,,,,,,,,,,,,,,,,,,,,,
,,,,,,,,,,,,,,,,,,,,,
,,,,,,,,,,,,,,,,,,,,,
,,,,,,,,,,,,,,,,,,,,,
,,,,,,,,,,,,,,,,,,,,,
,,,,,,,,,,,,,,,,,,,,,
,,,,,,,,,,,,,,,,,,,,,
,,,,,,,,,,,,,,,,,,,,,
,,,,,,,,,,,,,,,,,,,,,
,,,,,,,,,,,,,,,,,,,,,
,,,,,,,,,,,,,,,,,,,,,
,,,,,,,,,,,,,,,,,,,,,
,,,,,,,,,,,,,,,,,,,,,
,,,,,,,,,,,,,,,,,,,,,
,,,,,,,,,,,,,,,,,,,,,
,,,,,,,,,,,,,,,,,,,,,
,,,,,,,,,,,,,,,,,,,,,
,,,,,,,,,,,,,,,,,,,,,
,,,,,,,,,,,,,,,,,,,,,
,,,,,,,,,,,,,,,,,,,,,
,,,,,,,,,,,,,,,,,,,,,
,,,,,,,,,,,,,,,,,,,,,
,,,,,,,,,,,,,,,,,,,,,
,,,,,,,,,,,,,,,,,,,,,
,,,,,,,,,,,,,,,,,,,,,
,,,,,,,,,,,,,,,,,,,,,
,,,,,,,,,,,,,,,,,,,,,
,,,,,,,,,,,,,,,,,,,,,
,,,,,,,,,,,,,,,,,,,,,
,,,,,,,,,,,,,,,,,,,,,
,,,,,,,,,,,,,,,,,,,,,
,,,,,,,,,,,,,,,,,,,,,
,,,,,,,,,,,,,,,,,,,,,
,,,,,,,,,,,,,,,,,,,,,
,,,,,,,,,,,,,,,,,,,,,
,,,,,,,,,,,,,,,,,,,,,
,,,,,,,,,,,,,,,,,,,,,
,,,,,,,,,,,,,,,,,,,,,
,,,,,,,,,,,,,,,,,,,,,
,,,,,,,,,,,,,,,,,,,,,
,,,,,,,,,,,,,,,,,,,,,
,,,,,,,,,,,,,,,,,,,,,
,,,,,,,,,,,,,,,,,,,,,
,,,,,,,,,,,,,,,,,,,,,
,,,,,,,,,,,,,,,,,,,,,
,,,,,,,,,,,,,,,,,,,,,
,,,,,,,,,,,,,,,,,,,,,
,,,,,,,,,,,,,,,,,,,,,
,,,,,,,,,,,,,,,,,,,,,
,,,,,,,,,,,,,,,,,,,,,
,,,,,,,,,,,,,,,,,,,,,
,,,,,,,,,,,,,,,,,,,,,
,,,,,,,,,,,,,,,,,,,,,
,,,,,,,,,,,,,,,,,,,,,
,,,,,,,,,,,,,,,,,,,,,
,,,,,,,,,,,,,,,,,,,,,
,,,,,,,,,,,,,,,,,,,,,
,,,,,,,,,,,,,,,,,,,,,
,,,,,,,,,,,,,,,,,,,,,
,,,,,,,,,,,,,,,,,,,,,
,,,,,,,,,,,,,,,,,,,,,
,,,,,,,,,,,,,,,,,,,,,
,,,,,,,,,,,,,,,,,,,,,
,,,,,,,,,,,,,,,,,,,,,
,,,,,,,,,,,,,,,,,,,,,
,,,,,,,,,,,,,,,,,,,,,
,,,,,,,,,,,,,,,,,,,,,
,,,,,,,,,,,,,,,,,,,,,
,,,,,,,,,,,,,,,,,,,,,
,,,,,,,,,,,,,,,,,,,,,
,,,,,,,,,,,,,,,,,,,,,
,,,,,,,,,,,,,,,,,,,,,
,,,,,,,,,,,,,,,,,,,,,
,,,,,,,,,,,,,,,,,,,,,
,,,,,,,,,,,,,,,,,,,,,
,,,,,,,,,,,,,,,,,,,,,
,,,,,,,,,,,,,,,,,,,,,
,,,,,,,,,,,,,,,,,,,,,
,,,,,,,,,,,,,,,,,,,,,
,,,,,,,,,,,,,,,,,,,,,
,,,,,,,,,,,,,,,,,,,,,
,,,,,,,,,,,,,,,,,,,,,
,,,,,,,,,,,,,,,,,,,,,
,,,,,,,,,,,,,,,,,,,,,
,,,,,,,,,,,,,,,,,,,,,
,,,,,,,,,,,,,,,,,,,,,
,,,,,,,,,,,,,,,,,,,,,
,,,,,,,,,,,,,,,,,,,,,
,,,,,,,,,,,,,,,,,,,,,
,,,,,,,,,,,,,,,,,,,,,
,,,,,,,,,,,,,,,,,,,,,
,,,,,,,,,,,,,,,,,,,,,
,,,,,,,,,,,,,,,,,,,,,
,,,,,,,,,,,,,,,,,,,,,
,,,,,,,,,,,,,,,,,,,,,
,,,,,,,,,,,,,,,,,,,,,
,,,,,,,,,,,,,,,,,,,,,
,,,,,,,,,,,,,,,,,,,,,
,,,,,,,,,,,,,,,,,,,,,
,,,,,,,,,,,,,,,,,,,,,
,,,,,,,,,,,,,,,,,,,,,
,,,,,,,,,,,,,,,,,,,,,
,,,,,,,,,,,,,,,,,,,,,
,,,,,,,,,,,,,,,,,,,,,
,,,,,,,,,,,,,,,,,,,,,
,,,,,,,,,,,,,,,,,,,,,
,,,,,,,,,,,,,,,,,,,,,
,,,,,,,,,,,,,,,,,,,,,
,,,,,,,,,,,,,,,,,,,,,
,,,,,,,,,,,,,,,,,,,,,
,,,,,,,,,,,,,,,,,,,,,
,,,,,,,,,,,,,,,,,,,,,
,,,,,,,,,,,,,,,,,,,,,
,,,,,,,,,,,,,,,,,,,,,
,,,,,,,,,,,,,,,,,,,,,
,,,,,,,,,,,,,,,,,,,,,
,,,,,,,,,,,,,,,,,,,,,
,,,,,,,,,,,,,,,,,,,,,
,,,,,,,,,,,,,,,,,,,,,
,,,,,,,,,,,,,,,,,,,,,
,,,,,,,,,,,,,,,,,,,,,
,,,,,,,,,,,,,,,,,,,,,
,,,,,,,,,,,,,,,,,,,,,
,,,,,,,,,,,,,,,,,,,,,
,,,,,,,,,,,,,,,,,,,,,
,,,,,,,,,,,,,,,,,,,,,
,,,,,,,,,,,,,,,,,,,,,
,,,,,,,,,,,,,,,,,,,,,
,,,,,,,,,,,,,,,,,,,,,
,,,,,,,,,,,,,,,,,,,,,
,,,,,,,,,,,,,,,,,,,,,
,,,,,,,,,,,,,,,,,,,,,
,,,,,,,,,,,,,,,,,,,,,
,,,,,,,,,,,,,,,,,,,,,
,,,,,,,,,,,,,,,,,,,,,
,,,,,,,,,,,,,,,,,,,,,
,,,,,,,,,,,,,,,,,,,,,
,,,,,,,,,,,,,,,,,,,,,
,,,,,,,,,,,,,,,,,,,,,
,,,,,,,,,,,,,,,,,,,,,
,,,,,,,,,,,,,,,,,,,,,
,,,,,,,,,,,,,,,,,,,,,
,,,,,,,,,,,,,,,,,,,,,
,,,,,,,,,,,,,,,,,,,,,
,,,,,,,,,,,,,,,,,,,,,
,,,,,,,,,,,,,,,,,,,,,
,,,,,,,,,,,,,,,,,,,,,
,,,,,,,,,,,,,,,,,,,,,
,,,,,,,,,,,,,,,,,,,,,
,,,,,,,,,,,,,,,,,,,,,
,,,,,,,,,,,,,,,,,,,,,
,,,,,,,,,,,,,,,,,,,,,
,,,,,,,,,,,,,,,,,,,,,
,,,,,,,,,,,,,,,,,,,,,
,,,,,,,,,,,,,,,,,,,,,
,,,,,,,,,,,,,,,,,,,,,
,,,,,,,,,,,,,,,,,,,,,
,,,,,,,,,,,,,,,,,,,,,
,,,,,,,,,,,,,,,,,,,,,
,,,,,,,,,,,,,,,,,,,,,
,,,,,,,,,,,,,,,,,,,,,
,,,,,,,,,,,,,,,,,,,,,
,,,,,,,,,,,,,,,,,,,,,
,,,,,,,,,,,,,,,,,,,,,
,,,,,,,,,,,,,,,,,,,,,
,,,,,,,,,,,,,,,,,,,,,
,,,,,,,,,,,,,,,,,,,,,
,,,,,,,,,,,,,,,,,,,,,
,,,,,,,,,,,,,,,,,,,,,
,,,,,,,,,,,,,,,,,,,,,
,,,,,,,,,,,,,,,,,,,,,
,,,,,,,,,,,,,,,,,,,,,
,,,,,,,,,,,,,,,,,,,,,
,,,,,,,,,,,,,,,,,,,,,
,,,,,,,,,,,,,,,,,,,,,
,,,,,,,,,,,,,,,,,,,,,
,,,,,,,,,,,,,,,,,,,,,
,,,,,,,,,,,,,,,,,,,,,
,,,,,,,,,,,,,,,,,,,,,
,,,,,,,,,,,,,,,,,,,,,
,,,,,,,,,,,,,,,,,,,,,
,,,,,,,,,,,,,,,,,,,,,
,,,,,,,,,,,,,,,,,,,,,
,,,,,,,,,,,,,,,,,,,,,
,,,,,,,,,,,,,,,,,,,,,
,,,,,,,,,,,,,,,,,,,,,
,,,,,,,,,,,,,,,,,,,,,
,,,,,,,,,,,,,,,,,,,,,
,,,,,,,,,,,,,,,,,,,,,
,,,,,,,,,,,,,,,,,,,,,
,,,,,,,,,,,,,,,,,,,,,
,,,,,,,,,,,,,,,,,,,,,
,,,,,,,,,,,,,,,,,,,,,
,,,,,,,,,,,,,,,,,,,,,
,,,,,,,,,,,,,,,,,,,,,
,,,,,,,,,,,,,,,,,,,,,
,,,,,,,,,,,,,,,,,,,,,
,,,,,,,,,,,,,,,,,,,,,
,,,,,,,,,,,,,,,,,,,,,
,,,,,,,,,,,,,,,,,,,,,
,,,,,,,,,,,,,,,,,,,,,
,,,,,,,,,,,,,,,,,,,,,
,,,,,,,,,,,,,,,,,,,,,
,,,,,,,,,,,,,,,,,,,,,
,,,,,,,,,,,,,,,,,,,,,
,,,,,,,,,,,,,,,,,,,,,
,,,,,,,,,,,,,,,,,,,,,
,,,,,,,,,,,,,,,,,,,,,
,,,,,,,,,,,,,,,,,,,,,
,,,,,,,,,,,,,,,,,,,,,
,,,,,,,,,,,,,,,,,,,,,
,,,,,,,,,,,,,,,,,,,,,
,,,,,,,,,,,,,,,,,,,,,
,,,,,,,,,,,,,,,,,,,,,
,,,,,,,,,,,,,,,,,,,,,
,,,,,,,,,,,,,,,,,,,,,
,,,,,,,,,,,,,,,,,,,,,
,,,,,,,,,,,,,,,,,,,,,
,,,,,,,,,,,,,,,,,,,,,
,,,,,,,,,,,,,,,,,,,,,
,,,,,,,,,,,,,,,,,,,,,
,,,,,,,,,,,,,,,,,,,,,
,,,,,,,,,,,,,,,,,,,,,
,,,,,,,,,,,,,,,,,,,,,
,,,,,,,,,,,,,,,,,,,,,
,,,,,,,,,,,,,,,,,,,,,
,,,,,,,,,,,,,,,,,,,,,
,,,,,,,,,,,,,,,,,,,,,
,,,,,,,,,,,,,,,,,,,,,
,,,,,,,,,,,,,,,,,,,,,
,,,,,,,,,,,,,,,,,,,,,
,,,,,,,,,,,,,,,,,,,,,
,,,,,,,,,,,,,,,,,,,,,
,,,,,,,,,,,,,,,,,,,,,
,,,,,,,,,,,,,,,,,,,,,
,,,,,,,,,,,,,,,,,,,,,
,,,,,,,,,,,,,,,,,,,,,
,,,,,,,,,,,,,,,,,,,,,
,,,,,,,,,,,,,,,,,,,,,
,,,,,,,,,,,,,,,,,,,,,
,,,,,,,,,,,,,,,,,,,,,
,,,,,,,,,,,,,,,,,,,,,
,,,,,,,,,,,,,,,,,,,,,
,,,,,,,,,,,,,,,,,,,,,
,,,,,,,,,,,,,,,,,,,,,
,,,,,,,,,,,,,,,,,,,,,
,,,,,,,,,,,,,,,,,,,,,
,,,,,,,,,,,,,,,,,,,,,
,,,,,,,,,,,,,,,,,,,,,
,,,,,,,,,,,,,,,,,,,,,
,,,,,,,,,,,,,,,,,,,,,
,,,,,,,,,,,,,,,,,,,,,
,,,,,,,,,,,,,,,,,,,,,
,,,,,,,,,,,,,,,,,,,,,
,,,,,,,,,,,,,,,,,,,,,
,,,,,,,,,,,,,,,,,,,,,
,,,,,,,,,,,,,,,,,,,,,
,,,,,,,,,,,,,,,,,,,,,
,,,,,,,,,,,,,,,,,,,,,
,,,,,,,,,,,,,,,,,,,,,
,,,,,,,,,,,,,,,,,,,,,
,,,,,,,,,,,,,,,,,,,,,
,,,,,,,,,,,,,,,,,,,,,
,,,,,,,,,,,,,,,,,,,,,
,,,,,,,,,,,,,,,,,,,,,
,,,,,,,,,,,,,,,,,,,,,
,,,,,,,,,,,,,,,,,,,,,
,,,,,,,,,,,,,,,,,,,,,
,,,,,,,,,,,,,,,,,,,,,
,,,,,,,,,,,,,,,,,,,,,
,,,,,,,,,,,,,,,,,,,,,
,,,,,,,,,,,,,,,,,,,,,
,,,,,,,,,,,,,,,,,,,,,
,,,,,,,,,,,,,,,,,,,,,
,,,,,,,,,,,,,,,,,,,,,
,,,,,,,,,,,,,,,,,,,,,
,,,,,,,,,,,,,,,,,,,,,
,,,,,,,,,,,,,,,,,,,,,
,,,,,,,,,,,,,,,,,,,,,
,,,,,,,,,,,,,,,,,,,,,
,,,,,,,,,,,,,,,,,,,,,
,,,,,,,,,,,,,,,,,,,,,
,,,,,,,,,,,,,,,,,,,,,
,,,,,,,,,,,,,,,,,,,,,
,,,,,,,,,,,,,,,,,,,,,
,,,,,,,,,,,,,,,,,,,,,
,,,,,,,,,,,,,,,,,,,,,
,,,,,,,,,,,,,,,,,,,,,
,,,,,,,,,,,,,,,,,,,,,
,,,,,,,,,,,,,,,,,,,,,
,,,,,,,,,,,,,,,,,,,,,
,,,,,,,,,,,,,,,,,,,,,
,,,,,,,,,,,,,,,,,,,,,
,,,,,,,,,,,,,,,,,,,,,
,,,,,,,,,,,,,,,,,,,,,
,,,,,,,,,,,,,,,,,,,,,
,,,,,,,,,,,,,,,,,,,,,
,,,,,,,,,,,,,,,,,,,,,
,,,,,,,,,,,,,,,,,,,,,
,,,,,,,,,,,,,,,,,,,,,
,,,,,,,,,,,,,,,,,,,,,
,,,,,,,,,,,,,,,,,,,,,
,,,,,,,,,,,,,,,,,,,,,
,,,,,,,,,,,,,,,,,,,,,
,,,,,,,,,,,,,,,,,,,,,
,,,,,,,,,,,,,,,,,,,,,
,,,,,,,,,,,,,,,,,,,,,
,,,,,,,,,,,,,,,,,,,,,
,,,,,,,,,,,,,,,,,,,,,
,,,,,,,,,,,,,,,,,,,,,
,,,,,,,,,,,,,,,,,,,,,
,,,,,,,,,,,,,,,,,,,,,
,,,,,,,,,,,,,,,,,,,,,
,,,,,,,,,,,,,,,,,,,,,
,,,,,,,,,,,,,,,,,,,,,
,,,,,,,,,,,,,,,,,,,,,
,,,,,,,,,,,,,,,,,,,,,
,,,,,,,,,,,,,,,,,,,,,
,,,,,,,,,,,,,,,,,,,,,
,,,,,,,,,,,,,,,,,,,,,
,,,,,,,,,,,,,,,,,,,,,
,,,,,,,,,,,,,,,,,,,,,
,,,,,,,,,,,,,,,,,,,,,
,,,,,,,,,,,,,,,,,,,,,
,,,,,,,,,,,,,,,,,,,,,
,,,,,,,,,,,,,,,,,,,,,
,,,,,,,,,,,,,,,,,,,,,
,,,,,,,,,,,,,,,,,,,,,
,,,,,,,,,,,,,,,,,,,,,
,,,,,,,,,,,,,,,,,,,,,
,,,,,,,,,,,,,,,,,,,,,
,,,,,,,,,,,,,,,,,,,,,
,,,,,,,,,,,,,,,,,,,,,
,,,,,,,,,,,,,,,,,,,,,
,,,,,,,,,,,,,,,,,,,,,
,,,,,,,,,,,,,,,,,,,,,
,,,,,,,,,,,,,,,,,,,,,
,,,,,,,,,,,,,,,,,,,,,
,,,,,,,,,,,,,,,,,,,,,
,,,,,,,,,,,,,,,,,,,,,
,,,,,,,,,,,,,,,,,,,,,
,,,,,,,,,,,,,,,,,,,,,
,,,,,,,,,,,,,,,,,,,,,
,,,,,,,,,,,,,,,,,,,,,
,,,,,,,,,,,,,,,,,,,,,
,,,,,,,,,,,,,,,,,,,,,
,,,,,,,,,,,,,,,,,,,,,
,,,,,,,,,,,,,,,,,,,,,
,,,,,,,,,,,,,,,,,,,,,
,,,,,,,,,,,,,,,,,,,,,
,,,,,,,,,,,,,,,,,,,,,
,,,,,,,,,,,,,,,,,,,,,
,,,,,,,,,,,,,,,,,,,,,
,,,,,,,,,,,,,,,,,,,,,
,,,,,,,,,,,,,,,,,,,,,
,,,,,,,,,,,,,,,,,,,,,
,,,,,,,,,,,,,,,,,,,,,
,,,,,,,,,,,,,,,,,,,,,
,,,,,,,,,,,,,,,,,,,,,
,,,,,,,,,,,,,,,,,,,,,
,,,,,,,,,,,,,,,,,,,,,
,,,,,,,,,,,,,,,,,,,,,
,,,,,,,,,,,,,,,,,,,,,
,,,,,,,,,,,,,,,,,,,,,
,,,,,,,,,,,,,,,,,,,,,
,,,,,,,,,,,,,,,,,,,,,
,,,,,,,,,,,,,,,,,,,,,
,,,,,,,,,,,,,,,,,,,,,
,,,,,,,,,,,,,,,,,,,,,
,,,,,,,,,,,,,,,,,,,,,
,,,,,,,,,,,,,,,,,,,,,
,,,,,,,,,,,,,,,,,,,,,
,,,,,,,,,,,,,,,,,,,,,
,,,,,,,,,,,,,,,,,,,,,
,,,,,,,,,,,,,,,,,,,,,
,,,,,,,,,,,,,,,,,,,,,
,,,,,,,,,,,,,,,,,,,,,
,,,,,,,,,,,,,,,,,,,,,
,,,,,,,,,,,,,,,,,,,,,
,,,,,,,,,,,,,,,,,,,,,
,,,,,,,,,,,,,,,,,,,,,
,,,,,,,,,,,,,,,,,,,,,
,,,,,,,,,,,,,,,,,,,,,
,,,,,,,,,,,,,,,,,,,,,
,,,,,,,,,,,,,,,,,,,,,
,,,,,,,,,,,,,,,,,,,,,
,,,,,,,,,,,,,,,,,,,,,
,,,,,,,,,,,,,,,,,,,,,
,,,,,,,,,,,,,,,,,,,,,
,,,,,,,,,,,,,,,,,,,,,
,,,,,,,,,,,,,,,,,,,,,
,,,,,,,,,,,,,,,,,,,,,
,,,,,,,,,,,,,,,,,,,,,
,,,,,,,,,,,,,,,,,,,,,
,,,,,,,,,,,,,,,,,,,,,
,,,,,,,,,,,,,,,,,,,,,
,,,,,,,,,,,,,,,,,,,,,
,,,,,,,,,,,,,,,,,,,,,
,,,,,,,,,,,,,,,,,,,,,
,,,,,,,,,,,,,,,,,,,,,
,,,,,,,,,,,,,,,,,,,,,
,,,,,,,,,,,,,,,,,,,,,
,,,,,,,,,,,,,,,,,,,,,
,,,,,,,,,,,,,,,,,,,,,
,,,,,,,,,,,,,,,,,,,,,
,,,,,,,,,,,,,,,,,,,,,
,,,,,,,,,,,,,,,,,,,,,
,,,,,,,,,,,,,,,,,,,,,
,,,,,,,,,,,,,,,,,,,,,
,,,,,,,,,,,,,,,,,,,,,
,,,,,,,,,,,,,,,,,,,,,
,,,,,,,,,,,,,,,,,,,,,
,,,,,,,,,,,,,,,,,,,,,
,,,,,,,,,,,,,,,,,,,,,
,,,,,,,,,,,,,,,,,,,,,
,,,,,,,,,,,,,,,,,,,,,
,,,,,,,,,,,,,,,,,,,,,
,,,,,,,,,,,,,,,,,,,,,
,,,,,,,,,,,,,,,,,,,,,
,,,,,,,,,,,,,,,,,,,,,
,,,,,,,,,,,,,,,,,,,,,
,,,,,,,,,,,,,,,,,,,,,
,,,,,,,,,,,,,,,,,,,,,
,,,,,,,,,,,,,,,,,,,,,
,,,,,,,,,,,,,,,,,,,,,
,,,,,,,,,,,,,,,,,,,,,
,,,,,,,,,,,,,,,,,,,,,
,,,,,,,,,,,,,,,,,,,,,
,,,,,,,,,,,,,,,,,,,,,
,,,,,,,,,,,,,,,,,,,,,
,,,,,,,,,,,,,,,,,,,,,
,,,,,,,,,,,,,,,,,,,,,
,,,,,,,,,,,,,,,,,,,,,
,,,,,,,,,,,,,,,,,,,,,
,,,,,,,,,,,,,,,,,,,,,
,,,,,,,,,,,,,,,,,,,,,
,,,,,,,,,,,,,,,,,,,,,
,,,,,,,,,,,,,,,,,,,,,
,,,,,,,,,,,,,,,,,,,,,
,,,,,,,,,,,,,,,,,,,,,
,,,,,,,,,,,,,,,,,,,,,
,,,,,,,,,,,,,,,,,,,,,
,,,,,,,,,,,,,,,,,,,,,
,,,,,,,,,,,,,,,,,,,,,
,,,,,,,,,,,,,,,,,,,,,
,,,,,,,,,,,,,,,,,,,,,
,,,,,,,,,,,,,,,,,,,,,
,,,,,,,,,,,,,,,,,,,,,
,,,,,,,,,,,,,,,,,,,,,
,,,,,,,,,,,,,,,,,,,,,
,,,,,,,,,,,,,,,,,,,,,
,,,,,,,,,,,,,,,,,,,,,
,,,,,,,,,,,,,,,,,,,,,
,,,,,,,,,,,,,,,,,,,,,
,,,,,,,,,,,,,,,,,,,,,
,,,,,,,,,,,,,,,,,,,,,
,,,,,,,,,,,,,,,,,,,,,
,,,,,,,,,,,,,,,,,,,,,
,,,,,,,,,,,,,,,,,,,,,
,,,,,,,,,,,,,,,,,,,,,
,,,,,,,,,,,,,,,,,,,,,
,,,,,,,,,,,,,,,,,,,,,
,,,,,,,,,,,,,,,,,,,,,
,,,,,,,,,,,,,,,,,,,,,
,,,,,,,,,,,,,,,,,,,,,
,,,,,,,,,,,,,,,,,,,,,
,,,,,,,,,,,,,,,,,,,,,
,,,,,,,,,,,,,,,,,,,,,
,,,,,,,,,,,,,,,,,,,,,
,,,,,,,,,,,,,,,,,,,,,
,,,,,,,,,,,,,,,,,,,,,
,,,,,,,,,,,,,,,,,,,,,
,,,,,,,,,,,,,,,,,,,,,
,,,,,,,,,,,,,,,,,,,,,
,,,,,,,,,,,,,,,,,,,,,
,,,,,,,,,,,,,,,,,,,,,
,,,,,,,,,,,,,,,,,,,,,
,,,,,,,,,,,,,,,,,,,,,
,,,,,,,,,,,,,,,,,,,,,
,,,,,,,,,,,,,,,,,,,,,
,,,,,,,,,,,,,,,,,,,,,
,,,,,,,,,,,,,,,,,,,,,
,,,,,,,,,,,,,,,,,,,,,
,,,,,,,,,,,,,,,,,,,,,
,,,,,,,,,,,,,,,,,,,,,
,,,,,,,,,,,,,,,,,,,,,
,,,,,,,,,,,,,,,,,,,,,
,,,,,,,,,,,,,,,,,,,,,
,,,,,,,,,,,,,,,,,,,,,
,,,,,,,,,,,,,,,,,,,,,
,,,,,,,,,,,,,,,,,,,,,
,,,,,,,,,,,,,,,,,,,,,
,,,,,,,,,,,,,,,,,,,,,
,,,,,,,,,,,,,,,,,,,,,
,,,,,,,,,,,,,,,,,,,,,
,,,,,,,,,,,,,,,,,,,,,
,,,,,,,,,,,,,,,,,,,,,
,,,,,,,,,,,,,,,,,,,,,
,,,,,,,,,,,,,,,,,,,,,
,,,,,,,,,,,,,,,,,,,,,
,,,,,,,,,,,,,,,,,,,,,
,,,,,,,,,,,,,,,,,,,,,
,,,,,,,,,,,,,,,,,,,,,
,,,,,,,,,,,,,,,,,,,,,
,,,,,,,,,,,,,,,,,,,,,
,,,,,,,,,,,,,,,,,,,,,
,,,,,,,,,,,,,,,,,,,,,
,,,,,,,,,,,,,,,,,,,,,
,,,,,,,,,,,,,,,,,,,,,
,,,,,,,,,,,,,,,,,,,,,
,,,,,,,,,,,,,,,,,,,,,
,,,,,,,,,,,,,,,,,,,,,
,,,,,,,,,,,,,,,,,,,,,
,,,,,,,,,,,,,,,,,,,,,
,,,,,,,,,,,,,,,,,,,,,
,,,,,,,,,,,,,,,,,,,,,
,,,,,,,,,,,,,,,,,,,,,
,,,,,,,,,,,,,,,,,,,,,
,,,,,,,,,,,,,,,,,,,,,
,,,,,,,,,,,,,,,,,,,,,
,,,,,,,,,,,,,,,,,,,,,
,,,,,,,,,,,,,,,,,,,,,
,,,,,,,,,,,,,,,,,,,,,
,,,,,,,,,,,,,,,,,,,,,
,,,,,,,,,,,,,,,,,,,,,
,,,,,,,,,,,,,,,,,,,,,
,,,,,,,,,,,,,,,,,,,,,
,,,,,,,,,,,,,,,,,,,,,
,,,,,,,,,,,,,,,,,,,,,
,,,,,,,,,,,,,,,,,,,,,
,,,,,,,,,,,,,,,,,,,,,
,,,,,,,,,,,,,,,,,,,,,
,,,,,,,,,,,,,,,,,,,,,
,,,,,,,,,,,,,,,,,,,,,
,,,,,,,,,,,,,,,,,,,,,
,,,,,,,,,,,,,,,,,,,,,
,,,,,,,,,,,,,,,,,,,,,
,,,,,,,,,,,,,,,,,,,,,
,,,,,,,,,,,,,,,,,,,,,
,,,,,,,,,,,,,,,,,,,,,
,,,,,,,,,,,,,,,,,,,,,
,,,,,,,,,,,,,,,,,,,,,
,,,,,,,,,,,,,,,,,,,,,
,,,,,,,,,,,,,,,,,,,,,
,,,,,,,,,,,,,,,,,,,,,
,,,,,,,,,,,,,,,,,,,,,
,,,,,,,,,,,,,,,,,,,,,
,,,,,,,,,,,,,,,,,,,,,
,,,,,,,,,,,,,,,,,,,,,
,,,,,,,,,,,,,,,,,,,,,
,,,,,,,,,,,,,,,,,,,,,
,,,,,,,,,,,,,,,,,,,,,
,,,,,,,,,,,,,,,,,,,,,
,,,,,,,,,,,,,,,,,,,,,
,,,,,,,,,,,,,,,,,,,,,
,,,,,,,,,,,,,,,,,,,,,
,,,,,,,,,,,,,,,,,,,,,
,,,,,,,,,,,,,,,,,,,,,
,,,,,,,,,,,,,,,,,,,,,
,,,,,,,,,,,,,,,,,,,,,
,,,,,,,,,,,,,,,,,,,,,
,,,,,,,,,,,,,,,,,,,,,
,,,,,,,,,,,,,,,,,,,,,
,,,,,,,,,,,,,,,,,,,,,
,,,,,,,,,,,,,,,,,,,,,
,,,,,,,,,,,,,,,,,,,,,
,,,,,,,,,,,,,,,,,,,,,
,,,,,,,,,,,,,,,,,,,,,
,,,,,,,,,,,,,,,,,,,,,
,,,,,,,,,,,,,,,,,,,,,
,,,,,,,,,,,,,,,,,,,,,
,,,,,,,,,,,,,,,,,,,,,
,,,,,,,,,,,,,,,,,,,,,
,,,,,,,,,,,,,,,,,,,,,
,,,,,,,,,,,,,,,,,,,,,
,,,,,,,,,,,,,,,,,,,,,
,,,,,,,,,,,,,,,,,,,,,
,,,,,,,,,,,,,,,,,,,,,
,,,,,,,,,,,,,,,,,,,,,
,,,,,,,,,,,,,,,,,,,,,
,,,,,,,,,,,,,,,,,,,,,
,,,,,,,,,,,,,,,,,,,,,
,,,,,,,,,,,,,,,,,,,,,
,,,,,,,,,,,,,,,,,,,,,
,,,,,,,,,,,,,,,,,,,,,
,,,,,,,,,,,,,,,,,,,,,
,,,,,,,,,,,,,,,,,,,,,
,,,,,,,,,,,,,,,,,,,,,
,,,,,,,,,,,,,,,,,,,,,
,,,,,,,,,,,,,,,,,,,,,
,,,,,,,,,,,,,,,,,,,,,
,,,,,,,,,,,,,,,,,,,,,
,,,,,,,,,,,,,,,,,,,,,
,,,,,,,,,,,,,,,,,,,,,
,,,,,,,,,,,,,,,,,,,,,
,,,,,,,,,,,,,,,,,,,,,
,,,,,,,,,,,,,,,,,,,,,
,,,,,,,,,,,,,,,,,,,,,
,,,,,,,,,,,,,,,,,,,,,
,,,,,,,,,,,,,,,,,,,,,
,,,,,,,,,,,,,,,,,,,,,
,,,,,,,,,,,,,,,,,,,,,
,,,,,,,,,,,,,,,,,,,,,
,,,,,,,,,,,,,,,,,,,,,
,,,,,,,,,,,,,,,,,,,,,
,,,,,,,,,,,,,,,,,,,,,
,,,,,,,,,,,,,,,,,,,,,
,,,,,,,,,,,,,,,,,,,,,
,,,,,,,,,,,,,,,,,,,,,
,,,,,,,,,,,,,,,,,,,,,
,,,,,,,,,,,,,,,,,,,,,
,,,,,,,,,,,,,,,,,,,,,
,,,,,,,,,,,,,,,,,,,,,
,,,,,,,,,,,,,,,,,,,,,
,,,,,,,,,,,,,,,,,,,,,
,,,,,,,,,,,,,,,,,,,,,
,,,,,,,,,,,,,,,,,,,,,
,,,,,,,,,,,,,,,,,,,,,
,,,,,,,,,,,,,,,,,,,,,
,,,,,,,,,,,,,,,,,,,,,
,,,,,,,,,,,,,,,,,,,,,
,,,,,,,,,,,,,,,,,,,,,
,,,,,,,,,,,,,,,,,,,,,
,,,,,,,,,,,,,,,,,,,,,
,,,,,,,,,,,,,,,,,,,,,
,,,,,,,,,,,,,,,,,,,,,
,,,,,,,,,,,,,,,,,,,,,
,,,,,,,,,,,,,,,,,,,,,
,,,,,,,,,,,,,,,,,,,,,
,,,,,,,,,,,,,,,,,,,,,
,,,,,,,,,,,,,,,,,,,,,
,,,,,,,,,,,,,,,,,,,,,
,,,,,,,,,,,,,,,,,,,,,
,,,,,,,,,,,,,,,,,,,,,
,,,,,,,,,,,,,,,,,,,,,
,,,,,,,,,,,,,,,,,,,,,
,,,,,,,,,,,,,,,,,,,,,
,,,,,,,,,,,,,,,,,,,,,
,,,,,,,,,,,,,,,,,,,,,
,,,,,,,,,,,,,,,,,,,,,
,,,,,,,,,,,,,,,,,,,,,
,,,,,,,,,,,,,,,,,,,,,
,,,,,,,,,,,,,,,,,,,,,
,,,,,,,,,,,,,,,,,,,,,
,,,,,,,,,,,,,,,,,,,,,
,,,,,,,,,,,,,,,,,,,,,
,,,,,,,,,,,,,,,,,,,,,
,,,,,,,,,,,,,,,,,,,,,
,,,,,,,,,,,,,,,,,,,,,
,,,,,,,,,,,,,,,,,,,,,
,,,,,,,,,,,,,,,,,,,,,
,,,,,,,,,,,,,,,,,,,,,
,,,,,,,,,,,,,,,,,,,,,
,,,,,,,,,,,,,,,,,,,,,
,,,,,,,,,,,,,,,,,,,,,
,,,,,,,,,,,,,,,,,,,,,
,,,,,,,,,,,,,,,,,,,,,
,,,,,,,,,,,,,,,,,,,,,
,,,,,,,,,,,,,,,,,,,,,
,,,,,,,,,,,,,,,,,,,,,
,,,,,,,,,,,,,,,,,,,,,
,,,,,,,,,,,,,,,,,,,,,
,,,,,,,,,,,,,,,,,,,,,
,,,,,,,,,,,,,,,,,,,,,
,,,,,,,,,,,,,,,,,,,,,
,,,,,,,,,,,,,,,,,,,,,
,,,,,,,,,,,,,,,,,,,,,
,,,,,,,,,,,,,,,,,,,,,
,,,,,,,,,,,,,,,,,,,,,
,,,,,,,,,,,,,,,,,,,,,
,,,,,,,,,,,,,,,,,,,,,
,,,,,,,,,,,,,,,,,,,,,
,,,,,,,,,,,,,,,,,,,,,
,,,,,,,,,,,,,,,,,,,,,
,,,,,,,,,,,,,,,,,,,,,
,,,,,,,,,,,,,,,,,,,,,
,,,,,,,,,,,,,,,,,,,,,
,,,,,,,,,,,,,,,,,,,,,
,,,,,,,,,,,,,,,,,,,,,
,,,,,,,,,,,,,,,,,,,,,
,,,,,,,,,,,,,,,,,,,,,
,,,,,,,,,,,,,,,,,,,,,
,,,,,,,,,,,,,,,,,,,,,
,,,,,,,,,,,,,,,,,,,,,
,,,,,,,,,,,,,,,,,,,,,
,,,,,,,,,,,,,,,,,,,,,
,,,,,,,,,,,,,,,,,,,,,
,,,,,,,,,,,,,,,,,,,,,
,,,,,,,,,,,,,,,,,,,,,
,,,,,,,,,,,,,,,,,,,,,
,,,,,,,,,,,,,,,,,,,,,
,,,,,,,,,,,,,,,,,,,,,
,,,,,,,,,,,,,,,,,,,,,
,,,,,,,,,,,,,,,,,,,,,
,,,,,,,,,,,,,,,,,,,,,
,,,,,,,,,,,,,,,,,,,,,
,,,,,,,,,,,,,,,,,,,,,
,,,,,,,,,,,,,,,,,,,,,
,,,,,,,,,,,,,,,,,,,,,
,,,,,,,,,,,,,,,,,,,,,
,,,,,,,,,,,,,,,,,,,,,
,,,,,,,,,,,,,,,,,,,,,
,,,,,,,,,,,,,,,,,,,,,
,,,,,,,,,,,,,,,,,,,,,
,,,,,,,,,,,,,,,,,,,,,
,,,,,,,,,,,,,,,,,,,,,
,,,,,,,,,,,,,,,,,,,,,
,,,,,,,,,,,,,,,,,,,,,
,,,,,,,,,,,,,,,,,,,,,
,,,,,,,,,,,,,,,,,,,,,
,,,,,,,,,,,,,,,,,,,,,
,,,,,,,,,,,,,,,,,,,,,
,,,,,,,,,,,,,,,,,,,,,
,,,,,,,,,,,,,,,,,,,,,
,,,,,,,,,,,,,,,,,,,,,
,,,,,,,,,,,,,,,,,,,,,
,,,,,,,,,,,,,,,,,,,,,
,,,,,,,,,,,,,,,,,,,,,
,,,,,,,,,,,,,,,,,,,,,
,,,,,,,,,,,,,,,,,,,,,
,,,,,,,,,,,,,,,,,,,,,
,,,,,,,,,,,,,,,,,,,,,
,,,,,,,,,,,,,,,,,,,,,
,,,,,,,,,,,,,,,,,,,,,
,,,,,,,,,,,,,,,,,,,,,
,,,,,,,,,,,,,,,,,,,,,
,,,,,,,,,,,,,,,,,,,,,
,,,,,,,,,,,,,,,,,,,,,
,,,,,,,,,,,,,,,,,,,,,
,,,,,,,,,,,,,,,,,,,,,
,,,,,,,,,,,,,,,,,,,,,
,,,,,,,,,,,,,,,,,,,,,
,,,,,,,,,,,,,,,,,,,,,
,,,,,,,,,,,,,,,,,,,,,
,,,,,,,,,,,,,,,,,,,,,
,,,,,,,,,,,,,,,,,,,,,
,,,,,,,,,,,,,,,,,,,,,
,,,,,,,,,,,,,,,,,,,,,
,,,,,,,,,,,,,,,,,,,,,
,,,,,,,,,,,,,,,,,,,,,
,,,,,,,,,,,,,,,,,,,,,
,,,,,,,,,,,,,,,,,,,,,
,,,,,,,,,,,,,,,,,,,,,
,,,,,,,,,,,,,,,,,,,,,
,,,,,,,,,,,,,,,,,,,,,
,,,,,,,,,,,,,,,,,,,,,
,,,,,,,,,,,,,,,,,,,,,
,,,,,,,,,,,,,,,,,,,,,
,,,,,,,,,,,,,,,,,,,,,
,,,,,,,,,,,,,,,,,,,,,
,,,,,,,,,,,,,,,,,,,,,
,,,,,,,,,,,,,,,,,,,,,
,,,,,,,,,,,,,,,,,,,,,
,,,,,,,,,,,,,,,,,,,,,
,,,,,,,,,,,,,,,,,,,,,
,,,,,,,,,,,,,,,,,,,,,
,,,,,,,,,,,,,,,,,,,,,
,,,,,,,,,,,,,,,,,,,,,
,,,,,,,,,,,,,,,,,,,,,
,,,,,,,,,,,,,,,,,,,,,
,,,,,,,,,,,,,,,,,,,,,
,,,,,,,,,,,,,,,,,,,,,
,,,,,,,,,,,,,,,,,,,,,
,,,,,,,,,,,,,,,,,,,,,
,,,,,,,,,,,,,,,,,,,,,
,,,,,,,,,,,,,,,,,,,,,
,,,,,,,,,,,,,,,,,,,,,
,,,,,,,,,,,,,,,,,,,,,
,,,,,,,,,,,,,,,,,,,,,
,,,,,,,,,,,,,,,,,,,,,
,,,,,,,,,,,,,,,,,,,,,
,,,,,,,,,,,,,,,,,,,,,
,,,,,,,,,,,,,,,,,,,,,
,,,,,,,,,,,,,,,,,,,,,
,,,,,,,,,,,,,,,,,,,,,
,,,,,,,,,,,,,,,,,,,,,
,,,,,,,,,,,,,,,,,,,,,
,,,,,,,,,,,,,,,,,,,,,
,,,,,,,,,,,,,,,,,,,,,
,,,,,,,,,,,,,,,,,,,,,
,,,,,,,,,,,,,,,,,,,,,
,,,,,,,,,,,,,,,,,,,,,
,,,,,,,,,,,,,,,,,,,,,
,,,,,,,,,,,,,,,,,,,,,
,,,,,,,,,,,,,,,,,,,,,
,,,,,,,,,,,,,,,,,,,,,
,,,,,,,,,,,,,,,,,,,,,
,,,,,,,,,,,,,,,,,,,,,
,,,,,,,,,,,,,,,,,,,,,
,,,,,,,,,,,,,,,,,,,,,
,,,,,,,,,,,,,,,,,,,,,
,,,,,,,,,,,,,,,,,,,,,
,,,,,,,,,,,,,,,,,,,,,
,,,,,,,,,,,,,,,,,,,,,
,,,,,,,,,,,,,,,,,,,,,
,,,,,,,,,,,,,,,,,,,,,
,,,,,,,,,,,,,,,,,,,,,
,,,,,,,,,,,,,,,,,,,,,
,,,,,,,,,,,,,,,,,,,,,
,,,,,,,,,,,,,,,,,,,,,
,,,,,,,,,,,,,,,,,,,,,
,,,,,,,,,,,,,,,,,,,,,
,,,,,,,,,,,,,,,,,,,,,
,,,,,,,,,,,,,,,,,,,,,
,,,,,,,,,,,,,,,,,,,,,
,,,,,,,,,,,,,,,,,,,,,
,,,,,,,,,,,,,,,,,,,,,
,,,,,,,,,,,,,,,,,,,,,
,,,,,,,,,,,,,,,,,,,,,
,,,,,,,,,,,,,,,,,,,,,
,,,,,,,,,,,,,,,,,,,,,
,,,,,,,,,,,,,,,,,,,,,
,,,,,,,,,,,,,,,,,,,,,
,,,,,,,,,,,,,,,,,,,,,
,,,,,,,,,,,,,,,,,,,,,
,,,,,,,,,,,,,,,,,,,,,
,,,,,,,,,,,,,,,,,,,,,
,,,,,,,,,,,,,,,,,,,,,
,,,,,,,,,,,,,,,,,,,,,
,,,,,,,,,,,,,,,,,,,,,
,,,,,,,,,,,,,,,,,,,,,
,,,,,,,,,,,,,,,,,,,,,
,,,,,,,,,,,,,,,,,,,,,
,,,,,,,,,,,,,,,,,,,,,
,,,,,,,,,,,,,,,,,,,,,
,,,,,,,,,,,,,,,,,,,,,
,,,,,,,,,,,,,,,,,,,,,
,,,,,,,,,,,,,,,,,,,,,
,,,,,,,,,,,,,,,,,,,,,
,,,,,,,,,,,,,,,,,,,,,
,,,,,,,,,,,,,,,,,,,,,
,,,,,,,,,,,,,,,,,,,,,
,,,,,,,,,,,,,,,,,,,,,
,,,,,,,,,,,,,,,,,,,,,
,,,,,,,,,,,,,,,,,,,,,
,,,,,,,,,,,,,,,,,,,,,
,,,,,,,,,,,,,,,,,,,,,
,,,,,,,,,,,,,,,,,,,,,
,,,,,,,,,,,,,,,,,,,,,
,,,,,,,,,,,,,,,,,,,,,
,,,,,,,,,,,,,,,,,,,,,
,,,,,,,,,,,,,,,,,,,,,
,,,,,,,,,,,,,,,,,,,,,
,,,,,,,,,,,,,,,,,,,,,
,,,,,,,,,,,,,,,,,,,,,
,,,,,,,,,,,,,,,,,,,,,
,,,,,,,,,,,,,,,,,,,,,
,,,,,,,,,,,,,,,,,,,,,
,,,,,,,,,,,,,,,,,,,,,
,,,,,,,,,,,,,,,,,,,,,
,,,,,,,,,,,,,,,,,,,,,
,,,,,,,,,,,,,,,,,,,,,
,,,,,,,,,,,,,,,,,,,,,
,,,,,,,,,,,,,,,,,,,,,
,,,,,,,,,,,,,,,,,,,,,
,,,,,,,,,,,,,,,,,,,,,
,,,,,,,,,,,,,,,,,,,,,
,,,,,,,,,,,,,,,,,,,,,
,,,,,,,,,,,,,,,,,,,,,
,,,,,,,,,,,,,,,,,,,,,
,,,,,,,,,,,,,,,,,,,,,
,,,,,,,,,,,,,,,,,,,,,
,,,,,,,,,,,,,,,,,,,,,
,,,,,,,,,,,,,,,,,,,,,
,,,,,,,,,,,,,,,,,,,,,
,,,,,,,,,,,,,,,,,,,,,
,,,,,,,,,,,,,,,,,,,,,
,,,,,,,,,,,,,,,,,,,,,
,,,,,,,,,,,,,,,,,,,,,
,,,,,,,,,,,,,,,,,,,,,
,,,,,,,,,,,,,,,,,,,,,
,,,,,,,,,,,,,,,,,,,,,
,,,,,,,,,,,,,,,,,,,,,
,,,,,,,,,,,,,,,,,,,,,
,,,,,,,,,,,,,,,,,,,,,
,,,,,,,,,,,,,,,,,,,,,
,,,,,,,,,,,,,,,,,,,,,
,,,,,,,,,,,,,,,,,,,,,
,,,,,,,,,,,,,,,,,,,,,
,,,,,,,,,,,,,,,,,,,,,
,,,,,,,,,,,,,,,,,,,,,
,,,,,,,,,,,,,,,,,,,,,
,,,,,,,,,,,,,,,,,,,,,
,,,,,,,,,,,,,,,,,,,,,
,,,,,,,,,,,,,,,,,,,,,
,,,,,,,,,,,,,,,,,,,,,
,,,,,,,,,,,,,,,,,,,,,
,,,,,,,,,,,,,,,,,,,,,
,,,,,,,,,,,,,,,,,,,,,
,,,,,,,,,,,,,,,,,,,,,
,,,,,,,,,,,,,,,,,,,,,
,,,,,,,,,,,,,,,,,,,,,
,,,,,,,,,,,,,,,,,,,,,
,,,,,,,,,,,,,,,,,,,,,
,,,,,,,,,,,,,,,,,,,,,
,,,,,,,,,,,,,,,,,,,,,
,,,,,,,,,,,,,,,,,,,,,
,,,,,,,,,,,,,,,,,,,,,
,,,,,,,,,,,,,,,,,,,,,
,,,,,,,,,,,,,,,,,,,,,
,,,,,,,,,,,,,,,,,,,,,
,,,,,,,,,,,,,,,,,,,,,
,,,,,,,,,,,,,,,,,,,,,
,,,,,,,,,,,,,,,,,,,,,
,,,,,,,,,,,,,,,,,,,,,
,,,,,,,,,,,,,,,,,,,,,
,,,,,,,,,,,,,,,,,,,,,
,,,,,,,,,,,,,,,,,,,,,
,,,,,,,,,,,,,,,,,,,,,
,,,,,,,,,,,,,,,,,,,,,
,,,,,,,,,,,,,,,,,,,,,
,,,,,,,,,,,,,,,,,,,,,
,,,,,,,,,,,,,,,,,,,,,
,,,,,,,,,,,,,,,,,,,,,
,,,,,,,,,,,,,,,,,,,,,
,,,,,,,,,,,,,,,,,,,,,
,,,,,,,,,,,,,,,,,,,,,
,,,,,,,,,,,,,,,,,,,,,
,,,,,,,,,,,,,,,,,,,,,
,,,,,,,,,,,,,,,,,,,,,
,,,,,,,,,,,,,,,,,,,,,
,,,,,,,,,,,,,,,,,,,,,
,,,,,,,,,,,,,,,,,,,,,
,,,,,,,,,,,,,,,,,,,,,
,,,,,,,,,,,,,,,,,,,,,
,,,,,,,,,,,,,,,,,,,,,
,,,,,,,,,,,,,,,,,,,,,
,,,,,,,,,,,,,,,,,,,,,
,,,,,,,,,,,,,,,,,,,,,
,,,,,,,,,,,,,,,,,,,,,
,,,,,,,,,,,,,,,,,,,,,
,,,,,,,,,,,,,,,,,,,,,
,,,,,,,,,,,,,,,,,,,,,
,,,,,,,,,,,,,,,,,,,,,
,,,,,,,,,,,,,,,,,,,,,
,,,,,,,,,,,,,,,,,,,,,
,,,,,,,,,,,,,,,,,,,,,
,,,,,,,,,,,,,,,,,,,,,
,,,,,,,,,,,,,,,,,,,,,
,,,,,,,,,,,,,,,,,,,,,
,,,,,,,,,,,,,,,,,,,,,
,,,,,,,,,,,,,,,,,,,,,
,,,,,,,,,,,,,,,,,,,,,
,,,,,,,,,,,,,,,,,,,,,
,,,,,,,,,,,,,,,,,,,,,
,,,,,,,,,,,,,,,,,,,,,
,,,,,,,,,,,,,,,,,,,,,
,,,,,,,,,,,,,,,,,,,,,
,,,,,,,,,,,,,,,,,,,,,
,,,,,,,,,,,,,,,,,,,,,
,,,,,,,,,,,,,,,,,,,,,
,,,,,,,,,,,,,,,,,,,,,
,,,,,,,,,,,,,,,,,,,,,
,,,,,,,,,,,,,,,,,,,,,
,,,,,,,,,,,,,,,,,,,,,
,,,,,,,,,,,,,,,,,,,,,
,,,,,,,,,,,,,,,,,,,,,
,,,,,,,,,,,,,,,,,,,,,
,,,,,,,,,,,,,,,,,,,,,
,,,,,,,,,,,,,,,,,,,,,
,,,,,,,,,,,,,,,,,,,,,
,,,,,,,,,,,,,,,,,,,,,
,,,,,,,,,,,,,,,,,,,,,
,,,,,,,,,,,,,,,,,,,,,
,,,,,,,,,,,,,,,,,,,,,
,,,,,,,,,,,,,,,,,,,,,
,,,,,,,,,,,,,,,,,,,,,
,,,,,,,,,,,,,,,,,,,,,
,,,,,,,,,,,,,,,,,,,,,
,,,,,,,,,,,,,,,,,,,,,
,,,,,,,,,,,,,,,,,,,,,
,,,,,,,,,,,,,,,,,,,,,
,,,,,,,,,,,,,,,,,,,,,
,,,,,,,,,,,,,,,,,,,,,
,,,,,,,,,,,,,,,,,,,,,
,,,,,,,,,,,,,,,,,,,,,
,,,,,,,,,,,,,,,,,,,,,
,,,,,,,,,,,,,,,,,,,,,
,,,,,,,,,,,,,,,,,,,,,
,,,,,,,,,,,,,,,,,,,,,
,,,,,,,,,,,,,,,,,,,,,
,,,,,,,,,,,,,,,,,,,,,
,,,,,,,,,,,,,,,,,,,,,
,,,,,,,,,,,,,,,,,,,,,
,,,,,,,,,,,,,,,,,,,,,
,,,,,,,,,,,,,,,,,,,,,
,,,,,,,,,,,,,,,,,,,,,
,,,,,,,,,,,,,,,,,,,,,
,,,,,,,,,,,,,,,,,,,,,
,,,,,,,,,,,,,,,,,,,,,
,,,,,,,,,,,,,,,,,,,,,
,,,,,,,,,,,,,,,,,,,,,
,,,,,,,,,,,,,,,,,,,,,
,,,,,,,,,,,,,,,,,,,,,
,,,,,,,,,,,,,,,,,,,,,
,,,,,,,,,,,,,,,,,,,,,
,,,,,,,,,,,,,,,,,,,,,
,,,,,,,,,,,,,,,,,,,,,
,,,,,,,,,,,,,,,,,,,,,
,,,,,,,,,,,,,,,,,,,,,
,,,,,,,,,,,,,,,,,,,,,
,,,,,,,,,,,,,,,,,,,,,
,,,,,,,,,,,,,,,,,,,,,
,,,,,,,,,,,,,,,,,,,,,
,,,,,,,,,,,,,,,,,,,,,
,,,,,,,,,,,,,,,,,,,,,
,,,,,,,,,,,,,,,,,,,,,
,,,,,,,,,,,,,,,,,,,,,
,,,,,,,,,,,,,,,,,,,,,
,,,,,,,,,,,,,,,,,,,,,
,,,,,,,,,,,,,,,,,,,,,
,,,,,,,,,,,,,,,,,,,,,
,,,,,,,,,,,,,,,,,,,,,
,,,,,,,,,,,,,,,,,,,,,
,,,,,,,,,,,,,,,,,,,,,
,,,,,,,,,,,,,,,,,,,,,
,,,,,,,,,,,,,,,,,,,,,
,,,,,,,,,,,,,,,,,,,,,
,,,,,,,,,,,,,,,,,,,,,
,,,,,,,,,,,,,,,,,,,,,
,,,,,,,,,,,,,,,,,,,,,
,,,,,,,,,,,,,,,,,,,,,
,,,,,,,,,,,,,,,,,,,,,
,,,,,,,,,,,,,,,,,,,,,
,,,,,,,,,,,,,,,,,,,,,
,,,,,,,,,,,,,,,,,,,,,
,,,,,,,,,,,,,,,,,,,,,
,,,,,,,,,,,,,,,,,,,,,
,,,,,,,,,,,,,,,,,,,,,
,,,,,,,,,,,,,,,,,,,,,
,,,,,,,,,,,,,,,,,,,,,
,,,,,,,,,,,,,,,,,,,,,
,,,,,,,,,,,,,,,,,,,,,
,,,,,,,,,,,,,,,,,,,,,
,,,,,,,,,,,,,,,,,,,,,
,,,,,,,,,,,,,,,,,,,,,
,,,,,,,,,,,,,,,,,,,,,
,,,,,,,,,,,,,,,,,,,,,
,,,,,,,,,,,,,,,,,,,,,
,,,,,,,,,,,,,,,,,,,,,
,,,,,,,,,,,,,,,,,,,,,
,,,,,,,,,,,,,,,,,,,,,
,,,,,,,,,,,,,,,,,,,,,
,,,,,,,,,,,,,,,,,,,,,
,,,,,,,,,,,,,,,,,,,,,
,,,,,,,,,,,,,,,,,,,,,
,,,,,,,,,,,,,,,,,,,,,
,,,,,,,,,,,,,,,,,,,,,
,,,,,,,,,,,,,,,,,,,,,
,,,,,,,,,,,,,,,,,,,,,
,,,,,,,,,,,,,,,,,,,,,
,,,,,,,,,,,,,,,,,,,,,
,,,,,,,,,,,,,,,,,,,,,
,,,,,,,,,,,,,,,,,,,,,
,,,,,,,,,,,,,,,,,,,,,
,,,,,,,,,,,,,,,,,,,,,
,,,,,,,,,,,,,,,,,,,,,
,,,,,,,,,,,,,,,,,,,,,
,,,,,,,,,,,,,,,,,,,,,
,,,,,,,,,,,,,,,,,,,,,
,,,,,,,,,,,,,,,,,,,,,
,,,,,,,,,,,,,,,,,,,,,
,,,,,,,,,,,,,,,,,,,,,
,,,,,,,,,,,,,,,,,,,,,
,,,,,,,,,,,,,,,,,,,,,
,,,,,,,,,,,,,,,,,,,,,
,,,,,,,,,,,,,,,,,,,,,
,,,,,,,,,,,,,,,,,,,,,
,,,,,,,,,,,,,,,,,,,,,
,,,,,,,,,,,,,,,,,,,,,
,,,,,,,,,,,,,,,,,,,,,
,,,,,,,,,,,,,,,,,,,,,
,,,,,,,,,,,,,,,,,,,,,
,,,,,,,,,,,,,,,,,,,,,
,,,,,,,,,,,,,,,,,,,,,
,,,,,,,,,,,,,,,,,,,,,
,,,,,,,,,,,,,,,,,,,,,
,,,,,,,,,,,,,,,,,,,,,
,,,,,,,,,,,,,,,,,,,,,
,,,,,,,,,,,,,,,,,,,,,
,,,,,,,,,,,,,,,,,,,,,
,,,,,,,,,,,,,,,,,,,,,
,,,,,,,,,,,,,,,,,,,,,
,,,,,,,,,,,,,,,,,,,,,
,,,,,,,,,,,,,,,,,,,,,
,,,,,,,,,,,,,,,,,,,,,
,,,,,,,,,,,,,,,,,,,,,
,,,,,,,,,,,,,,,,,,,,,
,,,,,,,,,,,,,,,,,,,,,
,,,,,,,,,,,,,,,,,,,,,
,,,,,,,,,,,,,,,,,,,,,
,,,,,,,,,,,,,,,,,,,,,
,,,,,,,,,,,,,,,,,,,,,
,,,,,,,,,,,,,,,,,,,,,
,,,,,,,,,,,,,,,,,,,,,
,,,,,,,,,,,,,,,,,,,,,
,,,,,,,,,,,,,,,,,,,,,
,,,,,,,,,,,,,,,,,,,,,
,,,,,,,,,,,,,,,,,,,,,
,,,,,,,,,,,,,,,,,,,,,
,,,,,,,,,,,,,,,,,,,,,
,,,,,,,,,,,,,,,,,,,,,
,,,,,,,,,,,,,,,,,,,,,
,,,,,,,,,,,,,,,,,,,,,
,,,,,,,,,,,,,,,,,,,,,
,,,,,,,,,,,,,,,,,,,,,
,,,,,,,,,,,,,,,,,,,,,
,,,,,,,,,,,,,,,,,,,,,
,,,,,,,,,,,,,,,,,,,,,
,,,,,,,,,,,,,,,,,,,,,
,,,,,,,,,,,,,,,,,,,,,
,,,,,,,,,,,,,,,,,,,,,
,,,,,,,,,,,,,,,,,,,,,
,,,,,,,,,,,,,,,,,,,,,
,,,,,,,,,,,,,,,,,,,,,
,,,,,,,,,,,,,,,,,,,,,
,,,,,,,,,,,,,,,,,,,,,
,,,,,,,,,,,,,,,,,,,,,
,,,,,,,,,,,,,,,,,,,,,
,,,,,,,,,,,,,,,,,,,,,
,,,,,,,,,,,,,,,,,,,,,
,,,,,,,,,,,,,,,,,,,,,
,,,,,,,,,,,,,,,,,,,,,
,,,,,,,,,,,,,,,,,,,,,
,,,,,,,,,,,,,,,,,,,,,
,,,,,,,,,,,,,,,,,,,,,
,,,,,,,,,,,,,,,,,,,,,
,,,,,,,,,,,,,,,,,,,,,
,,,,,,,,,,,,,,,,,,,,,
,,,,,,,,,,,,,,,,,,,,,
,,,,,,,,,,,,,,,,,,,,,
,,,,,,,,,,,,,,,,,,,,,
,,,,,,,,,,,,,,,,,,,,,
,,,,,,,,,,,,,,,,,,,,,
,,,,,,,,,,,,,,,,,,,,,
,,,,,,,,,,,,,,,,,,,,,
,,,,,,,,,,,,,,,,,,,,,
,,,,,,,,,,,,,,,,,,,,,
,,,,,,,,,,,,,,,,,,,,,
,,,,,,,,,,,,,,,,,,,,,
,,,,,,,,,,,,,,,,,,,,,
,,,,,,,,,,,,,,,,,,,,,
,,,,,,,,,,,,,,,,,,,,,
,,,,,,,,,,,,,,,,,,,,,
,,,,,,,,,,,,,,,,,,,,,
,,,,,,,,,,,,,,,,,,,,,
,,,,,,,,,,,,,,,,,,,,,
,,,,,,,,,,,,,,,,,,,,,
,,,,,,,,,,,,,,,,,,,,,
,,,,,,,,,,,,,,,,,,,,,
,,,,,,,,,,,,,,,,,,,,,
,,,,,,,,,,,,,,,,,,,,,
,,,,,,,,,,,,,,,,,,,,,
,,,,,,,,,,,,,,,,,,,,,
,,,,,,,,,,,,,,,,,,,,,
,,,,,,,,,,,,,,,,,,,,,
,,,,,,,,,,,,,,,,,,,,,
,,,,,,,,,,,,,,,,,,,,,
,,,,,,,,,,,,,,,,,,,,,
,,,,,,,,,,,,,,,,,,,,,
,,,,,,,,,,,,,,,,,,,,,
,,,,,,,,,,,,,,,,,,,,,
,,,,,,,,,,,,,,,,,,,,,
,,,,,,,,,,,,,,,,,,,,,
,,,,,,,,,,,,,,,,,,,,,
,,,,,,,,,,,,,,,,,,,,,
,,,,,,,,,,,,,,,,,,,,,
,,,,,,,,,,,,,,,,,,,,,
,,,,,,,,,,,,,,,,,,,,,
,,,,,,,,,,,,,,,,,,,,,
,,,,,,,,,,,,,,,,,,,,,
,,,,,,,,,,,,,,,,,,,,,
,,,,,,,,,,,,,,,,,,,,,
,,,,,,,,,,,,,,,,,,,,,
,,,,,,,,,,,,,,,,,,,,,
,,,,,,,,,,,,,,,,,,,,,
,,,,,,,,,,,,,,,,,,,,,
,,,,,,,,,,,,,,,,,,,,,
,,,,,,,,,,,,,,,,,,,,,
,,,,,,,,,,,,,,,,,,,,,
,,,,,,,,,,,,,,,,,,,,,
,,,,,,,,,,,,,,,,,,,,,
,,,,,,,,,,,,,,,,,,,,,
,,,,,,,,,,,,,,,,,,,,,
,,,,,,,,,,,,,,,,,,,,,
,,,,,,,,,,,,,,,,,,,,,
,,,,,,,,,,,,,,,,,,,,,
,,,,,,,,,,,,,,,,,,,,,
,,,,,,,,,,,,,,,,,,,,,
,,,,,,,,,,,,,,,,,,,,,
,,,,,,,,,,,,,,,,,,,,,
,,,,,,,,,,,,,,,,,,,,,
,,,,,,,,,,,,,,,,,,,,,
,,,,,,,,,,,,,,,,,,,,,
,,,,,,,,,,,,,,,,,,,,,
,,,,,,,,,,,,,,,,,,,,,
,,,,,,,,,,,,,,,,,,,,,
,,,,,,,,,,,,,,,,,,,,,
,,,,,,,,,,,,,,,,,,,,,
,,,,,,,,,,,,,,,,,,,,,
,,,,,,,,,,,,,,,,,,,,,
,,,,,,,,,,,,,,,,,,,,,
,,,,,,,,,,,,,,,,,,,,,
,,,,,,,,,,,,,,,,,,,,,
,,,,,,,,,,,,,,,,,,,,,
,,,,,,,,,,,,,,,,,,,,,
,,,,,,,,,,,,,,,,,,,,,
,,,,,,,,,,,,,,,,,,,,,
,,,,,,,,,,,,,,,,,,,,,
,,,,,,,,,,,,,,,,,,,,,
,,,,,,,,,,,,,,,,,,,,,
,,,,,,,,,,,,,,,,,,,,,
,,,,,,,,,,,,,,,,,,,,,
,,,,,,,,,,,,,,,,,,,,,
,,,,,,,,,,,,,,,,,,,,,
,,,,,,,,,,,,,,,,,,,,,
,,,,,,,,,,,,,,,,,,,,,
,,,,,,,,,,,,,,,,,,,,,
,,,,,,,,,,,,,,,,,,,,,
,,,,,,,,,,,,,,,,,,,,,
,,,,,,,,,,,,,,,,,,,,,
,,,,,,,,,,,,,,,,,,,,,
,,,,,,,,,,,,,,,,,,,,,
,,,,,,,,,,,,,,,,,,,,,
,,,,,,,,,,,,,,,,,,,,,
,,,,,,,,,,,,,,,,,,,,,
,,,,,,,,,,,,,,,,,,,,,
,,,,,,,,,,,,,,,,,,,,,
,,,,,,,,,,,,,,,,,,,,,
,,,,,,,,,,,,,,,,,,,,,
,,,,,,,,,,,,,,,,,,,,,
,,,,,,,,,,,,,,,,,,,,,
,,,,,,,,,,,,,,,,,,,,,
,,,,,,,,,,,,,,,,,,,,,
,,,,,,,,,,,,,,,,,,,,,
,,,,,,,,,,,,,,,,,,,,,
,,,,,,,,,,,,,,,,,,,,,
,,,,,,,,,,,,,,,,,,,,,
,,,,,,,,,,,,,,,,,,,,,
,,,,,,,,,,,,,,,,,,,,,
,,,,,,,,,,,,,,,,,,,,,
,,,,,,,,,,,,,,,,,,,,,
,,,,,,,,,,,,,,,,,,,,,
,,,,,,,,,,,,,,,,,,,,,
,,,,,,,,,,,,,,,,,,,,,
,,,,,,,,,,,,,,,,,,,,,
,,,,,,,,,,,,,,,,,,,,,
,,,,,,,,,,,,,,,,,,,,,
,,,,,,,,,,,,,,,,,,,,,
,,,,,,,,,,,,,,,,,,,,,
,,,,,,,,,,,,,,,,,,,,,
,,,,,,,,,,,,,,,,,,,,,
,,,,,,,,,,,,,,,,,,,,,
,,,,,,,,,,,,,,,,,,,,,
,,,,,,,,,,,,,,,,,,,,,
,,,,,,,,,,,,,,,,,,,,,
,,,,,,,,,,,,,,,,,,,,,
,,,,,,,,,,,,,,,,,,,,,
,,,,,,,,,,,,,,,,,,,,,
,,,,,,,,,,,,,,,,,,,,,
,,,,,,,,,,,,,,,,,,,,,
,,,,,,,,,,,,,,,,,,,,,
,,,,,,,,,,,,,,,,,,,,,
,,,,,,,,,,,,,,,,,,,,,
,,,,,,,,,,,,,,,,,,,,,
,,,,,,,,,,,,,,,,,,,,,
,,,,,,,,,,,,,,,,,,,,,
,,,,,,,,,,,,,,,,,,,,,
,,,,,,,,,,,,,,,,,,,,,
,,,,,,,,,,,,,,,,,,,,,
,,,,,,,,,,,,,,,,,,,,,
,,,,,,,,,,,,,,,,,,,,,
,,,,,,,,,,,,,,,,,,,,,
,,,,,,,,,,,,,,,,,,,,,
,,,,,,,,,,,,,,,,,,,,,
,,,,,,,,,,,,,,,,,,,,,
,,,,,,,,,,,,,,,,,,,,,
,,,,,,,,,,,,,,,,,,,,,
,,,,,,,,,,,,,,,,,,,,,
,,,,,,,,,,,,,,,,,,,,,
,,,,,,,,,,,,,,,,,,,,,
,,,,,,,,,,,,,,,,,,,,,
,,,,,,,,,,,,,,,,,,,,,
,,,,,,,,,,,,,,,,,,,,,
,,,,,,,,,,,,,,,,,,,,,
,,,,,,,,,,,,,,,,,,,,,
,,,,,,,,,,,,,,,,,,,,,
,,,,,,,,,,,,,,,,,,,,,
,,,,,,,,,,,,,,,,,,,,,
,,,,,,,,,,,,,,,,,,,,,
,,,,,,,,,,,,,,,,,,,,,
,,,,,,,,,,,,,,,,,,,,,
,,,,,,,,,,,,,,,,,,,,,
,,,,,,,,,,,,,,,,,,,,,
,,,,,,,,,,,,,,,,,,,,,
,,,,,,,,,,,,,,,,,,,,,
,,,,,,,,,,,,,,,,,,,,,
,,,,,,,,,,,,,,,,,,,,,
,,,,,,,,,,,,,,,,,,,,,
,,,,,,,,,,,,,,,,,,,,,
,,,,,,,,,,,,,,,,,,,,,
,,,,,,,,,,,,,,,,,,,,,
,,,,,,,,,,,,,,,,,,,,,
,,,,,,,,,,,,,,,,,,,,,
,,,,,,,,,,,,,,,,,,,,,
,,,,,,,,,,,,,,,,,,,,,
,,,,,,,,,,,,,,,,,,,,,
,,,,,,,,,,,,,,,,,,,,,
,,,,,,,,,,,,,,,,,,,,,
,,,,,,,,,,,,,,,,,,,,,
,,,,,,,,,,,,,,,,,,,,,
,,,,,,,,,,,,,,,,,,,,,
,,,,,,,,,,,,,,,,,,,,,
,,,,,,,,,,,,,,,,,,,,,
,,,,,,,,,,,,,,,,,,,,,
,,,,,,,,,,,,,,,,,,,,,
,,,,,,,,,,,,,,,,,,,,,
,,,,,,,,,,,,,,,,,,,,,
,,,,,,,,,,,,,,,,,,,,,
,,,,,,,,,,,,,,,,,,,,,
,,,,,,,,,,,,,,,,,,,,,
,,,,,,,,,,,,,,,,,,,,,
,,,,,,,,,,,,,,,,,,,,,
,,,,,,,,,,,,,,,,,,,,,
,,,,,,,,,,,,,,,,,,,,,
,,,,,,,,,,,,,,,,,,,,,
,,,,,,,,,,,,,,,,,,,,,
,,,,,,,,,,,,,,,,,,,,,
,,,,,,,,,,,,,,,,,,,,,
,,,,,,,,,,,,,,,,,,,,,
,,,,,,,,,,,,,,,,,,,,,
,,,,,,,,,,,,,,,,,,,,,
,,,,,,,,,,,,,,,,,,,,,
,,,,,,,,,,,,,,,,,,,,,
,,,,,,,,,,,,,,,,,,,,,
,,,,,,,,,,,,,,,,,,,,,
,,,,,,,,,,,,,,,,,,,,,
,,,,,,,,,,,,,,,,,,,,,
,,,,,,,,,,,,,,,,,,,,,
,,,,,,,,,,,,,,,,,,,,,
,,,,,,,,,,,,,,,,,,,,,
,,,,,,,,,,,,,,,,,,,,,
,,,,,,,,,,,,,,,,,,,,,
,,,,,,,,,,,,,,,,,,,,,
,,,,,,,,,,,,,,,,,,,,,
,,,,,,,,,,,,,,,,,,,,,
,,,,,,,,,,,,,,,,,,,,,
,,,,,,,,,,,,,,,,,,,,,
,,,,,,,,,,,,,,,,,,,,,
,,,,,,,,,,,,,,,,,,,,,
,,,,,,,,,,,,,,,,,,,,,
,,,,,,,,,,,,,,,,,,,,,
,,,,,,,,,,,,,,,,,,,,,
,,,,,,,,,,,,,,,,,,,,,
,,,,,,,,,,,,,,,,,,,,,
,,,,,,,,,,,,,,,,,,,,,
,,,,,,,,,,,,,,,,,,,,,
,,,,,,,,,,,,,,,,,,,,,
,,,,,,,,,,,,,,,,,,,,,
,,,,,,,,,,,,,,,,,,,,,
,,,,,,,,,,,,,,,,,,,,,
,,,,,,,,,,,,,,,,,,,,,
,,,,,,,,,,,,,,,,,,,,,
,,,,,,,,,,,,,,,,,,,,,
,,,,,,,,,,,,,,,,,,,,,
,,,,,,,,,,,,,,,,,,,,,
,,,,,,,,,,,,,,,,,,,,,
,,,,,,,,,,,,,,,,,,,,,
,,,,,,,,,,,,,,,,,,,,,
,,,,,,,,,,,,,,,,,,,,,
,,,,,,,,,,,,,,,,,,,,,
,,,,,,,,,,,,,,,,,,,,,
,,,,,,,,,,,,,,,,,,,,,
,,,,,,,,,,,,,,,,,,,,,
,,,,,,,,,,,,,,,,,,,,,
,,,,,,,,,,,,,,,,,,,,,
,,,,,,,,,,,,,,,,,,,,,
,,,,,,,,,,,,,,,,,,,,,
,,,,,,,,,,,,,,,,,,,,,
,,,,,,,,,,,,,,,,,,,,,
,,,,,,,,,,,,,,,,,,,,,
,,,,,,,,,,,,,,,,,,,,,
,,,,,,,,,,,,,,,,,,,,,
,,,,,,,,,,,,,,,,,,,,,
,,,,,,,,,,,,,,,,,,,,,
,,,,,,,,,,,,,,,,,,,,,
,,,,,,,,,,,,,,,,,,,,,
,,,,,,,,,,,,,,,,,,,,,
,,,,,,,,,,,,,,,,,,,,,
,,,,,,,,,,,,,,,,,,,,,
,,,,,,,,,,,,,,,,,,,,,
,,,,,,,,,,,,,,,,,,,,,
,,,,,,,,,,,,,,,,,,,,,
,,,,,,,,,,,,,,,,,,,,,
,,,,,,,,,,,,,,,,,,,,,
,,,,,,,,,,,,,,,,,,,,,
,,,,,,,,,,,,,,,,,,,,,
,,,,,,,,,,,,,,,,,,,,,
,,,,,,,,,,,,,,,,,,,,,
,,,,,,,,,,,,,,,,,,,,,
,,,,,,,,,,,,,,,,,,,,,
,,,,,,,,,,,,,,,,,,,,,
,,,,,,,,,,,,,,,,,,,,,
,,,,,,,,,,,,,,,,,,,,,
,,,,,,,,,,,,,,,,,,,,,
,,,,,,,,,,,,,,,,,,,,,
,,,,,,,,,,,,,,,,,,,,,
,,,,,,,,,,,,,,,,,,,,,
,,,,,,,,,,,,,,,,,,,,,
,,,,,,,,,,,,,,,,,,,,,
,,,,,,,,,,,,,,,,,,,,,
,,,,,,,,,,,,,,,,,,,,,
,,,,,,,,,,,,,,,,,,,,,
,,,,,,,,,,,,,,,,,,,,,
,,,,,,,,,,,,,,,,,,,,,
,,,,,,,,,,,,,,,,,,,,,
,,,,,,,,,,,,,,,,,,,,,
,,,,,,,,,,,,,,,,,,,,,
,,,,,,,,,,,,,,,,,,,,,
,,,,,,,,,,,,,,,,,,,,,
,,,,,,,,,,,,,,,,,,,,,
,,,,,,,,,,,,,,,,,,,,,
,,,,,,,,,,,,,,,,,,,,,
,,,,,,,,,,,,,,,,,,,,,
,,,,,,,,,,,,,,,,,,,,,
,,,,,,,,,,,,,,,,,,,,,
,,,,,,,,,,,,,,,,,,,,,
,,,,,,,,,,,,,,,,,,,,,
,,,,,,,,,,,,,,,,,,,,,
,,,,,,,,,,,,,,,,,,,,,
,,,,,,,,,,,,,,,,,,,,,
,,,,,,,,,,,,,,,,,,,,,
,,,,,,,,,,,,,,,,,,,,,
,,,,,,,,,,,,,,,,,,,,,
,,,,,,,,,,,,,,,,,,,,,
,,,,,,,,,,,,,,,,,,,,,
,,,,,,,,,,,,,,,,,,,,,
,,,,,,,,,,,,,,,,,,,,,
,,,,,,,,,,,,,,,,,,,,,
,,,,,,,,,,,,,,,,,,,,,
,,,,,,,,,,,,,,,,,,,,,
,,,,,,,,,,,,,,,,,,,,,
,,,,,,,,,,,,,,,,,,,,,
,,,,,,,,,,,,,,,,,,,,,
,,,,,,,,,,,,,,,,,,,,,
,,,,,,,,,,,,,,,,,,,,,
,,,,,,,,,,,,,,,,,,,,,
,,,,,,,,,,,,,,,,,,,,,
,,,,,,,,,,,,,,,,,,,,,
,,,,,,,,,,,,,,,,,,,,,
,,,,,,,,,,,,,,,,,,,,,
,,,,,,,,,,,,,,,,,,,,,
,,,,,,,,,,,,,,,,,,,,,
,,,,,,,,,,,,,,,,,,,,,
,,,,,,,,,,,,,,,,,,,,,
,,,,,,,,,,,,,,,,,,,,,
,,,,,,,,,,,,,,,,,,,,,
,,,,,,,,,,,,,,,,,,,,,
,,,,,,,,,,,,,,,,,,,,,
,,,,,,,,,,,,,,,,,,,,,
,,,,,,,,,,,,,,,,,,,,,
,,,,,,,,,,,,,,,,,,,,,
,,,,,,,,,,,,,,,,,,,,,
,,,,,,,,,,,,,,,,,,,,,
,,,,,,,,,,,,,,,,,,,,,
,,,,,,,,,,,,,,,,,,,,,
,,,,,,,,,,,,,,,,,,,,,
,,,,,,,,,,,,,,,,,,,,,
,,,,,,,,,,,,,,,,,,,,,
,,,,,,,,,,,,,,,,,,,,,
,,,,,,,,,,,,,,,,,,,,,
,,,,,,,,,,,,,,,,,,,,,
,,,,,,,,,,,,,,,,,,,,,
,,,,,,,,,,,,,,,,,,,,,
,,,,,,,,,,,,,,,,,,,,,
,,,,,,,,,,,,,,,,,,,,,
,,,,,,,,,,,,,,,,,,,,,
,,,,,,,,,,,,,,,,,,,,,
,,,,,,,,,,,,,,,,,,,,,
,,,,,,,,,,,,,,,,,,,,,
,,,,,,,,,,,,,,,,,,,,,
,,,,,,,,,,,,,,,,,,,,,
,,,,,,,,,,,,,,,,,,,,,
,,,,,,,,,,,,,,,,,,,,,
,,,,,,,,,,,,,,,,,,,,,
,,,,,,,,,,,,,,,,,,,,,
,,,,,,,,,,,,,,,,,,,,,
,,,,,,,,,,,,,,,,,,,,,
,,,,,,,,,,,,,,,,,,,,,
,,,,,,,,,,,,,,,,,,,,,
,,,,,,,,,,,,,,,,,,,,,
,,,,,,,,,,,,,,,,,,,,,
,,,,,,,,,,,,,,,,,,,,,
,,,,,,,,,,,,,,,,,,,,,
,,,,,,,,,,,,,,,,,,,,,
,,,,,,,,,,,,,,,,,,,,,
,,,,,,,,,,,,,,,,,,,,,
,,,,,,,,,,,,,,,,,,,,,
,,,,,,,,,,,,,,,,,,,,,
,,,,,,,,,,,,,,,,,,,,,
,,,,,,,,,,,,,,,,,,,,,
,,,,,,,,,,,,,,,,,,,,,
,,,,,,,,,,,,,,,,,,,,,
,,,,,,,,,,,,,,,,,,,,,
,,,,,,,,,,,,,,,,,,,,,
,,,,,,,,,,,,,,,,,,,,,
,,,,,,,,,,,,,,,,,,,,,
,,,,,,,,,,,,,,,,,,,,,
,,,,,,,,,,,,,,,,,,,,,
,,,,,,,,,,,,,,,,,,,,,
,,,,,,,,,,,,,,,,,,,,,
,,,,,,,,,,,,,,,,,,,,,
,,,,,,,,,,,,,,,,,,,,,
,,,,,,,,,,,,,,,,,,,,,
,,,,,,,,,,,,,,,,,,,,,
,,,,,,,,,,,,,,,,,,,,,
,,,,,,,,,,,,,,,,,,,,,
,,,,,,,,,,,,,,,,,,,,,
,,,,,,,,,,,,,,,,,,,,,
,,,,,,,,,,,,,,,,,,,,,
,,,,,,,,,,,,,,,,,,,,,
,,,,,,,,,,,,,,,,,,,,,
,,,,,,,,,,,,,,,,,,,,,
,,,,,,,,,,,,,,,,,,,,,
,,,,,,,,,,,,,,,,,,,,,
,,,,,,,,,,,,,,,,,,,,,
,,,,,,,,,,,,,,,,,,,,,
,,,,,,,,,,,,,,,,,,,,,
,,,,,,,,,,,,,,,,,,,,,
,,,,,,,,,,,,,,,,,,,,,
,,,,,,,,,,,,,,,,,,,,,
,,,,,,,,,,,,,,,,,,,,,
,,,,,,,,,,,,,,,,,,,,,
,,,,,,,,,,,,,,,,,,,,,
,,,,,,,,,,,,,,,,,,,,,
,,,,,,,,,,,,,,,,,,,,,
,,,,,,,,,,,,,,,,,,,,,
,,,,,,,,,,,,,,,,,,,,,
,,,,,,,,,,,,,,,,,,,,,
,,,,,,,,,,,,,,,,,,,,,
,,,,,,,,,,,,,,,,,,,,,
,,,,,,,,,,,,,,,,,,,,,
,,,,,,,,,,,,,,,,,,,,,
,,,,,,,,,,,,,,,,,,,,,
,,,,,,,,,,,,,,,,,,,,,
,,,,,,,,,,,,,,,,,,,,,
,,,,,,,,,,,,,,,,,,,,,
,,,,,,,,,,,,,,,,,,,,,
,,,,,,,,,,,,,,,,,,,,,
,,,,,,,,,,,,,,,,,,,,,
,,,,,,,,,,,,,,,,,,,,,
,,,,,,,,,,,,,,,,,,,,,
,,,,,,,,,,,,,,,,,,,,,
,,,,,,,,,,,,,,,,,,,,,
,,,,,,,,,,,,,,,,,,,,,
,,,,,,,,,,,,,,,,,,,,,
,,,,,,,,,,,,,,,,,,,,,
,,,,,,,,,,,,,,,,,,,,,
,,,,,,,,,,,,,,,,,,,,,
,,,,,,,,,,,,,,,,,,,,,
,,,,,,,,,,,,,,,,,,,,,
,,,,,,,,,,,,,,,,,,,,,
,,,,,,,,,,,,,,,,,,,,,
,,,,,,,,,,,,,,,,,,,,,
,,,,,,,,,,,,,,,,,,,,,
,,,,,,,,,,,,,,,,,,,,,
,,,,,,,,,,,,,,,,,,,,,
,,,,,,,,,,,,,,,,,,,,,
,,,,,,,,,,,,,,,,,,,,,
,,,,,,,,,,,,,,,,,,,,,
,,,,,,,,,,,,,,,,,,,,,
,,,,,,,,,,,,,,,,,,,,,
,,,,,,,,,,,,,,,,,,,,,
,,,,,,,,,,,,,,,,,,,,,
,,,,,,,,,,,,,,,,,,,,,
,,,,,,,,,,,,,,,,,,,,,
,,,,,,,,,,,,,,,,,,,,,
,,,,,,,,,,,,,,,,,,,,,
,,,,,,,,,,,,,,,,,,,,,
,,,,,,,,,,,,,,,,,,,,,
,,,,,,,,,,,,,,,,,,,,,
,,,,,,,,,,,,,,,,,,,,,
,,,,,,,,,,,,,,,,,,,,,
,,,,,,,,,,,,,,,,,,,,,
,,,,,,,,,,,,,,,,,,,,,
,,,,,,,,,,,,,,,,,,,,,
,,,,,,,,,,,,,,,,,,,,,
,,,,,,,,,,,,,,,,,,,,,
,,,,,,,,,,,,,,,,,,,,,
,,,,,,,,,,,,,,,,,,,,,
,,,,,,,,,,,,,,,,,,,,,
,,,,,,,,,,,,,,,,,,,,,
,,,,,,,,,,,,,,,,,,,,,
,,,,,,,,,,,,,,,,,,,,,
,,,,,,,,,,,,,,,,,,,,,
,,,,,,,,,,,,,,,,,,,,,
,,,,,,,,,,,,,,,,,,,,,
,,,,,,,,,,,,,,,,,,,,,
,,,,,,,,,,,,,,,,,,,,,
,,,,,,,,,,,,,,,,,,,,,
,,,,,,,,,,,,,,,,,,,,,
,,,,,,,,,,,,,,,,,,,,,
,,,,,,,,,,,,,,,,,,,,,
,,,,,,,,,,,,,,,,,,,,,
,,,,,,,,,,,,,,,,,,,,,
,,,,,,,,,,,,,,,,,,,,,
,,,,,,,,,,,,,,,,,,,,,
,,,,,,,,,,,,,,,,,,,,,
,,,,,,,,,,,,,,,,,,,,,
,,,,,,,,,,,,,,,,,,,,,
,,,,,,,,,,,,,,,,,,,,,
,,,,,,,,,,,,,,,,,,,,,
,,,,,,,,,,,,,,,,,,,,,
,,,,,,,,,,,,,,,,,,,,,
,,,,,,,,,,,,,,,,,,,,,
,,,,,,,,,,,,,,,,,,,,,
,,,,,,,,,,,,,,,,,,,,,
,,,,,,,,,,,,,,,,,,,,,
,,,,,,,,,,,,,,,,,,,,,
,,,,,,,,,,,,,,,,,,,,,
,,,,,,,,,,,,,,,,,,,,,
,,,,,,,,,,,,,,,,,,,,,
,,,,,,,,,,,,,,,,,,,,,
,,,,,,,,,,,,,,,,,,,,,
,,,,,,,,,,,,,,,,,,,,,
,,,,,,,,,,,,,,,,,,,,,
,,,,,,,,,,,,,,,,,,,,,
,,,,,,,,,,,,,,,,,,,,,
,,,,,,,,,,,,,,,,,,,,,
,,,,,,,,,,,,,,,,,,,,,
,,,,,,,,,,,,,,,,,,,,,
,,,,,,,,,,,,,,,,,,,,,
,,,,,,,,,,,,,,,,,,,,,
,,,,,,,,,,,,,,,,,,,,,
,,,,,,,,,,,,,,,,,,,,,
,,,,,,,,,,,,,,,,,,,,,
,,,,,,,,,,,,,,,,,,,,,
,,,,,,,,,,,,,,,,,,,,,
,,,,,,,,,,,,,,,,,,,,,
,,,,,,,,,,,,,,,,,,,,,
,,,,,,,,,,,,,,,,,,,,,
,,,,,,,,,,,,,,,,,,,,,
,,,,,,,,,,,,,,,,,,,,,
,,,,,,,,,,,,,,,,,,,,,
,,,,,,,,,,,,,,,,,,,,,
,,,,,,,,,,,,,,,,,,,,,
,,,,,,,,,,,,,,,,,,,,,
,,,,,,,,,,,,,,,,,,,,,
,,,,,,,,,,,,,,,,,,,,,
,,,,,,,,,,,,,,,,,,,,,
,,,,,,,,,,,,,,,,,,,,,
,,,,,,,,,,,,,,,,,,,,,
,,,,,,,,,,,,,,,,,,,,,
,,,,,,,,,,,,,,,,,,,,,
,,,,,,,,,,,,,,,,,,,,,
,,,,,,,,,,,,,,,,,,,,,
,,,,,,,,,,,,,,,,,,,,,
,,,,,,,,,,,,,,,,,,,,,
,,,,,,,,,,,,,,,,,,,,,
,,,,,,,,,,,,,,,,,,,,,
,,,,,,,,,,,,,,,,,,,,,
,,,,,,,,,,,,,,,,,,,,,
,,,,,,,,,,,,,,,,,,,,,
,,,,,,,,,,,,,,,,,,,,,
,,,,,,,,,,,,,,,,,,,,,
,,,,,,,,,,,,,,,,,,,,,
,,,,,,,,,,,,,,,,,,,,,
,,,,,,,,,,,,,,,,,,,,,
,,,,,,,,,,,,,,,,,,,,,
,,,,,,,,,,,,,,,,,,,,,
,,,,,,,,,,,,,,,,,,,,,
,,,,,,,,,,,,,,,,,,,,,
,,,,,,,,,,,,,,,,,,,,,
,,,,,,,,,,,,,,,,,,,,,
,,,,,,,,,,,,,,,,,,,,,
,,,,,,,,,,,,,,,,,,,,,
,,,,,,,,,,,,,,,,,,,,,
,,,,,,,,,,,,,,,,,,,,,
,,,,,,,,,,,,,,,,,,,,,
,,,,,,,,,,,,,,,,,,,,,
,,,,,,,,,,,,,,,,,,,,,
,,,,,,,,,,,,,,,,,,,,,
,,,,,,,,,,,,,,,,,,,,,
,,,,,,,,,,,,,,,,,,,,,
,,,,,,,,,,,,,,,,,,,,,
,,,,,,,,,,,,,,,,,,,,,
,,,,,,,,,,,,,,,,,,,,,
,,,,,,,,,,,,,,,,,,,,,
,,,,,,,,,,,,,,,,,,,,,
,,,,,,,,,,,,,,,,,,,,,
,,,,,,,,,,,,,,,,,,,,,
,,,,,,,,,,,,,,,,,,,,,
,,,,,,,,,,,,,,,,,,,,,
,,,,,,,,,,,,,,,,,,,,,
,,,,,,,,,,,,,,,,,,,,,
,,,,,,,,,,,,,,,,,,,,,
,,,,,,,,,,,,,,,,,,,,,
,,,,,,,,,,,,,,,,,,,,,
,,,,,,,,,,,,,,,,,,,,,
,,,,,,,,,,,,,,,,,,,,,
,,,,,,,,,,,,,,,,,,,,,
,,,,,,,,,,,,,,,,,,,,,
,,,,,,,,,,,,,,,,,,,,,
,,,,,,,,,,,,,,,,,,,,,
,,,,,,,,,,,,,,,,,,,,,
,,,,,,,,,,,,,,,,,,,,,
,,,,,,,,,,,,,,,,,,,,,
,,,,,,,,,,,,,,,,,,,,,
,,,,,,,,,,,,,,,,,,,,,
,,,,,,,,,,,,,,,,,,,,,
,,,,,,,,,,,,,,,,,,,,,
,,,,,,,,,,,,,,,,,,,,,
,,,,,,,,,,,,,,,,,,,,,
,,,,,,,,,,,,,,,,,,,,,
,,,,,,,,,,,,,,,,,,,,,
,,,,,,,,,,,,,,,,,,,,,
,,,,,,,,,,,,,,,,,,,,,
,,,,,,,,,,,,,,,,,,,,,
,,,,,,,,,,,,,,,,,,,,,
,,,,,,,,,,,,,,,,,,,,,
,,,,,,,,,,,,,,,,,,,,,
,,,,,,,,,,,,,,,,,,,,,
,,,,,,,,,,,,,,,,,,,,,
,,,,,,,,,,,,,,,,,,,,,
,,,,,,,,,,,,,,,,,,,,,
,,,,,,,,,,,,,,,,,,,,,
,,,,,,,,,,,,,,,,,,,,,
,,,,,,,,,,,,,,,,,,,,,
,,,,,,,,,,,,,,,,,,,,,
,,,,,,,,,,,,,,,,,,,,,
,,,,,,,,,,,,,,,,,,,,,
,,,,,,,,,,,,,,,,,,,,,
,,,,,,,,,,,,,,,,,,,,,
,,,,,,,,,,,,,,,,,,,,,
,,,,,,,,,,,,,,,,,,,,,
,,,,,,,,,,,,,,,,,,,,,
,,,,,,,,,,,,,,,,,,,,,
,,,,,,,,,,,,,,,,,,,,,
,,,,,,,,,,,,,,,,,,,,,
,,,,,,,,,,,,,,,,,,,,,
,,,,,,,,,,,,,,,,,,,,,
,,,,,,,,,,,,,,,,,,,,,
,,,,,,,,,,,,,,,,,,,,,
,,,,,,,,,,,,,,,,,,,,,
,,,,,,,,,,,,,,,,,,,,,
,,,,,,,,,,,,,,,,,,,,,
,,,,,,,,,,,,,,,,,,,,,
,,,,,,,,,,,,,,,,,,,,,
,,,,,,,,,,,,,,,,,,,,,
,,,,,,,,,,,,,,,,,,,,,
,,,,,,,,,,,,,,,,,,,,,
,,,,,,,,,,,,,,,,,,,,,
,,,,,,,,,,,,,,,,,,,,,
,,,,,,,,,,,,,,,,,,,,,
,,,,,,,,,,,,,,,,,,,,,
,,,,,,,,,,,,,,,,,,,,,
,,,,,,,,,,,,,,,,,,,,,
,,,,,,,,,,,,,,,,,,,,,
,,,,,,,,,,,,,,,,,,,,,
,,,,,,,,,,,,,,,,,,,,,
,,,,,,,,,,,,,,,,,,,,,
,,,,,,,,,,,,,,,,,,,,,
,,,,,,,,,,,,,,,,,,,,,
,,,,,,,,,,,,,,,,,,,,,
,,,,,,,,,,,,,,,,,,,,,
,,,,,,,,,,,,,,,,,,,,,
,,,,,,,,,,,,,,,,,,,,,
,,,,,,,,,,,,,,,,,,,,,
,,,,,,,,,,,,,,,,,,,,,
,,,,,,,,,,,,,,,,,,,,,
,,,,,,,,,,,,,,,,,,,,,
,,,,,,,,,,,,,,,,,,,,,
,,,,,,,,,,,,,,,,,,,,,
,,,,,,,,,,,,,,,,,,,,,
,,,,,,,,,,,,,,,,,,,,,
,,,,,,,,,,,,,,,,,,,,,
,,,,,,,,,,,,,,,,,,,,,
,,,,,,,,,,,,,,,,,,,,,
,,,,,,,,,,,,,,,,,,,,,
,,,,,,,,,,,,,,,,,,,,,
,,,,,,,,,,,,,,,,,,,,,
,,,,,,,,,,,,,,,,,,,,,
,,,,,,,,,,,,,,,,,,,,,
,,,,,,,,,,,,,,,,,,,,,
,,,,,,,,,,,,,,,,,,,,,
,,,,,,,,,,,,,,,,,,,,,
,,,,,,,,,,,,,,,,,,,,,
,,,,,,,,,,,,,,,,,,,,,
,,,,,,,,,,,,,,,,,,,,,
,,,,,,,,,,,,,,,,,,,,,
,,,,,,,,,,,,,,,,,,,,,
,,,,,,,,,,,,,,,,,,,,,
,,,,,,,,,,,,,,,,,,,,,
,,,,,,,,,,,,,,,,,,,,,
,,,,,,,,,,,,,,,,,,,,,
,,,,,,,,,,,,,,,,,,,,,
,,,,,,,,,,,,,,,,,,,,,
,,,,,,,,,,,,,,,,,,,,,
,,,,,,,,,,,,,,,,,,,,,
,,,,,,,,,,,,,,,,,,,,,
,,,,,,,,,,,,,,,,,,,,,
,,,,,,,,,,,,,,,,,,,,,
,,,,,,,,,,,,,,,,,,,,,
,,,,,,,,,,,,,,,,,,,,,
,,,,,,,,,,,,,,,,,,,,,
,,,,,,,,,,,,,,,,,,,,,
,,,,,,,,,,,,,,,,,,,,,
,,,,,,,,,,,,,,,,,,,,,
,,,,,,,,,,,,,,,,,,,,,
,,,,,,,,,,,,,,,,,,,,,
,,,,,,,,,,,,,,,,,,,,,
,,,,,,,,,,,,,,,,,,,,,
,,,,,,,,,,,,,,,,,,,,,
,,,,,,,,,,,,,,,,,,,,,
,,,,,,,,,,,,,,,,,,,,,
,,,,,,,,,,,,,,,,,,,,,
,,,,,,,,,,,,,,,,,,,,,
,,,,,,,,,,,,,,,,,,,,,
,,,,,,,,,,,,,,,,,,,,,
,,,,,,,,,,,,,,,,,,,,,
,,,,,,,,,,,,,,,,,,,,,
,,,,,,,,,,,,,,,,,,,,,
,,,,,,,,,,,,,,,,,,,,,
,,,,,,,,,,,,,,,,,,,,,
,,,,,,,,,,,,,,,,,,,,,
,,,,,,,,,,,,,,,,,,,,,
,,,,,,,,,,,,,,,,,,,,,
,,,,,,,,,,,,,,,,,,,,,
,,,,,,,,,,,,,,,,,,,,,
,,,,,,,,,,,,,,,,,,,,,
,,,,,,,,,,,,,,,,,,,,,
,,,,,,,,,,,,,,,,,,,,,
,,,,,,,,,,,,,,,,,,,,,
,,,,,,,,,,,,,,,,,,,,,
,,,,,,,,,,,,,,,,,,,,,
,,,,,,,,,,,,,,,,,,,,,
,,,,,,,,,,,,,,,,,,,,,
,,,,,,,,,,,,,,,,,,,,,
,,,,,,,,,,,,,,,,,,,,,
,,,,,,,,,,,,,,,,,,,,,
,,,,,,,,,,,,,,,,,,,,,
,,,,,,,,,,,,,,,,,,,,,
,,,,,,,,,,,,,,,,,,,,,
,,,,,,,,,,,,,,,,,,,,,
,,,,,,,,,,,,,,,,,,,,,
,,,,,,,,,,,,,,,,,,,,,
,,,,,,,,,,,,,,,,,,,,,
,,,,,,,,,,,,,,,,,,,,,
,,,,,,,,,,,,,,,,,,,,,
,,,,,,,,,,,,,,,,,,,,,
,,,,,,,,,,,,,,,,,,,,,
,,,,,,,,,,,,,,,,,,,,,
,,,,,,,,,,,,,,,,,,,,,
,,,,,,,,,,,,,,,,,,,,,
,,,,,,,,,,,,,,,,,,,,,
,,,,,,,,,,,,,,,,,,,,,
,,,,,,,,,,,,,,,,,,,,,
,,,,,,,,,,,,,,,,,,,,,
,,,,,,,,,,,,,,,,,,,,,
,,,,,,,,,,,,,,,,,,,,,
,,,,,,,,,,,,,,,,,,,,,
,,,,,,,,,,,,,,,,,,,,,
,,,,,,,,,,,,,,,,,,,,,
,,,,,,,,,,,,,,,,,,,,,
,,,,,,,,,,,,,,,,,,,,,
,,,,,,,,,,,,,,,,,,,,,
,,,,,,,,,,,,,,,,,,,,,
,,,,,,,,,,,,,,,,,,,,,
,,,,,,,,,,,,,,,,,,,,,
,,,,,,,,,,,,,,,,,,,,,
,,,,,,,,,,,,,,,,,,,,,
,,,,,,,,,,,,,,,,,,,,,
,,,,,,,,,,,,,,,,,,,,,
,,,,,,,,,,,,,,,,,,,,,
,,,,,,,,,,,,,,,,,,,,,
,,,,,,,,,,,,,,,,,,,,,
,,,,,,,,,,,,,,,,,,,,,
,,,,,,,,,,,,,,,,,,,,,
,,,,,,,,,,,,,,,,,,,,,
,,,,,,,,,,,,,,,,,,,,,
,,,,,,,,,,,,,,,,,,,,,
,,,,,,,,,,,,,,,,,,,,,
,,,,,,,,,,,,,,,,,,,,,
,,,,,,,,,,,,,,,,,,,,,
,,,,,,,,,,,,,,,,,,,,,
,,,,,,,,,,,,,,,,,,,,,
,,,,,,,,,,,,,,,,,,,,,
,,,,,,,,,,,,,,,,,,,,,
,,,,,,,,,,,,,,,,,,,,,
,,,,,,,,,,,,,,,,,,,,,
,,,,,,,,,,,,,,,,,,,,,
,,,,,,,,,,,,,,,,,,,,,
,,,,,,,,,,,,,,,,,,,,,
,,,,,,,,,,,,,,,,,,,,,
,,,,,,,,,,,,,,,,,,,,,
,,,,,,,,,,,,,,,,,,,,,
,,,,,,,,,,,,,,,,,,,,,
,,,,,,,,,,,,,,,,,,,,,
,,,,,,,,,,,,,,,,,,,,,
,,,,,,,,,,,,,,,,,,,,,
,,,,,,,,,,,,,,,,,,,,,
,,,,,,,,,,,,,,,,,,,,,
,,,,,,,,,,,,,,,,,,,,,
,,,,,,,,,,,,,,,,,,,,,
,,,,,,,,,,,,,,,,,,,,,
,,,,,,,,,,,,,,,,,,,,,
,,,,,,,,,,,,,,,,,,,,,
,,,,,,,,,,,,,,,,,,,,,
,,,,,,,,,,,,,,,,,,,,,
,,,,,,,,,,,,,,,,,,,,,
,,,,,,,,,,,,,,,,,,,,,
,,,,,,,,,,,,,,,,,,,,,
,,,,,,,,,,,,,,,,,,,,,
,,,,,,,,,,,,,,,,,,,,,
,,,,,,,,,,,,,,,,,,,,,
,,,,,,,,,,,,,,,,,,,,,
,,,,,,,,,,,,,,,,,,,,,
,,,,,,,,,,,,,,,,,,,,,
,,,,,,,,,,,,,,,,,,,,,
,,,,,,,,,,,,,,,,,,,,,
,,,,,,,,,,,,,,,,,,,,,
,,,,,,,,,,,,,,,,,,,,,
,,,,,,,,,,,,,,,,,,,,,
,,,,,,,,,,,,,,,,,,,,,
,,,,,,,,,,,,,,,,,,,,,
,,,,,,,,,,,,,,,,,,,,,
,,,,,,,,,,,,,,,,,,,,,
,,,,,,,,,,,,,,,,,,,,,
,,,,,,,,,,,,,,,,,,,,,
,,,,,,,,,,,,,,,,,,,,,
,,,,,,,,,,,,,,,,,,,,,
,,,,,,,,,,,,,,,,,,,,,
,,,,,,,,,,,,,,,,,,,,,
,,,,,,,,,,,,,,,,,,,,,
,,,,,,,,,,,,,,,,,,,,,
,,,,,,,,,,,,,,,,,,,,,
,,,,,,,,,,,,,,,,,,,,,
,,,,,,,,,,,,,,,,,,,,,
,,,,,,,,,,,,,,,,,,,,,
,,,,,,,,,,,,,,,,,,,,,
,,,,,,,,,,,,,,,,,,,,,
,,,,,,,,,,,,,,,,,,,,,
,,,,,,,,,,,,,,,,,,,,,
,,,,,,,,,,,,,,,,,,,,,
,,,,,,,,,,,,,,,,,,,,,
,,,,,,,,,,,,,,,,,,,,,
,,,,,,,,,,,,,,,,,,,,,
,,,,,,,,,,,,,,,,,,,,,
,,,,,,,,,,,,,,,,,,,,,
,,,,,,,,,,,,,,,,,,,,,
,,,,,,,,,,,,,,,,,,,,,
,,,,,,,,,,,,,,,,,,,,,
,,,,,,,,,,,,,,,,,,,,,
,,,,,,,,,,,,,,,,,,,,,
,,,,,,,,,,,,,,,,,,,,,
,,,,,,,,,,,,,,,,,,,,,
,,,,,,,,,,,,,,,,,,,,,
,,,,,,,,,,,,,,,,,,,,,
,,,,,,,,,,,,,,,,,,,,,
,,,,,,,,,,,,,,,,,,,,,
,,,,,,,,,,,,,,,,,,,,,
,,,,,,,,,,,,,,,,,,,,,
,,,,,,,,,,,,,,,,,,,,,
,,,,,,,,,,,,,,,,,,,,,
,,,,,,,,,,,,,,,,,,,,,
,,,,,,,,,,,,,,,,,,,,,
,,,,,,,,,,,,,,,,,,,,,
,,,,,,,,,,,,,,,,,,,,,
,,,,,,,,,,,,,,,,,,,,,
,,,,,,,,,,,,,,,,,,,,,
,,,,,,,,,,,,,,,,,,,,,
,,,,,,,,,,,,,,,,,,,,,
,,,,,,,,,,,,,,,,,,,,,
,,,,,,,,,,,,,,,,,,,,,
,,,,,,,,,,,,,,,,,,,,,
,,,,,,,,,,,,,,,,,,,,,
,,,,,,,,,,,,,,,,,,,,,
,,,,,,,,,,,,,,,,,,,,,
,,,,,,,,,,,,,,,,,,,,,
,,,,,,,,,,,,,,,,,,,,,
,,,,,,,,,,,,,,,,,,,,,
,,,,,,,,,,,,,,,,,,,,,
,,,,,,,,,,,,,,,,,,,,,
,,,,,,,,,,,,,,,,,,,,,
,,,,,,,,,,,,,,,,,,,,,
,,,,,,,,,,,,,,,,,,,,,
,,,,,,,,,,,,,,,,,,,,,
,,,,,,,,,,,,,,,,,,,,,
,,,,,,,,,,,,,,,,,,,,,
,,,,,,,,,,,,,,,,,,,,,
,,,,,,,,,,,,,,,,,,,,,
,,,,,,,,,,,,,,,,,,,,,
,,,,,,,,,,,,,,,,,,,,,
,,,,,,,,,,,,,,,,,,,,,
,,,,,,,,,,,,,,,,,,,,,
,,,,,,,,,,,,,,,,,,,,,
,,,,,,,,,,,,,,,,,,,,,
,,,,,,,,,,,,,,,,,,,,,
,,,,,,,,,,,,,,,,,,,,,
,,,,,,,,,,,,,,,,,,,,,
,,,,,,,,,,,,,,,,,,,,,
,,,,,,,,,,,,,,,,,,,,,
,,,,,,,,,,,,,,,,,,,,,
,,,,,,,,,,,,,,,,,,,,,
,,,,,,,,,,,,,,,,,,,,,
,,,,,,,,,,,,,,,,,,,,,
,,,,,,,,,,,,,,,,,,,,,
,,,,,,,,,,,,,,,,,,,,,
,,,,,,,,,,,,,,,,,,,,,
,,,,,,,,,,,,,,,,,,,,,
,,,,,,,,,,,,,,,,,,,,,
,,,,,,,,,,,,,,,,,,,,,
,,,,,,,,,,,,,,,,,,,,,
,,,,,,,,,,,,,,,,,,,,,
,,,,,,,,,,,,,,,,,,,,,
,,,,,,,,,,,,,,,,,,,,,
,,,,,,,,,,,,,,,,,,,,,
,,,,,,,,,,,,,,,,,,,,,
,,,,,,,,,,,,,,,,,,,,,
,,,,,,,,,,,,,,,,,,,,,
,,,,,,,,,,,,,,,,,,,,,
,,,,,,,,,,,,,,,,,,,,,
,,,,,,,,,,,,,,,,,,,,,
,,,,,,,,,,,,,,,,,,,,,
,,,,,,,,,,,,,,,,,,,,,
,,,,,,,,,,,,,,,,,,,,,
,,,,,,,,,,,,,,,,,,,,,
,,,,,,,,,,,,,,,,,,,,,
,,,,,,,,,,,,,,,,,,,,,
,,,,,,,,,,,,,,,,,,,,,
,,,,,,,,,,,,,,,,,,,,,
,,,,,,,,,,,,,,,,,,,,,
,,,,,,,,,,,,,,,,,,,,,
,,,,,,,,,,,,,,,,,,,,,
,,,,,,,,,,,,,,,,,,,,,
,,,,,,,,,,,,,,,,,,,,,
,,,,,,,,,,,,,,,,,,,,,
,,,,,,,,,,,,,,,,,,,,,
,,,,,,,,,,,,,,,,,,,,,
,,,,,,,,,,,,,,,,,,,,,
,,,,,,,,,,,,,,,,,,,,,
,,,,,,,,,,,,,,,,,,,,,
,,,,,,,,,,,,,,,,,,,,,
,,,,,,,,,,,,,,,,,,,,,
,,,,,,,,,,,,,,,,,,,,,
,,,,,,,,,,,,,,,,,,,,,
,,,,,,,,,,,,,,,,,,,,,
,,,,,,,,,,,,,,,,,,,,,
,,,,,,,,,,,,,,,,,,,,,
,,,,,,,,,,,,,,,,,,,,,
,,,,,,,,,,,,,,,,,,,,,
,,,,,,,,,,,,,,,,,,,,,
,,,,,,,,,,,,,,,,,,,,,
,,,,,,,,,,,,,,,,,,,,,
,,,,,,,,,,,,,,,,,,,,,
,,,,,,,,,,,,,,,,,,,,,
,,,,,,,,,,,,,,,,,,,,,
,,,,,,,,,,,,,,,,,,,,,
,,,,,,,,,,,,,,,,,,,,,
,,,,,,,,,,,,,,,,,,,,,
,,,,,,,,,,,,,,,,,,,,,
,,,,,,,,,,,,,,,,,,,,,
,,,,,,,,,,,,,,,,,,,,,
,,,,,,,,,,,,,,,,,,,,,
,,,,,,,,,,,,,,,,,,,,,
,,,,,,,,,,,,,,,,,,,,,
,,,,,,,,,,,,,,,,,,,,,
,,,,,,,,,,,,,,,,,,,,,
,,,,,,,,,,,,,,,,,,,,,
,,,,,,,,,,,,,,,,,,,,,
,,,,,,,,,,,,,,,,,,,,,
,,,,,,,,,,,,,,,,,,,,,
,,,,,,,,,,,,,,,,,,,,,
,,,,,,,,,,,,,,,,,,,,,
,,,,,,,,,,,,,,,,,,,,,
,,,,,,,,,,,,,,,,,,,,,
,,,,,,,,,,,,,,,,,,,,,
,,,,,,,,,,,,,,,,,,,,,
,,,,,,,,,,,,,,,,,,,,,
,,,,,,,,,,,,,,,,,,,,,
,,,,,,,,,,,,,,,,,,,,,
,,,,,,,,,,,,,,,,,,,,,
,,,,,,,,,,,,,,,,,,,,,
,,,,,,,,,,,,,,,,,,,,,
,,,,,,,,,,,,,,,,,,,,,
,,,,,,,,,,,,,,,,,,,,,
,,,,,,,,,,,,,,,,,,,,,
,,,,,,,,,,,,,,,,,,,,,
,,,,,,,,,,,,,,,,,,,,,
,,,,,,,,,,,,,,,,,,,,,
,,,,,,,,,,,,,,,,,,,,,
,,,,,,,,,,,,,,,,,,,,,
,,,,,,,,,,,,,,,,,,,,,
,,,,,,,,,,,,,,,,,,,,,
,,,,,,,,,,,,,,,,,,,,,
,,,,,,,,,,,,,,,,,,,,,
,,,,,,,,,,,,,,,,,,,,,
,,,,,,,,,,,,,,,,,,,,,
,,,,,,,,,,,,,,,,,,,,,
,,,,,,,,,,,,,,,,,,,,,
,,,,,,,,,,,,,,,,,,,,,
,,,,,,,,,,,,,,,,,,,,,
,,,,,,,,,,,,,,,,,,,,,
,,,,,,,,,,,,,,,,,,,,,
,,,,,,,,,,,,,,,,,,,,,
,,,,,,,,,,,,,,,,,,,,,
,,,,,,,,,,,,,,,,,,,,,
,,,,,,,,,,,,,,,,,,,,,
,,,,,,,,,,,,,,,,,,,,,
,,,,,,,,,,,,,,,,,,,,,
,,,,,,,,,,,,,,,,,,,,,
,,,,,,,,,,,,,,,,,,,,,
,,,,,,,,,,,,,,,,,,,,,
,,,,,,,,,,,,,,,,,,,,,
,,,,,,,,,,,,,,,,,,,,,
,,,,,,,,,,,,,,,,,,,,,
,,,,,,,,,,,,,,,,,,,,,
,,,,,,,,,,,,,,,,,,,,,
,,,,,,,,,,,,,,,,,,,,,
,,,,,,,,,,,,,,,,,,,,,
,,,,,,,,,,,,,,,,,,,,,
,,,,,,,,,,,,,,,,,,,,,
,,,,,,,,,,,,,,,,,,,,,
,,,,,,,,,,,,,,,,,,,,,
,,,,,,,,,,,,,,,,,,,,,
,,,,,,,,,,,,,,,,,,,,,
,,,,,,,,,,,,,,,,,,,,,
,,,,,,,,,,,,,,,,,,,,,
,,,,,,,,,,,,,,,,,,,,,
,,,,,,,,,,,,,,,,,,,,,
,,,,,,,,,,,,,,,,,,,,,
,,,,,,,,,,,,,,,,,,,,,
,,,,,,,,,,,,,,,,,,,,,
,,,,,,,,,,,,,,,,,,,,,
,,,,,,,,,,,,,,,,,,,,,
,,,,,,,,,,,,,,,,,,,,,
,,,,,,,,,,,,,,,,,,,,,
,,,,,,,,,,,,,,,,,,,,,
,,,,,,,,,,,,,,,,,,,,,
,,,,,,,,,,,,,,,,,,,,,
,,,,,,,,,,,,,,,,,,,,,
,,,,,,,,,,,,,,,,,,,,,
,,,,,,,,,,,,,,,,,,,,,
,,,,,,,,,,,,,,,,,,,,,
,,,,,,,,,,,,,,,,,,,,,
,,,,,,,,,,,,,,,,,,,,,
,,,,,,,,,,,,,,,,,,,,,
,,,,,,,,,,,,,,,,,,,,,
,,,,,,,,,,,,,,,,,,,,,
,,,,,,,,,,,,,,,,,,,,,
,,,,,,,,,,,,,,,,,,,,,
,,,,,,,,,,,,,,,,,,,,,
,,,,,,,,,,,,,,,,,,,,,
,,,,,,,,,,,,,,,,,,,,,
,,,,,,,,,,,,,,,,,,,,,
,,,,,,,,,,,,,,,,,,,,,
,,,,,,,,,,,,,,,,,,,,,
,,,,,,,,,,,,,,,,,,,,,
,,,,,,,,,,,,,,,,,,,,,
,,,,,,,,,,,,,,,,,,,,,
,,,,,,,,,,,,,,,,,,,,,
,,,,,,,,,,,,,,,,,,,,,
,,,,,,,,,,,,,,,,,,,,,
,,,,,,,,,,,,,,,,,,,,,
,,,,,,,,,,,,,,,,,,,,,
,,,,,,,,,,,,,,,,,,,,,
,,,,,,,,,,,,,,,,,,,,,
,,,,,,,,,,,,,,,,,,,,,
,,,,,,,,,,,,,,,,,,,,,
,,,,,,,,,,,,,,,,,,,,,
,,,,,,,,,,,,,,,,,,,,,
,,,,,,,,,,,,,,,,,,,,,
,,,,,,,,,,,,,,,,,,,,,
,,,,,,,,,,,,,,,,,,,,,
,,,,,,,,,,,,,,,,,,,,,
,,,,,,,,,,,,,,,,,,,,,
,,,,,,,,,,,,,,,,,,,,,
,,,,,,,,,,,,,,,,,,,,,
,,,,,,,,,,,,,,,,,,,,,
,,,,,,,,,,,,,,,,,,,,,
,,,,,,,,,,,,,,,,,,,,,
,,,,,,,,,,,,,,,,,,,,,
,,,,,,,,,,,,,,,,,,,,,
,,,,,,,,,,,,,,,,,,,,,
,,,,,,,,,,,,,,,,,,,,,
,,,,,,,,,,,,,,,,,,,,,
,,,,,,,,,,,,,,,,,,,,,
,,,,,,,,,,,,,,,,,,,,,
,,,,,,,,,,,,,,,,,,,,,
,,,,,,,,,,,,,,,,,,,,,
,,,,,,,,,,,,,,,,,,,,,
,,,,,,,,,,,,,,,,,,,,,
,,,,,,,,,,,,,,,,,,,,,
,,,,,,,,,,,,,,,,,,,,,
,,,,,,,,,,,,,,,,,,,,,
,,,,,,,,,,,,,,,,,,,,,
,,,,,,,,,,,,,,,,,,,,,
,,,,,,,,,,,,,,,,,,,,,
,,,,,,,,,,,,,,,,,,,,,
,,,,,,,,,,,,,,,,,,,,,
,,,,,,,,,,,,,,,,,,,,,
,,,,,,,,,,,,,,,,,,,,,
,,,,,,,,,,,,,,,,,,,,,
,,,,,,,,,,,,,,,,,,,,,
,,,,,,,,,,,,,,,,,,,,,
,,,,,,,,,,,,,,,,,,,,,
,,,,,,,,,,,,,,,,,,,,,
,,,,,,,,,,,,,,,,,,,,,
,,,,,,,,,,,,,,,,,,,,,
,,,,,,,,,,,,,,,,,,,,,
,,,,,,,,,,,,,,,,,,,,,
,,,,,,,,,,,,,,,,,,,,,
,,,,,,,,,,,,,,,,,,,,,
,,,,,,,,,,,,,,,,,,,,,
,,,,,,,,,,,,,,,,,,,,,
,,,,,,,,,,,,,,,,,,,,,
,,,,,,,,,,,,,,,,,,,,,
,,,,,,,,,,,,,,,,,,,,,
,,,,,,,,,,,,,,,,,,,,,
,,,,,,,,,,,,,,,,,,,,,
,,,,,,,,,,,,,,,,,,,,,
,,,,,,,,,,,,,,,,,,,,,
,,,,,,,,,,,,,,,,,,,,,
,,,,,,,,,,,,,,,,,,,,,
,,,,,,,,,,,,,,,,,,,,,
,,,,,,,,,,,,,,,,,,,,,
,,,,,,,,,,,,,,,,,,,,,
,,,,,,,,,,,,,,,,,,,,,
,,,,,,,,,,,,,,,,,,,,,
,,,,,,,,,,,,,,,,,,,,,
,,,,,,,,,,,,,,,,,,,,,
,,,,,,,,,,,,,,,,,,,,,
,,,,,,,,,,,,,,,,,,,,,
,,,,,,,,,,,,,,,,,,,,,
,,,,,,,,,,,,,,,,,,,,,
,,,,,,,,,,,,,,,,,,,,,
,,,,,,,,,,,,,,,,,,,,,
,,,,,,,,,,,,,,,,,,,,,
,,,,,,,,,,,,,,,,,,,,,
,,,,,,,,,,,,,,,,,,,,,
,,,,,,,,,,,,,,,,,,,,,
,,,,,,,,,,,,,,,,,,,,,
,,,,,,,,,,,,,,,,,,,,,
,,,,,,,,,,,,,,,,,,,,,
,,,,,,,,,,,,,,,,,,,,,
,,,,,,,,,,,,,,,,,,,,,
,,,,,,,,,,,,,,,,,,,,,
,,,,,,,,,,,,,,,,,,,,,
,,,,,,,,,,,,,,,,,,,,,
,,,,,,,,,,,,,,,,,,,,,
,,,,,,,,,,,,,,,,,,,,,
,,,,,,,,,,,,,,,,,,,,,
,,,,,,,,,,,,,,,,,,,,,
,,,,,,,,,,,,,,,,,,,,,
,,,,,,,,,,,,,,,,,,,,,
,,,,,,,,,,,,,,,,,,,,,
,,,,,,,,,,,,,,,,,,,,,
,,,,,,,,,,,,,,,,,,,,,
,,,,,,,,,,,,,,,,,,,,,
,,,,,,,,,,,,,,,,,,,,,
,,,,,,,,,,,,,,,,,,,,,
,,,,,,,,,,,,,,,,,,,,,
,,,,,,,,,,,,,,,,,,,,,
,,,,,,,,,,,,,,,,,,,,,
,,,,,,,,,,,,,,,,,,,,,
,,,,,,,,,,,,,,,,,,,,,
,,,,,,,,,,,,,,,,,,,,,
,,,,,,,,,,,,,,,,,,,,,
,,,,,,,,,,,,,,,,,,,,,
,,,,,,,,,,,,,,,,,,,,,
,,,,,,,,,,,,,,,,,,,,,
,,,,,,,,,,,,,,,,,,,,,
,,,,,,,,,,,,,,,,,,,,,
,,,,,,,,,,,,,,,,,,,,,
,,,,,,,,,,,,,,,,,,,,,
,,,,,,,,,,,,,,,,,,,,,
,,,,,,,,,,,,,,,,,,,,,
,,,,,,,,,,,,,,,,,,,,,
,,,,,,,,,,,,,,,,,,,,,
,,,,,,,,,,,,,,,,,,,,,
,,,,,,,,,,,,,,,,,,,,,
,,,,,,,,,,,,,,,,,,,,,
,,,,,,,,,,,,,,,,,,,,,
,,,,,,,,,,,,,,,,,,,,,
,,,,,,,,,,,,,,,,,,,,,
,,,,,,,,,,,,,,,,,,,,,
,,,,,,,,,,,,,,,,,,,,,
,,,,,,,,,,,,,,,,,,,,,
,,,,,,,,,,,,,,,,,,,,,
,,,,,,,,,,,,,,,,,,,,,
,,,,,,,,,,,,,,,,,,,,,
,,,,,,,,,,,,,,,,,,,,,
,,,,,,,,,,,,,,,,,,,,,
,,,,,,,,,,,,,,,,,,,,,
,,,,,,,,,,,,,,,,,,,,,
,,,,,,,,,,,,,,,,,,,,,
,,,,,,,,,,,,,,,,,,,,,
,,,,,,,,,,,,,,,,,,,,,
,,,,,,,,,,,,,,,,,,,,,
,,,,,,,,,,,,,,,,,,,,,
,,,,,,,,,,,,,,,,,,,,,
,,,,,,,,,,,,,,,,,,,,,
,,,,,,,,,,,,,,,,,,,,,
,,,,,,,,,,,,,,,,,,,,,
,,,,,,,,,,,,,,,,,,,,,
,,,,,,,,,,,,,,,,,,,,,
,,,,,,,,,,,,,,,,,,,,,
,,,,,,,,,,,,,,,,,,,,,
,,,,,,,,,,,,,,,,,,,,,
,,,,,,,,,,,,,,,,,,,,,
,,,,,,,,,,,,,,,,,,,,,
,,,,,,,,,,,,,,,,,,,,,
,,,,,,,,,,,,,,,,,,,,,
,,,,,,,,,,,,,,,,,,,,,
,,,,,,,,,,,,,,,,,,,,,
,,,,,,,,,,,,,,,,,,,,,
,,,,,,,,,,,,,,,,,,,,,
,,,,,,,,,,,,,,,,,,,,,
,,,,,,,,,,,,,,,,,,,,,
,,,,,,,,,,,,,,,,,,,,,
,,,,,,,,,,,,,,,,,,,,,
,,,,,,,,,,,,,,,,,,,,,
,,,,,,,,,,,,,,,,,,,,,
,,,,,,,,,,,,,,,,,,,,,
,,,,,,,,,,,,,,,,,,,,,
,,,,,,,,,,,,,,,,,,,,,
,,,,,,,,,,,,,,,,,,,,,
,,,,,,,,,,,,,,,,,,,,,
,,,,,,,,,,,,,,,,,,,,,
,,,,,,,,,,,,,,,,,,,,,
,,,,,,,,,,,,,,,,,,,,,
,,,,,,,,,,,,,,,,,,,,,
,,,,,,,,,,,,,,,,,,,,,
,,,,,,,,,,,,,,,,,,,,,
,,,,,,,,,,,,,,,,,,,,,
,,,,,,,,,,,,,,,,,,,,,
,,,,,,,,,,,,,,,,,,,,,
,,,,,,,,,,,,,,,,,,,,,
,,,,,,,,,,,,,,,,,,,,,
,,,,,,,,,,,,,,,,,,,,,
,,,,,,,,,,,,,,,,,,,,,
,,,,,,,,,,,,,,,,,,,,,
,,,,,,,,,,,,,,,,,,,,,
,,,,,,,,,,,,,,,,,,,,,
,,,,,,,,,,,,,,,,,,,,,
,,,,,,,,,,,,,,,,,,,,,
,,,,,,,,,,,,,,,,,,,,,
,,,,,,,,,,,,,,,,,,,,,
,,,,,,,,,,,,,,,,,,,,,
,,,,,,,,,,,,,,,,,,,,,
,,,,,,,,,,,,,,,,,,,,,
,,,,,,,,,,,,,,,,,,,,,
,,,,,,,,,,,,,,,,,,,,,
,,,,,,,,,,,,,,,,,,,,,
,,,,,,,,,,,,,,,,,,,,,
,,,,,,,,,,,,,,,,,,,,,
,,,,,,,,,,,,,,,,,,,,,
,,,,,,,,,,,,,,,,,,,,,
,,,,,,,,,,,,,,,,,,,,,
,,,,,,,,,,,,,,,,,,,,,
,,,,,,,,,,,,,,,,,,,,,
,,,,,,,,,,,,,,,,,,,,,
,,,,,,,,,,,,,,,,,,,,,
,,,,,,,,,,,,,,,,,,,,,
,,,,,,,,,,,,,,,,,,,,,
,,,,,,,,,,,,,,,,,,,,,
,,,,,,,,,,,,,,,,,,,,,
,,,,,,,,,,,,,,,,,,,,,
,,,,,,,,,,,,,,,,,,,,,
,,,,,,,,,,,,,,,,,,,,,
,,,,,,,,,,,,,,,,,,,,,
,,,,,,,,,,,,,,,,,,,,,
,,,,,,,,,,,,,,,,,,,,,
,,,,,,,,,,,,,,,,,,,,,
,,,,,,,,,,,,,,,,,,,,,
,,,,,,,,,,,,,,,,,,,,,
,,,,,,,,,,,,,,,,,,,,,
,,,,,,,,,,,,,,,,,,,,,
,,,,,,,,,,,,,,,,,,,,,
,,,,,,,,,,,,,,,,,,,,,
,,,,,,,,,,,,,,,,,,,,,
,,,,,,,,,,,,,,,,,,,,,
,,,,,,,,,,,,,,,,,,,,,
,,,,,,,,,,,,,,,,,,,,,
,,,,,,,,,,,,,,,,,,,,,
,,,,,,,,,,,,,,,,,,,,,
,,,,,,,,,,,,,,,,,,,,,
,,,,,,,,,,,,,,,,,,,,,
,,,,,,,,,,,,,,,,,,,,,
,,,,,,,,,,,,,,,,,,,,,
,,,,,,,,,,,,,,,,,,,,,
,,,,,,,,,,,,,,,,,,,,,
,,,,,,,,,,,,,,,,,,,,,
,,,,,,,,,,,,,,,,,,,,,
,,,,,,,,,,,,,,,,,,,,,
,,,,,,,,,,,,,,,,,,,,,
,,,,,,,,,,,,,,,,,,,,,
,,,,,,,,,,,,,,,,,,,,,
,,,,,,,,,,,,,,,,,,,,,
,,,,,,,,,,,,,,,,,,,,,
,,,,,,,,,,,,,,,,,,,,,
,,,,,,,,,,,,,,,,,,,,,
,,,,,,,,,,,,,,,,,,,,,
,,,,,,,,,,,,,,,,,,,,,
,,,,,,,,,,,,,,,,,,,,,
,,,,,,,,,,,,,,,,,,,,,
,,,,,,,,,,,,,,,,,,,,,
,,,,,,,,,,,,,,,,,,,,,
,,,,,,,,,,,,,,,,,,,,,
,,,,,,,,,,,,,,,,,,,,,
,,,,,,,,,,,,,,,,,,,,,
,,,,,,,,,,,,,,,,,,,,,
,,,,,,,,,,,,,,,,,,,,,
,,,,,,,,,,,,,,,,,,,,,
,,,,,,,,,,,,,,,,,,,,,
,,,,,,,,,,,,,,,,,,,,,
,,,,,,,,,,,,,,,,,,,,,
,,,,,,,,,,,,,,,,,,,,,
,,,,,,,,,,,,,,,,,,,,,
,,,,,,,,,,,,,,,,,,,,,
,,,,,,,,,,,,,,,,,,,,,
,,,,,,,,,,,,,,,,,,,,,
,,,,,,,,,,,,,,,,,,,,,
,,,,,,,,,,,,,,,,,,,,,
,,,,,,,,,,,,,,,,,,,,,
,,,,,,,,,,,,,,,,,,,,,
,,,,,,,,,,,,,,,,,,,,,
,,,,,,,,,,,,,,,,,,,,,
,,,,,,,,,,,,,,,,,,,,,
,,,,,,,,,,,,,,,,,,,,,
,,,,,,,,,,,,,,,,,,,,,
,,,,,,,,,,,,,,,,,,,,,
,,,,,,,,,,,,,,,,,,,,,
,,,,,,,,,,,,,,,,,,,,,
,,,,,,,,,,,,,,,,,,,,,
,,,,,,,,,,,,,,,,,,,,,
,,,,,,,,,,,,,,,,,,,,,
,,,,,,,,,,,,,,,,,,,,,
,,,,,,,,,,,,,,,,,,,,,
,,,,,,,,,,,,,,,,,,,,,
,,,,,,,,,,,,,,,,,,,,,
,,,,,,,,,,,,,,,,,,,,,
,,,,,,,,,,,,,,,,,,,,,
,,,,,,,,,,,,,,,,,,,,,
,,,,,,,,,,,,,,,,,,,,,
,,,,,,,,,,,,,,,,,,,,,
,,,,,,,,,,,,,,,,,,,,,
,,,,,,,,,,,,,,,,,,,,,
,,,,,,,,,,,,,,,,,,,,,
,,,,,,,,,,,,,,,,,,,,,
,,,,,,,,,,,,,,,,,,,,,
,,,,,,,,,,,,,,,,,,,,,
,,,,,,,,,,,,,,,,,,,,,
,,,,,,,,,,,,,,,,,,,,,
,,,,,,,,,,,,,,,,,,,,,
,,,,,,,,,,,,,,,,,,,,,
,,,,,,,,,,,,,,,,,,,,,
,,,,,,,,,,,,,,,,,,,,,
,,,,,,,,,,,,,,,,,,,,,
,,,,,,,,,,,,,,,,,,,,,
,,,,,,,,,,,,,,,,,,,,,
,,,,,,,,,,,,,,,,,,,,,
,,,,,,,,,,,,,,,,,,,,,
,,,,,,,,,,,,,,,,,,,,,
,,,,,,,,,,,,,,,,,,,,,
,,,,,,,,,,,,,,,,,,,,,
,,,,,,,,,,,,,,,,,,,,,
,,,,,,,,,,,,,,,,,,,,,
,,,,,,,,,,,,,,,,,,,,,
,,,,,,,,,,,,,,,,,,,,,
,,,,,,,,,,,,,,,,,,,,,
,,,,,,,,,,,,,,,,,,,,,
,,,,,,,,,,,,,,,,,,,,,
,,,,,,,,,,,,,,,,,,,,,
,,,,,,,,,,,,,,,,,,,,,
,,,,,,,,,,,,,,,,,,,,,
,,,,,,,,,,,,,,,,,,,,,
,,,,,,,,,,,,,,,,,,,,,
,,,,,,,,,,,,,,,,,,,,,
,,,,,,,,,,,,,,,,,,,,,
,,,,,,,,,,,,,,,,,,,,,
,,,,,,,,,,,,,,,,,,,,,
,,,,,,,,,,,,,,,,,,,,,
,,,,,,,,,,,,,,,,,,,,,
,,,,,,,,,,,,,,,,,,,,,
,,,,,,,,,,,,,,,,,,,,,
,,,,,,,,,,,,,,,,,,,,,
,,,,,,,,,,,,,,,,,,,,,
,,,,,,,,,,,,,,,,,,,,,
,,,,,,,,,,,,,,,,,,,,,
,,,,,,,,,,,,,,,,,,,,,
,,,,,,,,,,,,,,,,,,,,,
,,,,,,,,,,,,,,,,,,,,,
,,,,,,,,,,,,,,,,,,,,,
,,,,,,,,,,,,,,,,,,,,,
,,,,,,,,,,,,,,,,,,,,,
,,,,,,,,,,,,,,,,,,,,,
,,,,,,,,,,,,,,,,,,,,,
,,,,,,,,,,,,,,,,,,,,,
,,,,,,,,,,,,,,,,,,,,,
,,,,,,,,,,,,,,,,,,,,,
,,,,,,,,,,,,,,,,,,,,,
,,,,,,,,,,,,,,,,,,,,,
,,,,,,,,,,,,,,,,,,,,,
,,,,,,,,,,,,,,,,,,,,,
,,,,,,,,,,,,,,,,,,,,,
,,,,,,,,,,,,,,,,,,,,,
,,,,,,,,,,,,,,,,,,,,,
,,,,,,,,,,,,,,,,,,,,,
,,,,,,,,,,,,,,,,,,,,,
,,,,,,,,,,,,,,,,,,,,,
,,,,,,,,,,,,,,,,,,,,,
,,,,,,,,,,,,,,,,,,,,,
,,,,,,,,,,,,,,,,,,,,,
,,,,,,,,,,,,,,,,,,,,,
,,,,,,,,,,,,,,,,,,,,,
,,,,,,,,,,,,,,,,,,,,,
,,,,,,,,,,,,,,,,,,,,,
,,,,,,,,,,,,,,,,,,,,,
,,,,,,,,,,,,,,,,,,,,,
,,,,,,,,,,,,,,,,,,,,,
,,,,,,,,,,,,,,,,,,,,,
,,,,,,,,,,,,,,,,,,,,,
,,,,,,,,,,,,,,,,,,,,,
,,,,,,,,,,,,,,,,,,,,,
,,,,,,,,,,,,,,,,,,,,,
,,,,,,,,,,,,,,,,,,,,,
,,,,,,,,,,,,,,,,,,,,,
,,,,,,,,,,,,,,,,,,,,,
,,,,,,,,,,,,,,,,,,,,,
,,,,,,,,,,,,,,,,,,,,,
,,,,,,,,,,,,,,,,,,,,,
,,,,,,,,,,,,,,,,,,,,,
,,,,,,,,,,,,,,,,,,,,,
,,,,,,,,,,,,,,,,,,,,,
,,,,,,,,,,,,,,,,,,,,,
,,,,,,,,,,,,,,,,,,,,,
,,,,,,,,,,,,,,,,,,,,,
,,,,,,,,,,,,,,,,,,,,,
,,,,,,,,,,,,,,,,,,,,,
,,,,,,,,,,,,,,,,,,,,,
,,,,,,,,,,,,,,,,,,,,,
,,,,,,,,,,,,,,,,,,,,,
,,,,,,,,,,,,,,,,,,,,,
,,,,,,,,,,,,,,,,,,,,,
,,,,,,,,,,,,,,,,,,,,,
,,,,,,,,,,,,,,,,,,,,,
,,,,,,,,,,,,,,,,,,,,,
,,,,,,,,,,,,,,,,,,,,,
,,,,,,,,,,,,,,,,,,,,,
,,,,,,,,,,,,,,,,,,,,,
,,,,,,,,,,,,,,,,,,,,,
,,,,,,,,,,,,,,,,,,,,,
,,,,,,,,,,,,,,,,,,,,,
,,,,,,,,,,,,,,,,,,,,,
,,,,,,,,,,,,,,,,,,,,,
,,,,,,,,,,,,,,,,,,,,,
,,,,,,,,,,,,,,,,,,,,,
,,,,,,,,,,,,,,,,,,,,,
,,,,,,,,,,,,,,,,,,,,,
,,,,,,,,,,,,,,,,,,,,,
,,,,,,,,,,,,,,,,,,,,,
,,,,,,,,,,,,,,,,,,,,,
,,,,,,,,,,,,,,,,,,,,,
,,,,,,,,,,,,,,,,,,,,,
,,,,,,,,,,,,,,,,,,,,,
,,,,,,,,,,,,,,,,,,,,,
,,,,,,,,,,,,,,,,,,,,,
,,,,,,,,,,,,,,,,,,,,,
,,,,,,,,,,,,,,,,,,,,,
,,,,,,,,,,,,,,,,,,,,,
,,,,,,,,,,,,,,,,,,,,,
,,,,,,,,,,,,,,,,,,,,,
,,,,,,,,,,,,,,,,,,,,,
,,,,,,,,,,,,,,,,,,,,,
,,,,,,,,,,,,,,,,,,,,,
,,,,,,,,,,,,,,,,,,,,,
,,,,,,,,,,,,,,,,,,,,,
,,,,,,,,,,,,,,,,,,,,,
,,,,,,,,,,,,,,,,,,,,,
,,,,,,,,,,,,,,,,,,,,,
,,,,,,,,,,,,,,,,,,,,,
,,,,,,,,,,,,,,,,,,,,,
,,,,,,,,,,,,,,,,,,,,,
,,,,,,,,,,,,,,,,,,,,,
,,,,,,,,,,,,,,,,,,,,,
,,,,,,,,,,,,,,,,,,,,,
,,,,,,,,,,,,,,,,,,,,,
,,,,,,,,,,,,,,,,,,,,,
,,,,,,,,,,,,,,,,,,,,,
,,,,,,,,,,,,,,,,,,,,,
,,,,,,,,,,,,,,,,,,,,,
,,,,,,,,,,,,,,,,,,,,,
,,,,,,,,,,,,,,,,,,,,,
,,,,,,,,,,,,,,,,,,,,,
,,,,,,,,,,,,,,,,,,,,,
,,,,,,,,,,,,,,,,,,,,,
,,,,,,,,,,,,,,,,,,,,,
,,,,,,,,,,,,,,,,,,,,,
,,,,,,,,,,,,,,,,,,,,,
,,,,,,,,,,,,,,,,,,,,,
,,,,,,,,,,,,,,,,,,,,,
,,,,,,,,,,,,,,,,,,,,,
,,,,,,,,,,,,,,,,,,,,,
,,,,,,,,,,,,,,,,,,,,,
,,,,,,,,,,,,,,,,,,,,,
,,,,,,,,,,,,,,,,,,,,,
,,,,,,,,,,,,,,,,,,,,,
,,,,,,,,,,,,,,,,,,,,,
,,,,,,,,,,,,,,,,,,,,,
,,,,,,,,,,,,,,,,,,,,,
,,,,,,,,,,,,,,,,,,,,,
,,,,,,,,,,,,,,,,,,,,,
,,,,,,,,,,,,,,,,,,,,,
,,,,,,,,,,,,,,,,,,,,,
,,,,,,,,,,,,,,,,,,,,,
,,,,,,,,,,,,,,,,,,,,,
,,,,,,,,,,,,,,,,,,,,,
,,,,,,,,,,,,,,,,,,,,,
,,,,,,,,,,,,,,,,,,,,,
,,,,,,,,,,,,,,,,,,,,,
,,,,,,,,,,,,,,,,,,,,,
,,,,,,,,,,,,,,,,,,,,,
,,,,,,,,,,,,,,,,,,,,,
,,,,,,,,,,,,,,,,,,,,,
,,,,,,,,,,,,,,,,,,,,,
,,,,,,,,,,,,,,,,,,,,,
,,,,,,,,,,,,,,,,,,,,,
,,,,,,,,,,,,,,,,,,,,,
,,,,,,,,,,,,,,,,,,,,,
,,,,,,,,,,,,,,,,,,,,,
,,,,,,,,,,,,,,,,,,,,,
,,,,,,,,,,,,,,,,,,,,,
,,,,,,,,,,,,,,,,,,,,,
,,,,,,,,,,,,,,,,,,,,,
,,,,,,,,,,,,,,,,,,,,,
,,,,,,,,,,,,,,,,,,,,,
,,,,,,,,,,,,,,,,,,,,,
,,,,,,,,,,,,,,,,,,,,,
,,,,,,,,,,,,,,,,,,,,,
,,,,,,,,,,,,,,,,,,,,,
,,,,,,,,,,,,,,,,,,,,,
,,,,,,,,,,,,,,,,,,,,,
,,,,,,,,,,,,,,,,,,,,,
,,,,,,,,,,,,,,,,,,,,,
,,,,,,,,,,,,,,,,,,,,,
,,,,,,,,,,,,,,,,,,,,,
,,,,,,,,,,,,,,,,,,,,,
,,,,,,,,,,,,,,,,,,,,,
,,,,,,,,,,,,,,,,,,,,,
,,,,,,,,,,,,,,,,,,,,,
,,,,,,,,,,,,,,,,,,,,,
,,,,,,,,,,,,,,,,,,,,,
,,,,,,,,,,,,,,,,,,,,,
,,,,,,,,,,,,,,,,,,,,,
,,,,,,,,,,,,,,,,,,,,,
,,,,,,,,,,,,,,,,,,,,,
,,,,,,,,,,,,,,,,,,,,,
,,,,,,,,,,,,,,,,,,,,,
,,,,,,,,,,,,,,,,,,,,,
,,,,,,,,,,,,,,,,,,,,,
,,,,,,,,,,,,,,,,,,,,,
,,,,,,,,,,,,,,,,,,,,,
,,,,,,,,,,,,,,,,,,,,,
,,,,,,,,,,,,,,,,,,,,,
,,,,,,,,,,,,,,,,,,,,,
,,,,,,,,,,,,,,,,,,,,,
,,,,,,,,,,,,,,,,,,,,,
,,,,,,,,,,,,,,,,,,,,,
,,,,,,,,,,,,,,,,,,,,,
,,,,,,,,,,,,,,,,,,,,,
,,,,,,,,,,,,,,,,,,,,,
,,,,,,,,,,,,,,,,,,,,,
,,,,,,,,,,,,,,,,,,,,,
,,,,,,,,,,,,,,,,,,,,,
,,,,,,,,,,,,,,,,,,,,,
,,,,,,,,,,,,,,,,,,,,,
,,,,,,,,,,,,,,,,,,,,,
,,,,,,,,,,,,,,,,,,,,,
,,,,,,,,,,,,,,,,,,,,,
,,,,,,,,,,,,,,,,,,,,,
,,,,,,,,,,,,,,,,,,,,,
,,,,,,,,,,,,,,,,,,,,,
,,,,,,,,,,,,,,,,,,,,,
,,,,,,,,,,,,,,,,,,,,,
,,,,,,,,,,,,,,,,,,,,,
,,,,,,,,,,,,,,,,,,,,,
,,,,,,,,,,,,,,,,,,,,,
,,,,,,,,,,,,,,,,,,,,,
,,,,,,,,,,,,,,,,,,,,,
,,,,,,,,,,,,,,,,,,,,,
,,,,,,,,,,,,,,,,,,,,,
,,,,,,,,,,,,,,,,,,,,,
,,,,,,,,,,,,,,,,,,,,,
,,,,,,,,,,,,,,,,,,,,,
,,,,,,,,,,,,,,,,,,,,,
,,,,,,,,,,,,,,,,,,,,,
,,,,,,,,,,,,,,,,,,,,,
,,,,,,,,,,,,,,,,,,,,,
,,,,,,,,,,,,,,,,,,,,,
,,,,,,,,,,,,,,,,,,,,,
,,,,,,,,,,,,,,,,,,,,,
,,,,,,,,,,,,,,,,,,,,,
,,,,,,,,,,,,,,,,,,,,,
,,,,,,,,,,,,,,,,,,,,,
,,,,,,,,,,,,,,,,,,,,,
,,,,,,,,,,,,,,,,,,,,,
,,,,,,,,,,,,,,,,,,,,,
,,,,,,,,,,,,,,,,,,,,,
,,,,,,,,,,,,,,,,,,,,,
,,,,,,,,,,,,,,,,,,,,,
,,,,,,,,,,,,,,,,,,,,,
,,,,,,,,,,,,,,,,,,,,,
,,,,,,,,,,,,,,,,,,,,,
,,,,,,,,,,,,,,,,,,,,,
,,,,,,,,,,,,,,,,,,,,,
,,,,,,,,,,,,,,,,,,,,,
,,,,,,,,,,,,,,,,,,,,,
,,,,,,,,,,,,,,,,,,,,,
,,,,,,,,,,,,,,,,,,,,,
,,,,,,,,,,,,,,,,,,,,,
,,,,,,,,,,,,,,,,,,,,,
,,,,,,,,,,,,,,,,,,,,,
,,,,,,,,,,,,,,,,,,,,,
,,,,,,,,,,,,,,,,,,,,,
,,,,,,,,,,,,,,,,,,,,,
,,,,,,,,,,,,,,,,,,,,,
,,,,,,,,,,,,,,,,,,,,,
,,,,,,,,,,,,,,,,,,,,,
,,,,,,,,,,,,,,,,,,,,,
,,,,,,,,,,,,,,,,,,,,,
,,,,,,,,,,,,,,,,,,,,,
,,,,,,,,,,,,,,,,,,,,,
,,,,,,,,,,,,,,,,,,,,,
,,,,,,,,,,,,,,,,,,,,,
,,,,,,,,,,,,,,,,,,,,,
,,,,,,,,,,,,,,,,,,,,,
,,,,,,,,,,,,,,,,,,,,,
,,,,,,,,,,,,,,,,,,,,,
,,,,,,,,,,,,,,,,,,,,,
,,,,,,,,,,,,,,,,,,,,,
,,,,,,,,,,,,,,,,,,,,,
,,,,,,,,,,,,,,,,,,,,,
,,,,,,,,,,,,,,,,,,,,,
,,,,,,,,,,,,,,,,,,,,,
,,,,,,,,,,,,,,,,,,,,,
,,,,,,,,,,,,,,,,,,,,,
,,,,,,,,,,,,,,,,,,,,,
,,,,,,,,,,,,,,,,,,,,,
,,,,,,,,,,,,,,,,,,,,,
,,,,,,,,,,,,,,,,,,,,,
,,,,,,,,,,,,,,,,,,,,,
,,,,,,,,,,,,,,,,,,,,,
,,,,,,,,,,,,,,,,,,,,,
,,,,,,,,,,,,,,,,,,,,,
,,,,,,,,,,,,,,,,,,,,,
,,,,,,,,,,,,,,,,,,,,,
,,,,,,,,,,,,,,,,,,,,,
,,,,,,,,,,,,,,,,,,,,,
,,,,,,,,,,,,,,,,,,,,,
,,,,,,,,,,,,,,,,,,,,,
,,,,,,,,,,,,,,,,,,,,,
,,,,,,,,,,,,,,,,,,,,,
,,,,,,,,,,,,,,,,,,,,,
,,,,,,,,,,,,,,,,,,,,,
,,,,,,,,,,,,,,,,,,,,,
,,,,,,,,,,,,,,,,,,,,,
,,,,,,,,,,,,,,,,,,,,,
,,,,,,,,,,,,,,,,,,,,,
,,,,,,,,,,,,,,,,,,,,,
,,,,,,,,,,,,,,,,,,,,,
,,,,,,,,,,,,,,,,,,,,,
,,,,,,,,,,,,,,,,,,,,,
,,,,,,,,,,,,,,,,,,,,,
,,,,,,,,,,,,,,,,,,,,,
,,,,,,,,,,,,,,,,,,,,,
,,,,,,,,,,,,,,,,,,,,,
,,,,,,,,,,,,,,,,,,,,,
,,,,,,,,,,,,,,,,,,,,,
,,,,,,,,,,,,,,,,,,,,,
,,,,,,,,,,,,,,,,,,,,,
,,,,,,,,,,,,,,,,,,,,,
,,,,,,,,,,,,,,,,,,,,,
,,,,,,,,,,,,,,,,,,,,,
,,,,,,,,,,,,,,,,,,,,,
,,,,,,,,,,,,,,,,,,,,,
,,,,,,,,,,,,,,,,,,,,,
,,,,,,,,,,,,,,,,,,,,,
,,,,,,,,,,,,,,,,,,,,,
,,,,,,,,,,,,,,,,,,,,,
,,,,,,,,,,,,,,,,,,,,,
,,,,,,,,,,,,,,,,,,,,,
,,,,,,,,,,,,,,,,,,,,,
,,,,,,,,,,,,,,,,,,,,,
,,,,,,,,,,,,,,,,,,,,,
,,,,,,,,,,,,,,,,,,,,,
,,,,,,,,,,,,,,,,,,,,,
,,,,,,,,,,,,,,,,,,,,,
,,,,,,,,,,,,,,,,,,,,,
,,,,,,,,,,,,,,,,,,,,,
,,,,,,,,,,,,,,,,,,,,,
,,,,,,,,,,,,,,,,,,,,,
,,,,,,,,,,,,,,,,,,,,,
,,,,,,,,,,,,,,,,,,,,,
,,,,,,,,,,,,,,,,,,,,,
,,,,,,,,,,,,,,,,,,,,,
,,,,,,,,,,,,,,,,,,,,,
,,,,,,,,,,,,,,,,,,,,,
,,,,,,,,,,,,,,,,,,,,,
,,,,,,,,,,,,,,,,,,,,,
,,,,,,,,,,,,,,,,,,,,,
,,,,,,,,,,,,,,,,,,,,,
,,,,,,,,,,,,,,,,,,,,,
,,,,,,,,,,,,,,,,,,,,,
,,,,,,,,,,,,,,,,,,,,,
,,,,,,,,,,,,,,,,,,,,,
,,,,,,,,,,,,,,,,,,,,,
,,,,,,,,,,,,,,,,,,,,,
,,,,,,,,,,,,,,,,,,,,,
,,,,,,,,,,,,,,,,,,,,,
,,,,,,,,,,,,,,,,,,,,,
,,,,,,,,,,,,,,,,,,,,,
,,,,,,,,,,,,,,,,,,,,,
,,,,,,,,,,,,,,,,,,,,,
,,,,,,,,,,,,,,,,,,,,,
,,,,,,,,,,,,,,,,,,,,,
,,,,,,,,,,,,,,,,,,,,,
,,,,,,,,,,,,,,,,,,,,,
,,,,,,,,,,,,,,,,,,,,,
,,,,,,,,,,,,,,,,,,,,,
,,,,,,,,,,,,,,,,,,,,,
,,,,,,,,,,,,,,,,,,,,,
,,,,,,,,,,,,,,,,,,,,,
,,,,,,,,,,,,,,,,,,,,,
,,,,,,,,,,,,,,,,,,,,,
,,,,,,,,,,,,,,,,,,,,,
,,,,,,,,,,,,,,,,,,,,,
,,,,,,,,,,,,,,,,,,,,,
,,,,,,,,,,,,,,,,,,,,,
,,,,,,,,,,,,,,,,,,,,,
,,,,,,,,,,,,,,,,,,,,,
,,,,,,,,,,,,,,,,,,,,,
,,,,,,,,,,,,,,,,,,,,,
,,,,,,,,,,,,,,,,,,,,,
,,,,,,,,,,,,,,,,,,,,,
,,,,,,,,,,,,,,,,,,,,,
,,,,,,,,,,,,,,,,,,,,,
,,,,,,,,,,,,,,,,,,,,,
,,,,,,,,,,,,,,,,,,,,,
,,,,,,,,,,,,,,,,,,,,,
,,,,,,,,,,,,,,,,,,,,,
,,,,,,,,,,,,,,,,,,,,,
,,,,,,,,,,,,,,,,,,,,,
,,,,,,,,,,,,,,,,,,,,,
,,,,,,,,,,,,,,,,,,,,,
,,,,,,,,,,,,,,,,,,,,,
,,,,,,,,,,,,,,,,,,,,,
,,,,,,,,,,,,,,,,,,,,,
,,,,,,,,,,,,,,,,,,,,,
,,,,,,,,,,,,,,,,,,,,,
,,,,,,,,,,,,,,,,,,,,,
,,,,,,,,,,,,,,,,,,,,,
,,,,,,,,,,,,,,,,,,,,,
,,,,,,,,,,,,,,,,,,,,,
,,,,,,,,,,,,,,,,,,,,,
,,,,,,,,,,,,,,,,,,,,,
,,,,,,,,,,,,,,,,,,,,,
,,,,,,,,,,,,,,,,,,,,,
,,,,,,,,,,,,,,,,,,,,,
,,,,,,,,,,,,,,,,,,,,,
,,,,,,,,,,,,,,,,,,,,,
,,,,,,,,,,,,,,,,,,,,,
,,,,,,,,,,,,,,,,,,,,,
,,,,,,,,,,,,,,,,,,,,,
,,,,,,,,,,,,,,,,,,,,,
,,,,,,,,,,,,,,,,,,,,,
,,,,,,,,,,,,,,,,,,,,,
,,,,,,,,,,,,,,,,,,,,,
,,,,,,,,,,,,,,,,,,,,,
,,,,,,,,,,,,,,,,,,,,,
,,,,,,,,,,,,,,,,,,,,,
,,,,,,,,,,,,,,,,,,,,,
,,,,,,,,,,,,,,,,,,,,,
,,,,,,,,,,,,,,,,,,,,,
,,,,,,,,,,,,,,,,,,,,,
,,,,,,,,,,,,,,,,,,,,,
,,,,,,,,,,,,,,,,,,,,,
,,,,,,,,,,,,,,,,,,,,,
,,,,,,,,,,,,,,,,,,,,,
,,,,,,,,,,,,,,,,,,,,,
,,,,,,,,,,,,,,,,,,,,,
,,,,,,,,,,,,,,,,,,,,,
,,,,,,,,,,,,,,,,,,,,,
,,,,,,,,,,,,,,,,,,,,,
,,,,,,,,,,,,,,,,,,,,,
,,,,,,,,,,,,,,,,,,,,,
,,,,,,,,,,,,,,,,,,,,,
,,,,,,,,,,,,,,,,,,,,,
,,,,,,,,,,,,,,,,,,,,,
,,,,,,,,,,,,,,,,,,,,,
,,,,,,,,,,,,,,,,,,,,,
,,,,,,,,,,,,,,,,,,,,,
,,,,,,,,,,,,,,,,,,,,,
,,,,,,,,,,,,,,,,,,,,,
,,,,,,,,,,,,,,,,,,,,,
,,,,,,,,,,,,,,,,,,,,,
,,,,,,,,,,,,,,,,,,,,,
,,,,,,,,,,,,,,,,,,,,,
,,,,,,,,,,,,,,,,,,,,,
,,,,,,,,,,,,,,,,,,,,,
,,,,,,,,,,,,,,,,,,,,,
,,,,,,,,,,,,,,,,,,,,,
,,,,,,,,,,,,,,,,,,,,,
,,,,,,,,,,,,,,,,,,,,,
,,,,,,,,,,,,,,,,,,,,,
,,,,,,,,,,,,,,,,,,,,,
,,,,,,,,,,,,,,,,,,,,,
,,,,,,,,,,,,,,,,,,,,,
,,,,,,,,,,,,,,,,,,,,,
,,,,,,,,,,,,,,,,,,,,,
,,,,,,,,,,,,,,,,,,,,,
,,,,,,,,,,,,,,,,,,,,,
,,,,,,,,,,,,,,,,,,,,,
,,,,,,,,,,,,,,,,,,,,,
,,,,,,,,,,,,,,,,,,,,,
,,,,,,,,,,,,,,,,,,,,,
,,,,,,,,,,,,,,,,,,,,,
,,,,,,,,,,,,,,,,,,,,,
,,,,,,,,,,,,,,,,,,,,,
,,,,,,,,,,,,,,,,,,,,,
,,,,,,,,,,,,,,,,,,,,,
,,,,,,,,,,,,,,,,,,,,,
,,,,,,,,,,,,,,,,,,,,,
,,,,,,,,,,,,,,,,,,,,,
,,,,,,,,,,,,,,,,,,,,,
,,,,,,,,,,,,,,,,,,,,,
,,,,,,,,,,,,,,,,,,,,,
,,,,,,,,,,,,,,,,,,,,,
,,,,,,,,,,,,,,,,,,,,,
,,,,,,,,,,,,,,,,,,,,,
,,,,,,,,,,,,,,,,,,,,,
,,,,,,,,,,,,,,,,,,,,,
,,,,,,,,,,,,,,,,,,,,,
,,,,,,,,,,,,,,,,,,,,,
,,,,,,,,,,,,,,,,,,,,,
,,,,,,,,,,,,,,,,,,,,,
,,,,,,,,,,,,,,,,,,,,,
,,,,,,,,,,,,,,,,,,,,,
,,,,,,,,,,,,,,,,,,,,,
,,,,,,,,,,,,,,,,,,,,,
,,,,,,,,,,,,,,,,,,,,,
,,,,,,,,,,,,,,,,,,,,,
,,,,,,,,,,,,,,,,,,,,,
,,,,,,,,,,,,,,,,,,,,,
,,,,,,,,,,,,,,,,,,,,,
,,,,,,,,,,,,,,,,,,,,,
,,,,,,,,,,,,,,,,,,,,,
,,,,,,,,,,,,,,,,,,,,,
,,,,,,,,,,,,,,,,,,,,,
,,,,,,,,,,,,,,,,,,,,,
,,,,,,,,,,,,,,,,,,,,,
,,,,,,,,,,,,,,,,,,,,,
,,,,,,,,,,,,,,,,,,,,,
,,,,,,,,,,,,,,,,,,,,,
,,,,,,,,,,,,,,,,,,,,,
,,,,,,,,,,,,,,,,,,,,,
,,,,,,,,,,,,,,,,,,,,,
,,,,,,,,,,,,,,,,,,,,,
,,,,,,,,,,,,,,,,,,,,,
,,,,,,,,,,,,,,,,,,,,,
,,,,,,,,,,,,,,,,,,,,,
,,,,,,,,,,,,,,,,,,,,,
,,,,,,,,,,,,,,,,,,,,,
,,,,,,,,,,,,,,,,,,,,,
,,,,,,,,,,,,,,,,,,,,,
,,,,,,,,,,,,,,,,,,,,,
,,,,,,,,,,,,,,,,,,,,,
,,,,,,,,,,,,,,,,,,,,,
,,,,,,,,,,,,,,,,,,,,,
,,,,,,,,,,,,,,,,,,,,,
,,,,,,,,,,,,,,,,,,,,,
,,,,,,,,,,,,,,,,,,,,,
,,,,,,,,,,,,,,,,,,,,,
,,,,,,,,,,,,,,,,,,,,,
,,,,,,,,,,,,,,,,,,,,,
,,,,,,,,,,,,,,,,,,,,,
,,,,,,,,,,,,,,,,,,,,,
,,,,,,,,,,,,,,,,,,,,,
,,,,,,,,,,,,,,,,,,,,,
,,,,,,,,,,,,,,,,,,,,,
,,,,,,,,,,,,,,,,,,,,,
,,,,,,,,,,,,,,,,,,,,,
,,,,,,,,,,,,,,,,,,,,,
,,,,,,,,,,,,,,,,,,,,,
,,,,,,,,,,,,,,,,,,,,,
,,,,,,,,,,,,,,,,,,,,,
,,,,,,,,,,,,,,,,,,,,,
,,,,,,,,,,,,,,,,,,,,,
,,,,,,,,,,,,,,,,,,,,,
,,,,,,,,,,,,,,,,,,,,,
,,,,,,,,,,,,,,,,,,,,,
,,,,,,,,,,,,,,,,,,,,,
,,,,,,,,,,,,,,,,,,,,,
,,,,,,,,,,,,,,,,,,,,,
,,,,,,,,,,,,,,,,,,,,,
,,,,,,,,,,,,,,,,,,,,,
,,,,,,,,,,,,,,,,,,,,,
,,,,,,,,,,,,,,,,,,,,,
,,,,,,,,,,,,,,,,,,,,,
,,,,,,,,,,,,,,,,,,,,,
,,,,,,,,,,,,,,,,,,,,,
,,,,,,,,,,,,,,,,,,,,,
,,,,,,,,,,,,,,,,,,,,,
,,,,,,,,,,,,,,,,,,,,,
,,,,,,,,,,,,,,,,,,,,,
,,,,,,,,,,,,,,,,,,,,,
,,,,,,,,,,,,,,,,,,,,,
,,,,,,,,,,,,,,,,,,,,,
,,,,,,,,,,,,,,,,,,,,,
,,,,,,,,,,,,,,,,,,,,,
,,,,,,,,,,,,,,,,,,,,,
,,,,,,,,,,,,,,,,,,,,,
,,,,,,,,,,,,,,,,,,,,,
,,,,,,,,,,,,,,,,,,,,,
,,,,,,,,,,,,,,,,,,,,,
,,,,,,,,,,,,,,,,,,,,,
,,,,,,,,,,,,,,,,,,,,,
,,,,,,,,,,,,,,,,,,,,,
,,,,,,,,,,,,,,,,,,,,,
,,,,,,,,,,,,,,,,,,,,,
,,,,,,,,,,,,,,,,,,,,,
,,,,,,,,,,,,,,,,,,,,,
,,,,,,,,,,,,,,,,,,,,,
,,,,,,,,,,,,,,,,,,,,,
,,,,,,,,,,,,,,,,,,,,,
,,,,,,,,,,,,,,,,,,,,,
,,,,,,,,,,,,,,,,,,,,,
,,,,,,,,,,,,,,,,,,,,,
,,,,,,,,,,,,,,,,,,,,,
,,,,,,,,,,,,,,,,,,,,,
,,,,,,,,,,,,,,,,,,,,,
,,,,,,,,,,,,,,,,,,,,,
,,,,,,,,,,,,,,,,,,,,,
,,,,,,,,,,,,,,,,,,,,,
,,,,,,,,,,,,,,,,,,,,,
,,,,,,,,,,,,,,,,,,,,,
,,,,,,,,,,,,,,,,,,,,,
,,,,,,,,,,,,,,,,,,,,,
,,,,,,,,,,,,,,,,,,,,,
,,,,,,,,,,,,,,,,,,,,,
,,,,,,,,,,,,,,,,,,,,,
,,,,,,,,,,,,,,,,,,,,,
,,,,,,,,,,,,,,,,,,,,,
,,,,,,,,,,,,,,,,,,,,,
,,,,,,,,,,,,,,,,,,,,,
,,,,,,,,,,,,,,,,,,,,,
,,,,,,,,,,,,,,,,,,,,,
,,,,,,,,,,,,,,,,,,,,,
,,,,,,,,,,,,,,,,,,,,,
,,,,,,,,,,,,,,,,,,,,,
,,,,,,,,,,,,,,,,,,,,,
,,,,,,,,,,,,,,,,,,,,,
,,,,,,,,,,,,,,,,,,,,,
,,,,,,,,,,,,,,,,,,,,,
,,,,,,,,,,,,,,,,,,,,,
,,,,,,,,,,,,,,,,,,,,,
,,,,,,,,,,,,,,,,,,,,,
,,,,,,,,,,,,,,,,,,,,,
,,,,,,,,,,,,,,,,,,,,,
,,,,,,,,,,,,,,,,,,,,,
,,,,,,,,,,,,,,,,,,,,,
,,,,,,,,,,,,,,,,,,,,,
,,,,,,,,,,,,,,,,,,,,,
,,,,,,,,,,,,,,,,,,,,,
,,,,,,,,,,,,,,,,,,,,,
,,,,,,,,,,,,,,,,,,,,,
,,,,,,,,,,,,,,,,,,,,,
,,,,,,,,,,,,,,,,,,,,,
,,,,,,,,,,,,,,,,,,,,,
,,,,,,,,,,,,,,,,,,,,,
,,,,,,,,,,,,,,,,,,,,,
,,,,,,,,,,,,,,,,,,,,,
,,,,,,,,,,,,,,,,,,,,,
,,,,,,,,,,,,,,,,,,,,,
,,,,,,,,,,,,,,,,,,,,,
,,,,,,,,,,,,,,,,,,,,,
,,,,,,,,,,,,,,,,,,,,,
,,,,,,,,,,,,,,,,,,,,,
,,,,,,,,,,,,,,,,,,,,,
,,,,,,,,,,,,,,,,,,,,,
,,,,,,,,,,,,,,,,,,,,,
,,,,,,,,,,,,,,,,,,,,,
,,,,,,,,,,,,,,,,,,,,,
,,,,,,,,,,,,,,,,,,,,,
,,,,,,,,,,,,,,,,,,,,,
,,,,,,,,,,,,,,,,,,,,,
,,,,,,,,,,,,,,,,,,,,,
,,,,,,,,,,,,,,,,,,,,,
,,,,,,,,,,,,,,,,,,,,,
,,,,,,,,,,,,,,,,,,,,,
,,,,,,,,,,,,,,,,,,,,,
,,,,,,,,,,,,,,,,,,,,,
,,,,,,,,,,,,,,,,,,,,,
,,,,,,,,,,,,,,,,,,,,,
,,,,,,,,,,,,,,,,,,,,,
,,,,,,,,,,,,,,,,,,,,,
,,,,,,,,,,,,,,,,,,,,,
,,,,,,,,,,,,,,,,,,,,,
,,,,,,,,,,,,,,,,,,,,,
,,,,,,,,,,,,,,,,,,,,,
,,,,,,,,,,,,,,,,,,,,,
,,,,,,,,,,,,,,,,,,,,,
,,,,,,,,,,,,,,,,,,,,,
,,,,,,,,,,,,,,,,,,,,,
,,,,,,,,,,,,,,,,,,,,,
,,,,,,,,,,,,,,,,,,,,,
,,,,,,,,,,,,,,,,,,,,,
,,,,,,,,,,,,,,,,,,,,,
,,,,,,,,,,,,,,,,,,,,,
,,,,,,,,,,,,,,,,,,,,,
,,,,,,,,,,,,,,,,,,,,,
,,,,,,,,,,,,,,,,,,,,,
,,,,,,,,,,,,,,,,,,,,,
,,,,,,,,,,,,,,,,,,,,,
,,,,,,,,,,,,,,,,,,,,,
,,,,,,,,,,,,,,,,,,,,,
,,,,,,,,,,,,,,,,,,,,,
,,,,,,,,,,,,,,,,,,,,,
,,,,,,,,,,,,,,,,,,,,,
,,,,,,,,,,,,,,,,,,,,,
,,,,,,,,,,,,,,,,,,,,,
,,,,,,,,,,,,,,,,,,,,,
,,,,,,,,,,,,,,,,,,,,,
,,,,,,,,,,,,,,,,,,,,,
,,,,,,,,,,,,,,,,,,,,,
,,,,,,,,,,,,,,,,,,,,,
,,,,,,,,,,,,,,,,,,,,,
,,,,,,,,,,,,,,,,,,,,,
,,,,,,,,,,,,,,,,,,,,,
,,,,,,,,,,,,,,,,,,,,,
,,,,,,,,,,,,,,,,,,,,,
,,,,,,,,,,,,,,,,,,,,,
,,,,,,,,,,,,,,,,,,,,,
,,,,,,,,,,,,,,,,,,,,,
,,,,,,,,,,,,,,,,,,,,,
,,,,,,,,,,,,,,,,,,,,,
,,,,,,,,,,,,,,,,,,,,,
,,,,,,,,,,,,,,,,,,,,,
,,,,,,,,,,,,,,,,,,,,,
,,,,,,,,,,,,,,,,,,,,,
,,,,,,,,,,,,,,,,,,,,,
,,,,,,,,,,,,,,,,,,,,,
,,,,,,,,,,,,,,,,,,,,,
,,,,,,,,,,,,,,,,,,,,,
,,,,,,,,,,,,,,,,,,,,,
,,,,,,,,,,,,,,,,,,,,,
,,,,,,,,,,,,,,,,,,,,,
,,,,,,,,,,,,,,,,,,,,,
,,,,,,,,,,,,,,,,,,,,,
,,,,,,,,,,,,,,,,,,,,,
,,,,,,,,,,,,,,,,,,,,,
,,,,,,,,,,,,,,,,,,,,,
,,,,,,,,,,,,,,,,,,,,,
,,,,,,,,,,,,,,,,,,,,,
,,,,,,,,,,,,,,,,,,,,,
,,,,,,,,,,,,,,,,,,,,,
,,,,,,,,,,,,,,,,,,,,,
,,,,,,,,,,,,,,,,,,,,,
,,,,,,,,,,,,,,,,,,,,,
,,,,,,,,,,,,,,,,,,,,,
,,,,,,,,,,,,,,,,,,,,,
,,,,,,,,,,,,,,,,,,,,,
,,,,,,,,,,,,,,,,,,,,,
,,,,,,,,,,,,,,,,,,,,,
,,,,,,,,,,,,,,,,,,,,,
,,,,,,,,,,,,,,,,,,,,,
,,,,,,,,,,,,,,,,,,,,,
,,,,,,,,,,,,,,,,,,,,,
,,,,,,,,,,,,,,,,,,,,,
,,,,,,,,,,,,,,,,,,,,,
,,,,,,,,,,,,,,,,,,,,,
,,,,,,,,,,,,,,,,,,,,,
,,,,,,,,,,,,,,,,,,,,,
,,,,,,,,,,,,,,,,,,,,,
,,,,,,,,,,,,,,,,,,,,,
,,,,,,,,,,,,,,,,,,,,,
,,,,,,,,,,,,,,,,,,,,,
,,,,,,,,,,,,,,,,,,,,,
,,,,,,,,,,,,,,,,,,,,,
,,,,,,,,,,,,,,,,,,,,,
,,,,,,,,,,,,,,,,,,,,,
,,,,,,,,,,,,,,,,,,,,,
,,,,,,,,,,,,,,,,,,,,,
,,,,,,,,,,,,,,,,,,,,,
,,,,,,,,,,,,,,,,,,,,,
,,,,,,,,,,,,,,,,,,,,,
,,,,,,,,,,,,,,,,,,,,,
,,,,,,,,,,,,,,,,,,,,,
,,,,,,,,,,,,,,,,,,,,,
,,,,,,,,,,,,,,,,,,,,,
,,,,,,,,,,,,,,,,,,,,,
,,,,,,,,,,,,,,,,,,,,,
,,,,,,,,,,,,,,,,,,,,,
,,,,,,,,,,,,,,,,,,,,,
,,,,,,,,,,,,,,,,,,,,,
,,,,,,,,,,,,,,,,,,,,,
,,,,,,,,,,,,,,,,,,,,,
,,,,,,,,,,,,,,,,,,,,,
,,,,,,,,,,,,,,,,,,,,,
,,,,,,,,,,,,,,,,,,,,,
,,,,,,,,,,,,,,,,,,,,,
,,,,,,,,,,,,,,,,,,,,,
,,,,,,,,,,,,,,,,,,,,,
,,,,,,,,,,,,,,,,,,,,,
,,,,,,,,,,,,,,,,,,,,,
,,,,,,,,,,,,,,,,,,,,,
,,,,,,,,,,,,,,,,,,,,,
,,,,,,,,,,,,,,,,,,,,,
,,,,,,,,,,,,,,,,,,,,,
,,,,,,,,,,,,,,,,,,,,,
,,,,,,,,,,,,,,,,,,,,,
,,,,,,,,,,,,,,,,,,,,,
,,,,,,,,,,,,,,,,,,,,,
,,,,,,,,,,,,,,,,,,,,,
,,,,,,,,,,,,,,,,,,,,,
,,,,,,,,,,,,,,,,,,,,,
,,,,,,,,,,,,,,,,,,,,,
,,,,,,,,,,,,,,,,,,,,,
,,,,,,,,,,,,,,,,,,,,,
,,,,,,,,,,,,,,,,,,,,,
,,,,,,,,,,,,,,,,,,,,,
,,,,,,,,,,,,,,,,,,,,,
,,,,,,,,,,,,,,,,,,,,,
,,,,,,,,,,,,,,,,,,,,,
,,,,,,,,,,,,,,,,,,,,,
,,,,,,,,,,,,,,,,,,,,,
,,,,,,,,,,,,,,,,,,,,,
,,,,,,,,,,,,,,,,,,,,,
,,,,,,,,,,,,,,,,,,,,,
,,,,,,,,,,,,,,,,,,,,,
,,,,,,,,,,,,,,,,,,,,,
,,,,,,,,,,,,,,,,,,,,,
,,,,,,,,,,,,,,,,,,,,,
,,,,,,,,,,,,,,,,,,,,,
,,,,,,,,,,,,,,,,,,,,,
,,,,,,,,,,,,,,,,,,,,,
,,,,,,,,,,,,,,,,,,,,,
,,,,,,,,,,,,,,,,,,,,,
,,,,,,,,,,,,,,,,,,,,,
,,,,,,,,,,,,,,,,,,,,,
,,,,,,,,,,,,,,,,,,,,,
,,,,,,,,,,,,,,,,,,,,,
,,,,,,,,,,,,,,,,,,,,,
,,,,,,,,,,,,,,,,,,,,,
,,,,,,,,,,,,,,,,,,,,,
,,,,,,,,,,,,,,,,,,,,,
,,,,,,,,,,,,,,,,,,,,,
,,,,,,,,,,,,,,,,,,,,,
,,,,,,,,,,,,,,,,,,,,,
,,,,,,,,,,,,,,,,,,,,,
,,,,,,,,,,,,,,,,,,,,,
,,,,,,,,,,,,,,,,,,,,,
,,,,,,,,,,,,,,,,,,,,,
,,,,,,,,,,,,,,,,,,,,,
,,,,,,,,,,,,,,,,,,,,,
,,,,,,,,,,,,,,,,,,,,,
,,,,,,,,,,,,,,,,,,,,,
,,,,,,,,,,,,,,,,,,,,,
,,,,,,,,,,,,,,,,,,,,,
,,,,,,,,,,,,,,,,,,,,,
,,,,,,,,,,,,,,,,,,,,,
,,,,,,,,,,,,,,,,,,,,,
,,,,,,,,,,,,,,,,,,,,,
,,,,,,,,,,,,,,,,,,,,,
,,,,,,,,,,,,,,,,,,,,,
,,,,,,,,,,,,,,,,,,,,,
,,,,,,,,,,,,,,,,,,,,,
,,,,,,,,,,,,,,,,,,,,,
,,,,,,,,,,,,,,,,,,,,,
,,,,,,,,,,,,,,,,,,,,,
,,,,,,,,,,,,,,,,,,,,,
,,,,,,,,,,,,,,,,,,,,,
,,,,,,,,,,,,,,,,,,,,,
,,,,,,,,,,,,,,,,,,,,,
,,,,,,,,,,,,,,,,,,,,,
,,,,,,,,,,,,,,,,,,,,,
,,,,,,,,,,,,,,,,,,,,,
,,,,,,,,,,,,,,,,,,,,,
,,,,,,,,,,,,,,,,,,,,,
,,,,,,,,,,,,,,,,,,,,,
,,,,,,,,,,,,,,,,,,,,,
,,,,,,,,,,,,,,,,,,,,,
,,,,,,,,,,,,,,,,,,,,,
,,,,,,,,,,,,,,,,,,,,,
,,,,,,,,,,,,,,,,,,,,,
,,,,,,,,,,,,,,,,,,,,,
,,,,,,,,,,,,,,,,,,,,,
,,,,,,,,,,,,,,,,,,,,,
,,,,,,,,,,,,,,,,,,,,,
,,,,,,,,,,,,,,,,,,,,,
,,,,,,,,,,,,,,,,,,,,,
,,,,,,,,,,,,,,,,,,,,,
,,,,,,,,,,,,,,,,,,,,,
,,,,,,,,,,,,,,,,,,,,,
,,,,,,,,,,,,,,,,,,,,,
,,,,,,,,,,,,,,,,,,,,,
,,,,,,,,,,,,,,,,,,,,,
,,,,,,,,,,,,,,,,,,,,,
,,,,,,,,,,,,,,,,,,,,,
,,,,,,,,,,,,,,,,,,,,,
,,,,,,,,,,,,,,,,,,,,,
,,,,,,,,,,,,,,,,,,,,,
,,,,,,,,,,,,,,,,,,,,,
,,,,,,,,,,,,,,,,,,,,,
,,,,,,,,,,,,,,,,,,,,,
,,,,,,,,,,,,,,,,,,,,,
,,,,,,,,,,,,,,,,,,,,,
,,,,,,,,,,,,,,,,,,,,,
,,,,,,,,,,,,,,,,,,,,,
,,,,,,,,,,,,,,,,,,,,,
,,,,,,,,,,,,,,,,,,,,,
,,,,,,,,,,,,,,,,,,,,,
,,,,,,,,,,,,,,,,,,,,,
,,,,,,,,,,,,,,,,,,,,,
,,,,,,,,,,,,,,,,,,,,,
,,,,,,,,,,,,,,,,,,,,,
,,,,,,,,,,,,,,,,,,,,,
,,,,,,,,,,,,,,,,,,,,,
,,,,,,,,,,,,,,,,,,,,,
,,,,,,,,,,,,,,,,,,,,,
,,,,,,,,,,,,,,,,,,,,,
,,,,,,,,,,,,,,,,,,,,,
,,,,,,,,,,,,,,,,,,,,,
,,,,,,,,,,,,,,,,,,,,,
,,,,,,,,,,,,,,,,,,,,,
,,,,,,,,,,,,,,,,,,,,,
,,,,,,,,,,,,,,,,,,,,,
,,,,,,,,,,,,,,,,,,,,,
,,,,,,,,,,,,,,,,,,,,,
,,,,,,,,,,,,,,,,,,,,,
,,,,,,,,,,,,,,,,,,,,,
,,,,,,,,,,,,,,,,,,,,,
,,,,,,,,,,,,,,,,,,,,,
,,,,,,,,,,,,,,,,,,,,,
,,,,,,,,,,,,,,,,,,,,,
,,,,,,,,,,,,,,,,,,,,,
,,,,,,,,,,,,,,,,,,,,,
,,,,,,,,,,,,,,,,,,,,,
,,,,,,,,,,,,,,,,,,,,,
,,,,,,,,,,,,,,,,,,,,,
,,,,,,,,,,,,,,,,,,,,,
,,,,,,,,,,,,,,,,,,,,,
,,,,,,,,,,,,,,,,,,,,,
,,,,,,,,,,,,,,,,,,,,,
,,,,,,,,,,,,,,,,,,,,,
,,,,,,,,,,,,,,,,,,,,,
,,,,,,,,,,,,,,,,,,,,,
,,,,,,,,,,,,,,,,,,,,,
,,,,,,,,,,,,,,,,,,,,,
,,,,,,,,,,,,,,,,,,,,,
,,,,,,,,,,,,,,,,,,,,,
,,,,,,,,,,,,,,,,,,,,,
,,,,,,,,,,,,,,,,,,,,,
,,,,,,,,,,,,,,,,,,,,,
,,,,,,,,,,,,,,,,,,,,,
,,,,,,,,,,,,,,,,,,,,,
,,,,,,,,,,,,,,,,,,,,,
,,,,,,,,,,,,,,,,,,,,,
,,,,,,,,,,,,,,,,,,,,,
,,,,,,,,,,,,,,,,,,,,,
,,,,,,,,,,,,,,,,,,,,,
,,,,,,,,,,,,,,,,,,,,,
,,,,,,,,,,,,,,,,,,,,,
,,,,,,,,,,,,,,,,,,,,,
,,,,,,,,,,,,,,,,,,,,,
,,,,,,,,,,,,,,,,,,,,,
,,,,,,,,,,,,,,,,,,,,,
,,,,,,,,,,,,,,,,,,,,,
,,,,,,,,,,,,,,,,,,,,,
,,,,,,,,,,,,,,,,,,,,,
,,,,,,,,,,,,,,,,,,,,,
,,,,,,,,,,,,,,,,,,,,,
,,,,,,,,,,,,,,,,,,,,,
,,,,,,,,,,,,,,,,,,,,,
,,,,,,,,,,,,,,,,,,,,,
,,,,,,,,,,,,,,,,,,,,,
,,,,,,,,,,,,,,,,,,,,,
,,,,,,,,,,,,,,,,,,,,,
,,,,,,,,,,,,,,,,,,,,,
,,,,,,,,,,,,,,,,,,,,,
,,,,,,,,,,,,,,,,,,,,,
,,,,,,,,,,,,,,,,,,,,,
,,,,,,,,,,,,,,,,,,,,,
,,,,,,,,,,,,,,,,,,,,,
,,,,,,,,,,,,,,,,,,,,,
,,,,,,,,,,,,,,,,,,,,,
,,,,,,,,,,,,,,,,,,,,,
,,,,,,,,,,,,,,,,,,,,,
,,,,,,,,,,,,,,,,,,,,,
,,,,,,,,,,,,,,,,,,,,,
,,,,,,,,,,,,,,,,,,,,,
,,,,,,,,,,,,,,,,,,,,,
,,,,,,,,,,,,,,,,,,,,,
,,,,,,,,,,,,,,,,,,,,,
,,,,,,,,,,,,,,,,,,,,,
,,,,,,,,,,,,,,,,,,,,,
,,,,,,,,,,,,,,,,,,,,,
,,,,,,,,,,,,,,,,,,,,,
,,,,,,,,,,,,,,,,,,,,,
,,,,,,,,,,,,,,,,,,,,,
,,,,,,,,,,,,,,,,,,,,,
,,,,,,,,,,,,,,,,,,,,,
,,,,,,,,,,,,,,,,,,,,,
,,,,,,,,,,,,,,,,,,,,,
,,,,,,,,,,,,,,,,,,,,,
,,,,,,,,,,,,,,,,,,,,,
,,,,,,,,,,,,,,,,,,,,,
,,,,,,,,,,,,,,,,,,,,,
,,,,,,,,,,,,,,,,,,,,,
,,,,,,,,,,,,,,,,,,,,,
,,,,,,,,,,,,,,,,,,,,,
,,,,,,,,,,,,,,,,,,,,,
,,,,,,,,,,,,,,,,,,,,,
,,,,,,,,,,,,,,,,,,,,,
,,,,,,,,,,,,,,,,,,,,,
,,,,,,,,,,,,,,,,,,,,,
,,,,,,,,,,,,,,,,,,,,,
,,,,,,,,,,,,,,,,,,,,,
,,,,,,,,,,,,,,,,,,,,,
,,,,,,,,,,,,,,,,,,,,,
,,,,,,,,,,,,,,,,,,,,,
,,,,,,,,,,,,,,,,,,,,,
,,,,,,,,,,,,,,,,,,,,,
,,,,,,,,,,,,,,,,,,,,,
,,,,,,,,,,,,,,,,,,,,,
,,,,,,,,,,,,,,,,,,,,,
,,,,,,,,,,,,,,,,,,,,,
,,,,,,,,,,,,,,,,,,,,,
,,,,,,,,,,,,,,,,,,,,,
,,,,,,,,,,,,,,,,,,,,,
,,,,,,,,,,,,,,,,,,,,,
,,,,,,,,,,,,,,,,,,,,,
,,,,,,,,,,,,,,,,,,,,,
,,,,,,,,,,,,,,,,,,,,,
,,,,,,,,,,,,,,,,,,,,,
,,,,,,,,,,,,,,,,,,,,,
,,,,,,,,,,,,,,,,,,,,,
,,,,,,,,,,,,,,,,,,,,,
,,,,,,,,,,,,,,,,,,,,,
,,,,,,,,,,,,,,,,,,,,,
,,,,,,,,,,,,,,,,,,,,,
,,,,,,,,,,,,,,,,,,,,,
,,,,,,,,,,,,,,,,,,,,,
,,,,,,,,,,,,,,,,,,,,,
,,,,,,,,,,,,,,,,,,,,,
,,,,,,,,,,,,,,,,,,,,,
,,,,,,,,,,,,,,,,,,,,,
,,,,,,,,,,,,,,,,,,,,,
,,,,,,,,,,,,,,,,,,,,,
,,,,,,,,,,,,,,,,,,,,,
,,,,,,,,,,,,,,,,,,,,,
,,,,,,,,,,,,,,,,,,,,,
,,,,,,,,,,,,,,,,,,,,,
,,,,,,,,,,,,,,,,,,,,,
,,,,,,,,,,,,,,,,,,,,,
,,,,,,,,,,,,,,,,,,,,,
,,,,,,,,,,,,,,,,,,,,,
,,,,,,,,,,,,,,,,,,,,,
,,,,,,,,,,,,,,,,,,,,,
,,,,,,,,,,,,,,,,,,,,,
,,,,,,,,,,,,,,,,,,,,,
,,,,,,,,,,,,,,,,,,,,,
,,,,,,,,,,,,,,,,,,,,,
,,,,,,,,,,,,,,,,,,,,,
,,,,,,,,,,,,,,,,,,,,,
,,,,,,,,,,,,,,,,,,,,,
,,,,,,,,,,,,,,,,,,,,,
,,,,,,,,,,,,,,,,,,,,,
,,,,,,,,,,,,,,,,,,,,,
,,,,,,,,,,,,,,,,,,,,,
,,,,,,,,,,,,,,,,,,,,,
,,,,,,,,,,,,,,,,,,,,,
,,,,,,,,,,,,,,,,,,,,,
,,,,,,,,,,,,,,,,,,,,,
,,,,,,,,,,,,,,,,,,,,,
,,,,,,,,,,,,,,,,,,,,,
,,,,,,,,,,,,,,,,,,,,,
,,,,,,,,,,,,,,,,,,,,,
,,,,,,,,,,,,,,,,,,,,,
,,,,,,,,,,,,,,,,,,,,,
,,,,,,,,,,,,,,,,,,,,,
,,,,,,,,,,,,,,,,,,,,,
,,,,,,,,,,,,,,,,,,,,,
,,,,,,,,,,,,,,,,,,,,,
,,,,,,,,,,,,,,,,,,,,,
,,,,,,,,,,,,,,,,,,,,,
,,,,,,,,,,,,,,,,,,,,,
,,,,,,,,,,,,,,,,,,,,,
,,,,,,,,,,,,,,,,,,,,,
,,,,,,,,,,,,,,,,,,,,,
,,,,,,,,,,,,,,,,,,,,,
,,,,,,,,,,,,,,,,,,,,,
,,,,,,,,,,,,,,,,,,,,,
,,,,,,,,,,,,,,,,,,,,,
,,,,,,,,,,,,,,,,,,,,,
,,,,,,,,,,,,,,,,,,,,,
,,,,,,,,,,,,,,,,,,,,,
,,,,,,,,,,,,,,,,,,,,,
,,,,,,,,,,,,,,,,,,,,,
,,,,,,,,,,,,,,,,,,,,,
,,,,,,,,,,,,,,,,,,,,,
,,,,,,,,,,,,,,,,,,,,,
,,,,,,,,,,,,,,,,,,,,,
,,,,,,,,,,,,,,,,,,,,,
,,,,,,,,,,,,,,,,,,,,,
,,,,,,,,,,,,,,,,,,,,,
,,,,,,,,,,,,,,,,,,,,,
,,,,,,,,,,,,,,,,,,,,,
,,,,,,,,,,,,,,,,,,,,,
,,,,,,,,,,,,,,,,,,,,,
,,,,,,,,,,,,,,,,,,,,,
,,,,,,,,,,,,,,,,,,,,,
,,,,,,,,,,,,,,,,,,,,,
,,,,,,,,,,,,,,,,,,,,,
,,,,,,,,,,,,,,,,,,,,,
,,,,,,,,,,,,,,,,,,,,,
,,,,,,,,,,,,,,,,,,,,,
,,,,,,,,,,,,,,,,,,,,,
,,,,,,,,,,,,,,,,,,,,,
,,,,,,,,,,,,,,,,,,,,,
,,,,,,,,,,,,,,,,,,,,,
,,,,,,,,,,,,,,,,,,,,,
,,,,,,,,,,,,,,,,,,,,,
,,,,,,,,,,,,,,,,,,,,,
,,,,,,,,,,,,,,,,,,,,,
,,,,,,,,,,,,,,,,,,,,,
,,,,,,,,,,,,,,,,,,,,,
,,,,,,,,,,,,,,,,,,,,,
,,,,,,,,,,,,,,,,,,,,,
,,,,,,,,,,,,,,,,,,,,,
,,,,,,,,,,,,,,,,,,,,,
,,,,,,,,,,,,,,,,,,,,,
,,,,,,,,,,,,,,,,,,,,,
,,,,,,,,,,,,,,,,,,,,,
,,,,,,,,,,,,,,,,,,,,,
,,,,,,,,,,,,,,,,,,,,,
,,,,,,,,,,,,,,,,,,,,,
,,,,,,,,,,,,,,,,,,,,,
,,,,,,,,,,,,,,,,,,,,,
,,,,,,,,,,,,,,,,,,,,,
,,,,,,,,,,,,,,,,,,,,,
,,,,,,,,,,,,,,,,,,,,,
,,,,,,,,,,,,,,,,,,,,,
,,,,,,,,,,,,,,,,,,,,,
,,,,,,,,,,,,,,,,,,,,,
,,,,,,,,,,,,,,,,,,,,,
,,,,,,,,,,,,,,,,,,,,,
,,,,,,,,,,,,,,,,,,,,,
,,,,,,,,,,,,,,,,,,,,,
,,,,,,,,,,,,,,,,,,,,,
,,,,,,,,,,,,,,,,,,,,,
,,,,,,,,,,,,,,,,,,,,,
,,,,,,,,,,,,,,,,,,,,,
,,,,,,,,,,,,,,,,,,,,,
,,,,,,,,,,,,,,,,,,,,,
,,,,,,,,,,,,,,,,,,,,,
,,,,,,,,,,,,,,,,,,,,,
,,,,,,,,,,,,,,,,,,,,,
,,,,,,,,,,,,,,,,,,,,,
,,,,,,,,,,,,,,,,,,,,,
,,,,,,,,,,,,,,,,,,,,,
,,,,,,,,,,,,,,,,,,,,,
,,,,,,,,,,,,,,,,,,,,,
,,,,,,,,,,,,,,,,,,,,,
,,,,,,,,,,,,,,,,,,,,,
,,,,,,,,,,,,,,,,,,,,,
,,,,,,,,,,,,,,,,,,,,,
,,,,,,,,,,,,,,,,,,,,,
,,,,,,,,,,,,,,,,,,,,,
,,,,,,,,,,,,,,,,,,,,,
,,,,,,,,,,,,,,,,,,,,,
,,,,,,,,,,,,,,,,,,,,,
,,,,,,,,,,,,,,,,,,,,,
,,,,,,,,,,,,,,,,,,,,,
,,,,,,,,,,,,,,,,,,,,,
,,,,,,,,,,,,,,,,,,,,,
,,,,,,,,,,,,,,,,,,,,,
,,,,,,,,,,,,,,,,,,,,,
,,,,,,,,,,,,,,,,,,,,,
,,,,,,,,,,,,,,,,,,,,,
,,,,,,,,,,,,,,,,,,,,,
,,,,,,,,,,,,,,,,,,,,,
,,,,,,,,,,,,,,,,,,,,,
,,,,,,,,,,,,,,,,,,,,,
,,,,,,,,,,,,,,,,,,,,,
,,,,,,,,,,,,,,,,,,,,,
,,,,,,,,,,,,,,,,,,,,,
,,,,,,,,,,,,,,,,,,,,,
,,,,,,,,,,,,,,,,,,,,,
,,,,,,,,,,,,,,,,,,,,,
,,,,,,,,,,,,,,,,,,,,,
,,,,,,,,,,,,,,,,,,,,,
,,,,,,,,,,,,,,,,,,,,,
